season,round,race_name,circuit,country,date,driver_id,driver_name,nationality,constructor,grid_position,finish_position,points,laps_completed,status,fastest_lap_rank,fastest_lap_time
2018,1,Australian Grand Prix,Albert Park Grand Prix Circuit,Australia,2018-03-25,vettel,Sebastian Vettel,German,Ferrari,3.0,1,25.0,58,Finished,4.0,1:26.469
2018,1,Australian Grand Prix,Albert Park Grand Prix Circuit,Australia,2018-03-25,hamilton,Lewis Hamilton,British,Mercedes,1.0,2,18.0,58,Finished,3.0,1:26.444
2018,1,Australian Grand Prix,Albert Park Grand Prix Circuit,Australia,2018-03-25,raikkonen,Kimi Räikkönen,Finnish,Ferrari,2.0,3,15.0,58,Finished,2.0,1:26.373
2018,1,Australian Grand Prix,Albert Park Grand Prix Circuit,Australia,2018-03-25,ricciardo,Daniel Ricciardo,Australian,Red Bull,8.0,4,12.0,58,Finished,1.0,1:25.945
2018,1,Australian Grand Prix,Albert Park Grand Prix Circuit,Australia,2018-03-25,alonso,Fernando Alonso,Spanish,McLaren,10.0,5,10.0,58,Finished,7.0,1:26.978
2018,1,Australian Grand Prix,Albert Park Grand Prix Circuit,Australia,2018-03-25,max_verstappen,Max Verstappen,Dutch,Red Bull,4.0,6,8.0,58,Finished,5.0,1:26.880
2018,1,Australian Grand Prix,Albert Park Grand Prix Circuit,Australia,2018-03-25,hulkenberg,Nico Hülkenberg,German,Renault,7.0,7,6.0,58,Finished,9.0,1:27.081
2018,1,Australian Grand Prix,Albert Park Grand Prix Circuit,Australia,2018-03-25,bottas,Valtteri Bottas,Finnish,Mercedes,15.0,8,4.0,58,Finished,8.0,1:27.019
2018,1,Australian Grand Prix,Albert Park Grand Prix Circuit,Australia,2018-03-25,vandoorne,Stoffel Vandoorne,Belgian,McLaren,11.0,9,2.0,58,Finished,6.0,1:26.958
2018,1,Australian Grand Prix,Albert Park Grand Prix Circuit,Australia,2018-03-25,sainz,Carlos Sainz,Spanish,Renault,9.0,10,1.0,58,Finished,12.0,1:27.944
2018,1,Australian Grand Prix,Albert Park Grand Prix Circuit,Australia,2018-03-25,perez,Sergio Pérez,Mexican,Force India,12.0,11,0.0,58,Finished,11.0,1:27.633
2018,1,Australian Grand Prix,Albert Park Grand Prix Circuit,Australia,2018-03-25,ocon,Esteban Ocon,French,Force India,14.0,12,0.0,58,Finished,10.0,1:27.600
2018,1,Australian Grand Prix,Albert Park Grand Prix Circuit,Australia,2018-03-25,leclerc,Charles Leclerc,Monegasque,Sauber,18.0,13,0.0,58,Finished,15.0,1:28.759
2018,1,Australian Grand Prix,Albert Park Grand Prix Circuit,Australia,2018-03-25,stroll,Lance Stroll,Canadian,Williams,13.0,14,0.0,58,Finished,14.0,1:28.511
2018,1,Australian Grand Prix,Albert Park Grand Prix Circuit,Australia,2018-03-25,brendon_hartley,Brendon Hartley,New Zealander,Toro Rosso,16.0,15,0.0,57,+1 Lap,13.0,1:28.176
2018,1,Australian Grand Prix,Albert Park Grand Prix Circuit,Australia,2018-03-25,grosjean,Romain Grosjean,French,Haas F1 Team,6.0,16,0.0,24,Wheel,16.0,1:28.805
2018,1,Australian Grand Prix,Albert Park Grand Prix Circuit,Australia,2018-03-25,kevin_magnussen,Kevin Magnussen,Danish,Haas F1 Team,5.0,17,0.0,22,Wheel,17.0,1:29.534
2018,1,Australian Grand Prix,Albert Park Grand Prix Circuit,Australia,2018-03-25,gasly,Pierre Gasly,French,Toro Rosso,20.0,18,0.0,13,Engine,18.0,1:30.649
2018,1,Australian Grand Prix,Albert Park Grand Prix Circuit,Australia,2018-03-25,ericsson,Marcus Ericsson,Swedish,Sauber,17.0,19,0.0,5,Steering,19.0,1:32.210
2018,1,Australian Grand Prix,Albert Park Grand Prix Circuit,Australia,2018-03-25,sirotkin,Sergey Sirotkin,Russian,Williams,19.0,20,0.0,4,Brakes,20.0,1:32.573
2018,2,Bahrain Grand Prix,Bahrain International Circuit,Bahrain,2018-04-08,vettel,Sebastian Vettel,German,Ferrari,1.0,1,25.0,57,Finished,7.0,1:34.453
2018,2,Bahrain Grand Prix,Bahrain International Circuit,Bahrain,2018-04-08,bottas,Valtteri Bottas,Finnish,Mercedes,3.0,2,18.0,57,Finished,1.0,1:33.740
2018,2,Bahrain Grand Prix,Bahrain International Circuit,Bahrain,2018-04-08,hamilton,Lewis Hamilton,British,Mercedes,9.0,3,15.0,57,Finished,2.0,1:33.953
2018,2,Bahrain Grand Prix,Bahrain International Circuit,Bahrain,2018-04-08,gasly,Pierre Gasly,French,Toro Rosso,5.0,4,12.0,57,Finished,11.0,1:34.863
2018,2,Bahrain Grand Prix,Bahrain International Circuit,Bahrain,2018-04-08,kevin_magnussen,Kevin Magnussen,Danish,Haas F1 Team,6.0,5,10.0,57,Finished,5.0,1:34.327
2018,2,Bahrain Grand Prix,Bahrain International Circuit,Bahrain,2018-04-08,hulkenberg,Nico Hülkenberg,German,Renault,7.0,6,8.0,57,Finished,9.0,1:34.667
2018,2,Bahrain Grand Prix,Bahrain International Circuit,Bahrain,2018-04-08,alonso,Fernando Alonso,Spanish,McLaren,13.0,7,6.0,56,+1 Lap,4.0,1:34.168
2018,2,Bahrain Grand Prix,Bahrain International Circuit,Bahrain,2018-04-08,vandoorne,Stoffel Vandoorne,Belgian,McLaren,14.0,8,4.0,56,+1 Lap,16.0,1:35.131
2018,2,Bahrain Grand Prix,Bahrain International Circuit,Bahrain,2018-04-08,ericsson,Marcus Ericsson,Swedish,Sauber,17.0,9,2.0,56,+1 Lap,15.0,1:35.093
2018,2,Bahrain Grand Prix,Bahrain International Circuit,Bahrain,2018-04-08,ocon,Esteban Ocon,French,Force India,8.0,10,1.0,56,+1 Lap,12.0,1:35.043
2018,2,Bahrain Grand Prix,Bahrain International Circuit,Bahrain,2018-04-08,sainz,Carlos Sainz,Spanish,Renault,10.0,11,0.0,56,+1 Lap,18.0,1:35.535
2018,2,Bahrain Grand Prix,Bahrain International Circuit,Bahrain,2018-04-08,leclerc,Charles Leclerc,Monegasque,Sauber,19.0,12,0.0,56,+1 Lap,14.0,1:35.075
2018,2,Bahrain Grand Prix,Bahrain International Circuit,Bahrain,2018-04-08,grosjean,Romain Grosjean,French,Haas F1 Team,16.0,13,0.0,56,+1 Lap,10.0,1:34.689
2018,2,Bahrain Grand Prix,Bahrain International Circuit,Bahrain,2018-04-08,stroll,Lance Stroll,Canadian,Williams,20.0,14,0.0,56,+1 Lap,13.0,1:35.058
2018,2,Bahrain Grand Prix,Bahrain International Circuit,Bahrain,2018-04-08,sirotkin,Sergey Sirotkin,Russian,Williams,18.0,15,0.0,56,+1 Lap,3.0,1:34.053
2018,2,Bahrain Grand Prix,Bahrain International Circuit,Bahrain,2018-04-08,perez,Sergio Pérez,Mexican,Force India,12.0,16,0.0,56,+1 Lap,17.0,1:35.266
2018,2,Bahrain Grand Prix,Bahrain International Circuit,Bahrain,2018-04-08,brendon_hartley,Brendon Hartley,New Zealander,Toro Rosso,11.0,17,0.0,56,+1 Lap,8.0,1:34.563
2018,2,Bahrain Grand Prix,Bahrain International Circuit,Bahrain,2018-04-08,raikkonen,Kimi Räikkönen,Finnish,Ferrari,2.0,18,0.0,35,Wheel,6.0,1:34.337
2018,2,Bahrain Grand Prix,Bahrain International Circuit,Bahrain,2018-04-08,max_verstappen,Max Verstappen,Dutch,Red Bull,15.0,19,0.0,3,Puncture,,
2018,2,Bahrain Grand Prix,Bahrain International Circuit,Bahrain,2018-04-08,ricciardo,Daniel Ricciardo,Australian,Red Bull,4.0,20,0.0,1,Electrical,,
2018,3,Chinese Grand Prix,Shanghai International Circuit,China,2018-04-15,ricciardo,Daniel Ricciardo,Australian,Red Bull,6.0,1,25.0,56,Finished,1.0,1:35.785
2018,3,Chinese Grand Prix,Shanghai International Circuit,China,2018-04-15,bottas,Valtteri Bottas,Finnish,Mercedes,3.0,2,18.0,56,Finished,6.0,1:36.987
2018,3,Chinese Grand Prix,Shanghai International Circuit,China,2018-04-15,raikkonen,Kimi Räikkönen,Finnish,Ferrari,2.0,3,15.0,56,Finished,3.0,1:36.456
2018,3,Chinese Grand Prix,Shanghai International Circuit,China,2018-04-15,hamilton,Lewis Hamilton,British,Mercedes,4.0,4,12.0,56,Finished,4.0,1:36.878
2018,3,Chinese Grand Prix,Shanghai International Circuit,China,2018-04-15,max_verstappen,Max Verstappen,Dutch,Red Bull,5.0,5,10.0,56,Finished,2.0,1:36.206
2018,3,Chinese Grand Prix,Shanghai International Circuit,China,2018-04-15,hulkenberg,Nico Hülkenberg,German,Renault,7.0,6,8.0,56,Finished,5.0,1:36.881
2018,3,Chinese Grand Prix,Shanghai International Circuit,China,2018-04-15,alonso,Fernando Alonso,Spanish,McLaren,13.0,7,6.0,56,Finished,7.0,1:37.234
2018,3,Chinese Grand Prix,Shanghai International Circuit,China,2018-04-15,vettel,Sebastian Vettel,German,Ferrari,1.0,8,4.0,56,Finished,9.0,1:37.479
2018,3,Chinese Grand Prix,Shanghai International Circuit,China,2018-04-15,sainz,Carlos Sainz,Spanish,Renault,9.0,9,2.0,56,Finished,11.0,1:37.754
2018,3,Chinese Grand Prix,Shanghai International Circuit,China,2018-04-15,kevin_magnussen,Kevin Magnussen,Danish,Haas F1 Team,11.0,10,1.0,56,Finished,14.0,1:38.152
2018,3,Chinese Grand Prix,Shanghai International Circuit,China,2018-04-15,ocon,Esteban Ocon,French,Force India,12.0,11,0.0,56,Finished,12.0,1:37.985
2018,3,Chinese Grand Prix,Shanghai International Circuit,China,2018-04-15,perez,Sergio Pérez,Mexican,Force India,8.0,12,0.0,56,Finished,10.0,1:37.673
2018,3,Chinese Grand Prix,Shanghai International Circuit,China,2018-04-15,vandoorne,Stoffel Vandoorne,Belgian,McLaren,14.0,13,0.0,56,Finished,13.0,1:38.137
2018,3,Chinese Grand Prix,Shanghai International Circuit,China,2018-04-15,stroll,Lance Stroll,Canadian,Williams,18.0,14,0.0,56,Finished,17.0,1:38.500
2018,3,Chinese Grand Prix,Shanghai International Circuit,China,2018-04-15,sirotkin,Sergey Sirotkin,Russian,Williams,16.0,15,0.0,56,Finished,18.0,1:38.624
2018,3,Chinese Grand Prix,Shanghai International Circuit,China,2018-04-15,ericsson,Marcus Ericsson,Swedish,Sauber,20.0,16,0.0,56,Finished,16.0,1:38.386
2018,3,Chinese Grand Prix,Shanghai International Circuit,China,2018-04-15,grosjean,Romain Grosjean,French,Haas F1 Team,10.0,17,0.0,56,Finished,8.0,1:37.410
2018,3,Chinese Grand Prix,Shanghai International Circuit,China,2018-04-15,gasly,Pierre Gasly,French,Toro Rosso,17.0,18,0.0,56,Finished,15.0,1:38.367
2018,3,Chinese Grand Prix,Shanghai International Circuit,China,2018-04-15,leclerc,Charles Leclerc,Monegasque,Sauber,19.0,19,0.0,56,Finished,19.0,1:38.808
2018,3,Chinese Grand Prix,Shanghai International Circuit,China,2018-04-15,brendon_hartley,Brendon Hartley,New Zealander,Toro Rosso,15.0,20,0.0,51,Collision damage,20.0,1:39.376
2018,4,Azerbaijan Grand Prix,Baku City Circuit,Azerbaijan,2018-04-29,hamilton,Lewis Hamilton,British,Mercedes,2.0,1,25.0,51,Finished,2.0,1:45.412
2018,4,Azerbaijan Grand Prix,Baku City Circuit,Azerbaijan,2018-04-29,raikkonen,Kimi Räikkönen,Finnish,Ferrari,6.0,2,18.0,51,Finished,7.0,1:46.523
2018,4,Azerbaijan Grand Prix,Baku City Circuit,Azerbaijan,2018-04-29,perez,Sergio Pérez,Mexican,Force India,8.0,3,15.0,51,Finished,6.0,1:46.206
2018,4,Azerbaijan Grand Prix,Baku City Circuit,Azerbaijan,2018-04-29,vettel,Sebastian Vettel,German,Ferrari,1.0,4,12.0,51,Finished,4.0,1:45.530
2018,4,Azerbaijan Grand Prix,Baku City Circuit,Azerbaijan,2018-04-29,sainz,Carlos Sainz,Spanish,Renault,9.0,5,10.0,51,Finished,9.0,1:46.856
2018,4,Azerbaijan Grand Prix,Baku City Circuit,Azerbaijan,2018-04-29,leclerc,Charles Leclerc,Monegasque,Sauber,13.0,6,8.0,51,Finished,11.0,1:47.403
2018,4,Azerbaijan Grand Prix,Baku City Circuit,Azerbaijan,2018-04-29,alonso,Fernando Alonso,Spanish,McLaren,12.0,7,6.0,51,Finished,12.0,1:47.449
2018,4,Azerbaijan Grand Prix,Baku City Circuit,Azerbaijan,2018-04-29,stroll,Lance Stroll,Canadian,Williams,10.0,8,4.0,51,Finished,8.0,1:46.815
2018,4,Azerbaijan Grand Prix,Baku City Circuit,Azerbaijan,2018-04-29,vandoorne,Stoffel Vandoorne,Belgian,McLaren,16.0,9,2.0,51,Finished,13.0,1:47.666
2018,4,Azerbaijan Grand Prix,Baku City Circuit,Azerbaijan,2018-04-29,brendon_hartley,Brendon Hartley,New Zealander,Toro Rosso,19.0,10,1.0,51,Finished,17.0,1:48.288
2018,4,Azerbaijan Grand Prix,Baku City Circuit,Azerbaijan,2018-04-29,ericsson,Marcus Ericsson,Swedish,Sauber,18.0,11,0.0,51,Finished,14.0,1:47.925
2018,4,Azerbaijan Grand Prix,Baku City Circuit,Azerbaijan,2018-04-29,gasly,Pierre Gasly,French,Toro Rosso,17.0,12,0.0,51,Finished,15.0,1:48.035
2018,4,Azerbaijan Grand Prix,Baku City Circuit,Azerbaijan,2018-04-29,kevin_magnussen,Kevin Magnussen,Danish,Haas F1 Team,15.0,13,0.0,51,Finished,16.0,1:48.155
2018,4,Azerbaijan Grand Prix,Baku City Circuit,Azerbaijan,2018-04-29,bottas,Valtteri Bottas,Finnish,Mercedes,3.0,14,0.0,48,Puncture,1.0,1:45.149
2018,4,Azerbaijan Grand Prix,Baku City Circuit,Azerbaijan,2018-04-29,grosjean,Romain Grosjean,French,Haas F1 Team,20.0,15,0.0,42,Accident,10.0,1:46.880
2018,4,Azerbaijan Grand Prix,Baku City Circuit,Azerbaijan,2018-04-29,max_verstappen,Max Verstappen,Dutch,Red Bull,5.0,16,0.0,39,Collision,5.0,1:45.771
2018,4,Azerbaijan Grand Prix,Baku City Circuit,Azerbaijan,2018-04-29,ricciardo,Daniel Ricciardo,Australian,Red Bull,4.0,17,0.0,39,Collision,3.0,1:45.419
2018,4,Azerbaijan Grand Prix,Baku City Circuit,Azerbaijan,2018-04-29,hulkenberg,Nico Hülkenberg,German,Renault,14.0,18,0.0,10,Accident,18.0,1:48.867
2018,4,Azerbaijan Grand Prix,Baku City Circuit,Azerbaijan,2018-04-29,ocon,Esteban Ocon,French,Force India,7.0,19,0.0,0,Collision,,
2018,4,Azerbaijan Grand Prix,Baku City Circuit,Azerbaijan,2018-04-29,sirotkin,Sergey Sirotkin,Russian,Williams,11.0,20,0.0,0,Collision,,
2018,5,Spanish Grand Prix,Circuit de Barcelona-Catalunya,Spain,2018-05-13,hamilton,Lewis Hamilton,British,Mercedes,1.0,1,25.0,66,Finished,3.0,1:19.133
2018,5,Spanish Grand Prix,Circuit de Barcelona-Catalunya,Spain,2018-05-13,bottas,Valtteri Bottas,Finnish,Mercedes,2.0,2,18.0,66,Finished,5.0,1:19.478
2018,5,Spanish Grand Prix,Circuit de Barcelona-Catalunya,Spain,2018-05-13,max_verstappen,Max Verstappen,Dutch,Red Bull,5.0,3,15.0,66,Finished,4.0,1:19.422
2018,5,Spanish Grand Prix,Circuit de Barcelona-Catalunya,Spain,2018-05-13,vettel,Sebastian Vettel,German,Ferrari,3.0,4,12.0,66,Finished,2.0,1:19.128
2018,5,Spanish Grand Prix,Circuit de Barcelona-Catalunya,Spain,2018-05-13,ricciardo,Daniel Ricciardo,Australian,Red Bull,6.0,5,10.0,66,Finished,1.0,1:18.441
2018,5,Spanish Grand Prix,Circuit de Barcelona-Catalunya,Spain,2018-05-13,kevin_magnussen,Kevin Magnussen,Danish,Haas F1 Team,7.0,6,8.0,65,+1 Lap,6.0,1:20.246
2018,5,Spanish Grand Prix,Circuit de Barcelona-Catalunya,Spain,2018-05-13,sainz,Carlos Sainz,Spanish,Renault,9.0,7,6.0,65,+1 Lap,9.0,1:21.324
2018,5,Spanish Grand Prix,Circuit de Barcelona-Catalunya,Spain,2018-05-13,alonso,Fernando Alonso,Spanish,McLaren,8.0,8,4.0,65,+1 Lap,7.0,1:20.727
2018,5,Spanish Grand Prix,Circuit de Barcelona-Catalunya,Spain,2018-05-13,perez,Sergio Pérez,Mexican,Force India,15.0,9,2.0,64,+2 Laps,8.0,1:21.128
2018,5,Spanish Grand Prix,Circuit de Barcelona-Catalunya,Spain,2018-05-13,leclerc,Charles Leclerc,Monegasque,Sauber,14.0,10,1.0,64,+2 Laps,14.0,1:22.122
2018,5,Spanish Grand Prix,Circuit de Barcelona-Catalunya,Spain,2018-05-13,stroll,Lance Stroll,Canadian,Williams,18.0,11,0.0,64,+2 Laps,12.0,1:22.095
2018,5,Spanish Grand Prix,Circuit de Barcelona-Catalunya,Spain,2018-05-13,brendon_hartley,Brendon Hartley,New Zealander,Toro Rosso,20.0,12,0.0,64,+2 Laps,10.0,1:21.439
2018,5,Spanish Grand Prix,Circuit de Barcelona-Catalunya,Spain,2018-05-13,ericsson,Marcus Ericsson,Swedish,Sauber,17.0,13,0.0,64,+2 Laps,15.0,1:22.487
2018,5,Spanish Grand Prix,Circuit de Barcelona-Catalunya,Spain,2018-05-13,sirotkin,Sergey Sirotkin,Russian,Williams,19.0,14,0.0,63,+3 Laps,17.0,1:22.680
2018,5,Spanish Grand Prix,Circuit de Barcelona-Catalunya,Spain,2018-05-13,vandoorne,Stoffel Vandoorne,Belgian,McLaren,11.0,15,0.0,45,Gearbox,16.0,1:22.594
2018,5,Spanish Grand Prix,Circuit de Barcelona-Catalunya,Spain,2018-05-13,ocon,Esteban Ocon,French,Force India,13.0,16,0.0,38,Oil leak,13.0,1:22.117
2018,5,Spanish Grand Prix,Circuit de Barcelona-Catalunya,Spain,2018-05-13,raikkonen,Kimi Räikkönen,Finnish,Ferrari,4.0,17,0.0,25,Turbo,11.0,1:21.531
2018,5,Spanish Grand Prix,Circuit de Barcelona-Catalunya,Spain,2018-05-13,grosjean,Romain Grosjean,French,Haas F1 Team,10.0,18,0.0,0,Collision,,
2018,5,Spanish Grand Prix,Circuit de Barcelona-Catalunya,Spain,2018-05-13,gasly,Pierre Gasly,French,Toro Rosso,12.0,19,0.0,0,Collision,,
2018,5,Spanish Grand Prix,Circuit de Barcelona-Catalunya,Spain,2018-05-13,hulkenberg,Nico Hülkenberg,German,Renault,16.0,20,0.0,0,Collision,,
2018,6,Monaco Grand Prix,Circuit de Monaco,Monaco,2018-05-27,ricciardo,Daniel Ricciardo,Australian,Red Bull,1.0,1,25.0,78,Finished,5.0,1:15.562
2018,6,Monaco Grand Prix,Circuit de Monaco,Monaco,2018-05-27,vettel,Sebastian Vettel,German,Ferrari,2.0,2,18.0,78,Finished,7.0,1:16.065
2018,6,Monaco Grand Prix,Circuit de Monaco,Monaco,2018-05-27,hamilton,Lewis Hamilton,British,Mercedes,3.0,3,15.0,78,Finished,8.0,1:16.270
2018,6,Monaco Grand Prix,Circuit de Monaco,Monaco,2018-05-27,raikkonen,Kimi Räikkönen,Finnish,Ferrari,4.0,4,12.0,78,Finished,10.0,1:16.392
2018,6,Monaco Grand Prix,Circuit de Monaco,Monaco,2018-05-27,bottas,Valtteri Bottas,Finnish,Mercedes,5.0,5,10.0,78,Finished,9.0,1:16.312
2018,6,Monaco Grand Prix,Circuit de Monaco,Monaco,2018-05-27,ocon,Esteban Ocon,French,Force India,6.0,6,8.0,78,Finished,14.0,1:17.027
2018,6,Monaco Grand Prix,Circuit de Monaco,Monaco,2018-05-27,gasly,Pierre Gasly,French,Toro Rosso,10.0,7,6.0,78,Finished,15.0,1:17.099
2018,6,Monaco Grand Prix,Circuit de Monaco,Monaco,2018-05-27,hulkenberg,Nico Hülkenberg,German,Renault,11.0,8,4.0,78,Finished,6.0,1:16.061
2018,6,Monaco Grand Prix,Circuit de Monaco,Monaco,2018-05-27,max_verstappen,Max Verstappen,Dutch,Red Bull,20.0,9,2.0,78,Finished,1.0,1:14.260
2018,6,Monaco Grand Prix,Circuit de Monaco,Monaco,2018-05-27,sainz,Carlos Sainz,Spanish,Renault,8.0,10,1.0,78,Finished,18.0,1:17.491
2018,6,Monaco Grand Prix,Circuit de Monaco,Monaco,2018-05-27,ericsson,Marcus Ericsson,Swedish,Sauber,16.0,11,0.0,78,Finished,12.0,1:16.936
2018,6,Monaco Grand Prix,Circuit de Monaco,Monaco,2018-05-27,perez,Sergio Pérez,Mexican,Force India,9.0,12,0.0,78,Finished,19.0,1:17.546
2018,6,Monaco Grand Prix,Circuit de Monaco,Monaco,2018-05-27,kevin_magnussen,Kevin Magnussen,Danish,Haas F1 Team,19.0,13,0.0,78,Finished,17.0,1:17.476
2018,6,Monaco Grand Prix,Circuit de Monaco,Monaco,2018-05-27,vandoorne,Stoffel Vandoorne,Belgian,McLaren,12.0,14,0.0,77,+1 Lap,11.0,1:16.864
2018,6,Monaco Grand Prix,Circuit de Monaco,Monaco,2018-05-27,grosjean,Romain Grosjean,French,Haas F1 Team,18.0,15,0.0,77,+1 Lap,2.0,1:14.822
2018,6,Monaco Grand Prix,Circuit de Monaco,Monaco,2018-05-27,sirotkin,Sergey Sirotkin,Russian,Williams,13.0,16,0.0,77,+1 Lap,4.0,1:15.325
2018,6,Monaco Grand Prix,Circuit de Monaco,Monaco,2018-05-27,stroll,Lance Stroll,Canadian,Williams,17.0,17,0.0,76,+2 Laps,3.0,1:14.944
2018,6,Monaco Grand Prix,Circuit de Monaco,Monaco,2018-05-27,leclerc,Charles Leclerc,Monegasque,Sauber,14.0,18,0.0,70,Collision,20.0,1:17.710
2018,6,Monaco Grand Prix,Circuit de Monaco,Monaco,2018-05-27,brendon_hartley,Brendon Hartley,New Zealander,Toro Rosso,15.0,19,0.0,70,Collision,16.0,1:17.172
2018,6,Monaco Grand Prix,Circuit de Monaco,Monaco,2018-05-27,alonso,Fernando Alonso,Spanish,McLaren,7.0,20,0.0,52,Gearbox,13.0,1:17.018
2018,7,Canadian Grand Prix,Circuit Gilles Villeneuve,Canada,2018-06-10,vettel,Sebastian Vettel,German,Ferrari,1.0,1,25.0,68,Finished,2.0,1:13.964
2018,7,Canadian Grand Prix,Circuit Gilles Villeneuve,Canada,2018-06-10,bottas,Valtteri Bottas,Finnish,Mercedes,2.0,2,18.0,68,Finished,3.0,1:13.992
2018,7,Canadian Grand Prix,Circuit Gilles Villeneuve,Canada,2018-06-10,max_verstappen,Max Verstappen,Dutch,Red Bull,3.0,3,15.0,68,Finished,1.0,1:13.864
2018,7,Canadian Grand Prix,Circuit Gilles Villeneuve,Canada,2018-06-10,ricciardo,Daniel Ricciardo,Australian,Red Bull,6.0,4,12.0,68,Finished,5.0,1:14.159
2018,7,Canadian Grand Prix,Circuit Gilles Villeneuve,Canada,2018-06-10,hamilton,Lewis Hamilton,British,Mercedes,4.0,5,10.0,68,Finished,6.0,1:14.183
2018,7,Canadian Grand Prix,Circuit Gilles Villeneuve,Canada,2018-06-10,raikkonen,Kimi Räikkönen,Finnish,Ferrari,5.0,6,8.0,68,Finished,4.0,1:14.075
2018,7,Canadian Grand Prix,Circuit Gilles Villeneuve,Canada,2018-06-10,hulkenberg,Nico Hülkenberg,German,Renault,7.0,7,6.0,67,+1 Lap,11.0,1:15.588
2018,7,Canadian Grand Prix,Circuit Gilles Villeneuve,Canada,2018-06-10,sainz,Carlos Sainz,Spanish,Renault,9.0,8,4.0,67,+1 Lap,13.0,1:15.666
2018,7,Canadian Grand Prix,Circuit Gilles Villeneuve,Canada,2018-06-10,ocon,Esteban Ocon,French,Force India,8.0,9,2.0,67,+1 Lap,12.0,1:15.610
2018,7,Canadian Grand Prix,Circuit Gilles Villeneuve,Canada,2018-06-10,leclerc,Charles Leclerc,Monegasque,Sauber,13.0,10,1.0,67,+1 Lap,10.0,1:15.480
2018,7,Canadian Grand Prix,Circuit Gilles Villeneuve,Canada,2018-06-10,gasly,Pierre Gasly,French,Toro Rosso,16.0,11,0.0,67,+1 Lap,14.0,1:15.699
2018,7,Canadian Grand Prix,Circuit Gilles Villeneuve,Canada,2018-06-10,grosjean,Romain Grosjean,French,Haas F1 Team,20.0,12,0.0,67,+1 Lap,9.0,1:15.470
2018,7,Canadian Grand Prix,Circuit Gilles Villeneuve,Canada,2018-06-10,kevin_magnussen,Kevin Magnussen,Danish,Haas F1 Team,11.0,13,0.0,67,+1 Lap,8.0,1:15.401
2018,7,Canadian Grand Prix,Circuit Gilles Villeneuve,Canada,2018-06-10,perez,Sergio Pérez,Mexican,Force India,10.0,14,0.0,67,+1 Lap,7.0,1:15.100
2018,7,Canadian Grand Prix,Circuit Gilles Villeneuve,Canada,2018-06-10,ericsson,Marcus Ericsson,Swedish,Sauber,19.0,15,0.0,66,+2 Laps,18.0,1:16.403
2018,7,Canadian Grand Prix,Circuit Gilles Villeneuve,Canada,2018-06-10,vandoorne,Stoffel Vandoorne,Belgian,McLaren,15.0,16,0.0,66,+2 Laps,15.0,1:15.765
2018,7,Canadian Grand Prix,Circuit Gilles Villeneuve,Canada,2018-06-10,sirotkin,Sergey Sirotkin,Russian,Williams,18.0,17,0.0,66,+2 Laps,16.0,1:15.924
2018,7,Canadian Grand Prix,Circuit Gilles Villeneuve,Canada,2018-06-10,alonso,Fernando Alonso,Spanish,McLaren,14.0,18,0.0,40,Exhaust,17.0,1:16.180
2018,7,Canadian Grand Prix,Circuit Gilles Villeneuve,Canada,2018-06-10,brendon_hartley,Brendon Hartley,New Zealander,Toro Rosso,12.0,19,0.0,0,Collision,,
2018,7,Canadian Grand Prix,Circuit Gilles Villeneuve,Canada,2018-06-10,stroll,Lance Stroll,Canadian,Williams,17.0,20,0.0,0,Collision,,
2018,8,French Grand Prix,Circuit Paul Ricard,France,2018-06-24,hamilton,Lewis Hamilton,British,Mercedes,1.0,1,25.0,53,Finished,5.0,1:34.509
2018,8,French Grand Prix,Circuit Paul Ricard,France,2018-06-24,max_verstappen,Max Verstappen,Dutch,Red Bull,4.0,2,18.0,53,Finished,2.0,1:34.275
2018,8,French Grand Prix,Circuit Paul Ricard,France,2018-06-24,raikkonen,Kimi Räikkönen,Finnish,Ferrari,6.0,3,15.0,53,Finished,3.0,1:34.398
2018,8,French Grand Prix,Circuit Paul Ricard,France,2018-06-24,ricciardo,Daniel Ricciardo,Australian,Red Bull,5.0,4,12.0,53,Finished,7.0,1:35.382
2018,8,French Grand Prix,Circuit Paul Ricard,France,2018-06-24,vettel,Sebastian Vettel,German,Ferrari,3.0,5,10.0,53,Finished,4.0,1:34.485
2018,8,French Grand Prix,Circuit Paul Ricard,France,2018-06-24,kevin_magnussen,Kevin Magnussen,Danish,Haas F1 Team,9.0,6,8.0,53,Finished,8.0,1:35.425
2018,8,French Grand Prix,Circuit Paul Ricard,France,2018-06-24,bottas,Valtteri Bottas,Finnish,Mercedes,2.0,7,6.0,53,Finished,1.0,1:34.225
2018,8,French Grand Prix,Circuit Paul Ricard,France,2018-06-24,sainz,Carlos Sainz,Spanish,Renault,7.0,8,4.0,53,Finished,9.0,1:35.638
2018,8,French Grand Prix,Circuit Paul Ricard,France,2018-06-24,hulkenberg,Nico Hülkenberg,German,Renault,12.0,9,2.0,53,Finished,11.0,1:35.873
2018,8,French Grand Prix,Circuit Paul Ricard,France,2018-06-24,leclerc,Charles Leclerc,Monegasque,Sauber,8.0,10,1.0,53,Finished,12.0,1:35.977
2018,8,French Grand Prix,Circuit Paul Ricard,France,2018-06-24,grosjean,Romain Grosjean,French,Haas F1 Team,10.0,11,0.0,52,+1 Lap,10.0,1:35.695
2018,8,French Grand Prix,Circuit Paul Ricard,France,2018-06-24,vandoorne,Stoffel Vandoorne,Belgian,McLaren,17.0,12,0.0,52,+1 Lap,14.0,1:36.675
2018,8,French Grand Prix,Circuit Paul Ricard,France,2018-06-24,ericsson,Marcus Ericsson,Swedish,Sauber,15.0,13,0.0,52,+1 Lap,13.0,1:36.494
2018,8,French Grand Prix,Circuit Paul Ricard,France,2018-06-24,brendon_hartley,Brendon Hartley,New Zealander,Toro Rosso,20.0,14,0.0,52,+1 Lap,15.0,1:36.839
2018,8,French Grand Prix,Circuit Paul Ricard,France,2018-06-24,sirotkin,Sergey Sirotkin,Russian,Williams,18.0,15,0.0,52,+1 Lap,16.0,1:38.300
2018,8,French Grand Prix,Circuit Paul Ricard,France,2018-06-24,alonso,Fernando Alonso,Spanish,McLaren,16.0,16,0.0,50,Wheel,6.0,1:35.133
2018,8,French Grand Prix,Circuit Paul Ricard,France,2018-06-24,stroll,Lance Stroll,Canadian,Williams,19.0,17,0.0,48,Puncture,18.0,1:38.319
2018,8,French Grand Prix,Circuit Paul Ricard,France,2018-06-24,perez,Sergio Pérez,Mexican,Force India,13.0,18,0.0,27,Engine,17.0,1:38.319
2018,8,French Grand Prix,Circuit Paul Ricard,France,2018-06-24,ocon,Esteban Ocon,French,Force India,11.0,19,0.0,0,Collision,,
2018,8,French Grand Prix,Circuit Paul Ricard,France,2018-06-24,gasly,Pierre Gasly,French,Toro Rosso,14.0,20,0.0,0,Collision,,
2018,9,Austrian Grand Prix,Red Bull Ring,Austria,2018-07-01,max_verstappen,Max Verstappen,Dutch,Red Bull,4.0,1,25.0,71,Finished,4.0,1:07.442
2018,9,Austrian Grand Prix,Red Bull Ring,Austria,2018-07-01,raikkonen,Kimi Räikkönen,Finnish,Ferrari,3.0,2,18.0,71,Finished,1.0,1:06.957
2018,9,Austrian Grand Prix,Red Bull Ring,Austria,2018-07-01,vettel,Sebastian Vettel,German,Ferrari,6.0,3,15.0,71,Finished,2.0,1:07.082
2018,9,Austrian Grand Prix,Red Bull Ring,Austria,2018-07-01,grosjean,Romain Grosjean,French,Haas F1 Team,5.0,4,12.0,70,+1 Lap,16.0,1:09.071
2018,9,Austrian Grand Prix,Red Bull Ring,Austria,2018-07-01,kevin_magnussen,Kevin Magnussen,Danish,Haas F1 Team,8.0,5,10.0,70,+1 Lap,7.0,1:08.476
2018,9,Austrian Grand Prix,Red Bull Ring,Austria,2018-07-01,ocon,Esteban Ocon,French,Force India,11.0,6,8.0,70,+1 Lap,11.0,1:08.850
2018,9,Austrian Grand Prix,Red Bull Ring,Austria,2018-07-01,perez,Sergio Pérez,Mexican,Force India,16.0,7,6.0,70,+1 Lap,8.0,1:08.504
2018,9,Austrian Grand Prix,Red Bull Ring,Austria,2018-07-01,alonso,Fernando Alonso,Spanish,McLaren,13.0,8,4.0,70,+1 Lap,9.0,1:08.661
2018,9,Austrian Grand Prix,Red Bull Ring,Austria,2018-07-01,leclerc,Charles Leclerc,Monegasque,Sauber,18.0,9,2.0,70,+1 Lap,14.0,1:09.006
2018,9,Austrian Grand Prix,Red Bull Ring,Austria,2018-07-01,ericsson,Marcus Ericsson,Swedish,Sauber,20.0,10,1.0,70,+1 Lap,6.0,1:08.216
2018,9,Austrian Grand Prix,Red Bull Ring,Austria,2018-07-01,gasly,Pierre Gasly,French,Toro Rosso,12.0,11,0.0,70,+1 Lap,19.0,1:09.295
2018,9,Austrian Grand Prix,Red Bull Ring,Austria,2018-07-01,sainz,Carlos Sainz,Spanish,Renault,9.0,12,0.0,70,+1 Lap,10.0,1:08.766
2018,9,Austrian Grand Prix,Red Bull Ring,Austria,2018-07-01,sirotkin,Sergey Sirotkin,Russian,Williams,17.0,13,0.0,69,+2 Laps,13.0,1:08.971
2018,9,Austrian Grand Prix,Red Bull Ring,Austria,2018-07-01,stroll,Lance Stroll,Canadian,Williams,14.0,14,0.0,69,+2 Laps,18.0,1:09.203
2018,9,Austrian Grand Prix,Red Bull Ring,Austria,2018-07-01,vandoorne,Stoffel Vandoorne,Belgian,McLaren,15.0,15,0.0,65,Collision damage,12.0,1:08.894
2018,9,Austrian Grand Prix,Red Bull Ring,Austria,2018-07-01,hamilton,Lewis Hamilton,British,Mercedes,2.0,16,0.0,62,Fuel pressure,3.0,1:07.241
2018,9,Austrian Grand Prix,Red Bull Ring,Austria,2018-07-01,brendon_hartley,Brendon Hartley,New Zealander,Toro Rosso,19.0,17,0.0,54,Hydraulics,17.0,1:09.171
2018,9,Austrian Grand Prix,Red Bull Ring,Austria,2018-07-01,ricciardo,Daniel Ricciardo,Australian,Red Bull,7.0,18,0.0,53,Exhaust,5.0,1:07.591
2018,9,Austrian Grand Prix,Red Bull Ring,Austria,2018-07-01,bottas,Valtteri Bottas,Finnish,Mercedes,1.0,19,0.0,13,Hydraulics,15.0,1:09.044
2018,9,Austrian Grand Prix,Red Bull Ring,Austria,2018-07-01,hulkenberg,Nico Hülkenberg,German,Renault,10.0,20,0.0,11,Engine,20.0,1:10.380
2018,10,British Grand Prix,Silverstone Circuit,UK,2018-07-08,vettel,Sebastian Vettel,German,Ferrari,2.0,1,25.0,52,Finished,1.0,1:30.696
2018,10,British Grand Prix,Silverstone Circuit,UK,2018-07-08,hamilton,Lewis Hamilton,British,Mercedes,1.0,2,18.0,52,Finished,3.0,1:31.245
2018,10,British Grand Prix,Silverstone Circuit,UK,2018-07-08,raikkonen,Kimi Räikkönen,Finnish,Ferrari,3.0,3,15.0,52,Finished,2.0,1:30.795
2018,10,British Grand Prix,Silverstone Circuit,UK,2018-07-08,bottas,Valtteri Bottas,Finnish,Mercedes,4.0,4,12.0,52,Finished,4.0,1:31.377
2018,10,British Grand Prix,Silverstone Circuit,UK,2018-07-08,ricciardo,Daniel Ricciardo,Australian,Red Bull,6.0,5,10.0,52,Finished,5.0,1:31.589
2018,10,British Grand Prix,Silverstone Circuit,UK,2018-07-08,hulkenberg,Nico Hülkenberg,German,Renault,11.0,6,8.0,52,Finished,7.0,1:33.405
2018,10,British Grand Prix,Silverstone Circuit,UK,2018-07-08,ocon,Esteban Ocon,French,Force India,10.0,7,6.0,52,Finished,13.0,1:33.606
2018,10,British Grand Prix,Silverstone Circuit,UK,2018-07-08,alonso,Fernando Alonso,Spanish,McLaren,13.0,8,4.0,52,Finished,10.0,1:33.482
2018,10,British Grand Prix,Silverstone Circuit,UK,2018-07-08,kevin_magnussen,Kevin Magnussen,Danish,Haas F1 Team,7.0,9,2.0,52,Finished,12.0,1:33.604
2018,10,British Grand Prix,Silverstone Circuit,UK,2018-07-08,perez,Sergio Pérez,Mexican,Force India,12.0,10,1.0,52,Finished,9.0,1:33.472
2018,10,British Grand Prix,Silverstone Circuit,UK,2018-07-08,vandoorne,Stoffel Vandoorne,Belgian,McLaren,17.0,11,0.0,52,Finished,11.0,1:33.551
2018,10,British Grand Prix,Silverstone Circuit,UK,2018-07-08,stroll,Lance Stroll,Canadian,Williams,19.0,12,0.0,52,Finished,15.0,1:33.869
2018,10,British Grand Prix,Silverstone Circuit,UK,2018-07-08,gasly,Pierre Gasly,French,Toro Rosso,14.0,13,0.0,52,Finished,8.0,1:33.465
2018,10,British Grand Prix,Silverstone Circuit,UK,2018-07-08,sirotkin,Sergey Sirotkin,Russian,Williams,18.0,14,0.0,52,Finished,18.0,1:34.620
2018,10,British Grand Prix,Silverstone Circuit,UK,2018-07-08,max_verstappen,Max Verstappen,Dutch,Red Bull,5.0,15,0.0,46,Brakes,6.0,1:32.007
2018,10,British Grand Prix,Silverstone Circuit,UK,2018-07-08,grosjean,Romain Grosjean,French,Haas F1 Team,8.0,16,0.0,37,Collision,16.0,1:34.391
2018,10,British Grand Prix,Silverstone Circuit,UK,2018-07-08,sainz,Carlos Sainz,Spanish,Renault,16.0,17,0.0,37,Collision,17.0,1:34.602
2018,10,British Grand Prix,Silverstone Circuit,UK,2018-07-08,ericsson,Marcus Ericsson,Swedish,Sauber,15.0,18,0.0,31,Accident,14.0,1:33.675
2018,10,British Grand Prix,Silverstone Circuit,UK,2018-07-08,leclerc,Charles Leclerc,Monegasque,Sauber,9.0,19,0.0,18,Tyre,19.0,1:35.209
2018,10,British Grand Prix,Silverstone Circuit,UK,2018-07-08,brendon_hartley,Brendon Hartley,New Zealander,Toro Rosso,,20,0.0,1,Power Unit,,
2018,11,German Grand Prix,Hockenheimring,Germany,2018-07-22,hamilton,Lewis Hamilton,British,Mercedes,14.0,1,25.0,67,Finished,1.0,1:15.545
2018,11,German Grand Prix,Hockenheimring,Germany,2018-07-22,bottas,Valtteri Bottas,Finnish,Mercedes,2.0,2,18.0,67,Finished,2.0,1:15.721
2018,11,German Grand Prix,Hockenheimring,Germany,2018-07-22,raikkonen,Kimi Räikkönen,Finnish,Ferrari,3.0,3,15.0,67,Finished,4.0,1:15.990
2018,11,German Grand Prix,Hockenheimring,Germany,2018-07-22,max_verstappen,Max Verstappen,Dutch,Red Bull,4.0,4,12.0,67,Finished,3.0,1:15.852
2018,11,German Grand Prix,Hockenheimring,Germany,2018-07-22,hulkenberg,Nico Hülkenberg,German,Renault,7.0,5,10.0,67,Finished,16.0,1:17.910
2018,11,German Grand Prix,Hockenheimring,Germany,2018-07-22,grosjean,Romain Grosjean,French,Haas F1 Team,6.0,6,8.0,67,Finished,5.0,1:16.716
2018,11,German Grand Prix,Hockenheimring,Germany,2018-07-22,perez,Sergio Pérez,Mexican,Force India,10.0,7,6.0,67,Finished,15.0,1:17.867
2018,11,German Grand Prix,Hockenheimring,Germany,2018-07-22,ocon,Esteban Ocon,French,Force India,15.0,8,4.0,67,Finished,17.0,1:17.941
2018,11,German Grand Prix,Hockenheimring,Germany,2018-07-22,ericsson,Marcus Ericsson,Swedish,Sauber,13.0,9,2.0,67,Finished,12.0,1:17.745
2018,11,German Grand Prix,Hockenheimring,Germany,2018-07-22,brendon_hartley,Brendon Hartley,New Zealander,Toro Rosso,17.0,10,1.0,67,Finished,9.0,1:17.681
2018,11,German Grand Prix,Hockenheimring,Germany,2018-07-22,kevin_magnussen,Kevin Magnussen,Danish,Haas F1 Team,5.0,11,0.0,67,Finished,10.0,1:17.697
2018,11,German Grand Prix,Hockenheimring,Germany,2018-07-22,sainz,Carlos Sainz,Spanish,Renault,8.0,12,0.0,67,Finished,7.0,1:17.430
2018,11,German Grand Prix,Hockenheimring,Germany,2018-07-22,vandoorne,Stoffel Vandoorne,Belgian,McLaren,19.0,13,0.0,67,Finished,8.0,1:17.537
2018,11,German Grand Prix,Hockenheimring,Germany,2018-07-22,gasly,Pierre Gasly,French,Toro Rosso,16.0,14,0.0,66,+1 Lap,13.0,1:17.762
2018,11,German Grand Prix,Hockenheimring,Germany,2018-07-22,leclerc,Charles Leclerc,Monegasque,Sauber,9.0,15,0.0,66,+1 Lap,14.0,1:17.852
2018,11,German Grand Prix,Hockenheimring,Germany,2018-07-22,alonso,Fernando Alonso,Spanish,McLaren,11.0,16,0.0,65,Retired,11.0,1:17.741
2018,11,German Grand Prix,Hockenheimring,Germany,2018-07-22,stroll,Lance Stroll,Canadian,Williams,18.0,17,0.0,53,Engine,19.0,1:18.861
2018,11,German Grand Prix,Hockenheimring,Germany,2018-07-22,vettel,Sebastian Vettel,German,Ferrari,1.0,18,0.0,51,Accident,6.0,1:17.290
2018,11,German Grand Prix,Hockenheimring,Germany,2018-07-22,sirotkin,Sergey Sirotkin,Russian,Williams,12.0,19,0.0,51,Engine,20.0,1:18.934
2018,11,German Grand Prix,Hockenheimring,Germany,2018-07-22,ricciardo,Daniel Ricciardo,Australian,Red Bull,20.0,20,0.0,27,Engine,18.0,1:18.262
2018,12,Hungarian Grand Prix,Hungaroring,Hungary,2018-07-29,hamilton,Lewis Hamilton,British,Mercedes,1.0,1,25.0,70,Finished,4.0,1:21.107
2018,12,Hungarian Grand Prix,Hungaroring,Hungary,2018-07-29,vettel,Sebastian Vettel,German,Ferrari,4.0,2,18.0,70,Finished,2.0,1:20.056
2018,12,Hungarian Grand Prix,Hungaroring,Hungary,2018-07-29,raikkonen,Kimi Räikkönen,Finnish,Ferrari,3.0,3,15.0,70,Finished,3.0,1:20.292
2018,12,Hungarian Grand Prix,Hungaroring,Hungary,2018-07-29,ricciardo,Daniel Ricciardo,Australian,Red Bull,12.0,4,12.0,70,Finished,1.0,1:20.012
2018,12,Hungarian Grand Prix,Hungaroring,Hungary,2018-07-29,bottas,Valtteri Bottas,Finnish,Mercedes,2.0,5,10.0,70,Finished,8.0,1:21.736
2018,12,Hungarian Grand Prix,Hungaroring,Hungary,2018-07-29,gasly,Pierre Gasly,French,Toro Rosso,6.0,6,8.0,70,Finished,7.0,1:21.685
2018,12,Hungarian Grand Prix,Hungaroring,Hungary,2018-07-29,kevin_magnussen,Kevin Magnussen,Danish,Haas F1 Team,9.0,7,6.0,69,+1 Lap,6.0,1:21.302
2018,12,Hungarian Grand Prix,Hungaroring,Hungary,2018-07-29,alonso,Fernando Alonso,Spanish,McLaren,11.0,8,4.0,69,+1 Lap,9.0,1:22.090
2018,12,Hungarian Grand Prix,Hungaroring,Hungary,2018-07-29,sainz,Carlos Sainz,Spanish,Renault,5.0,9,2.0,69,+1 Lap,13.0,1:22.774
2018,12,Hungarian Grand Prix,Hungaroring,Hungary,2018-07-29,grosjean,Romain Grosjean,French,Haas F1 Team,10.0,10,1.0,69,+1 Lap,10.0,1:22.606
2018,12,Hungarian Grand Prix,Hungaroring,Hungary,2018-07-29,brendon_hartley,Brendon Hartley,New Zealander,Toro Rosso,8.0,11,0.0,69,+1 Lap,11.0,1:22.612
2018,12,Hungarian Grand Prix,Hungaroring,Hungary,2018-07-29,hulkenberg,Nico Hülkenberg,German,Renault,13.0,12,0.0,69,+1 Lap,5.0,1:21.261
2018,12,Hungarian Grand Prix,Hungaroring,Hungary,2018-07-29,ocon,Esteban Ocon,French,Force India,18.0,13,0.0,69,+1 Lap,14.0,1:22.876
2018,12,Hungarian Grand Prix,Hungaroring,Hungary,2018-07-29,perez,Sergio Pérez,Mexican,Force India,19.0,14,0.0,69,+1 Lap,16.0,1:23.263
2018,12,Hungarian Grand Prix,Hungaroring,Hungary,2018-07-29,ericsson,Marcus Ericsson,Swedish,Sauber,14.0,15,0.0,68,+2 Laps,17.0,1:23.671
2018,12,Hungarian Grand Prix,Hungaroring,Hungary,2018-07-29,sirotkin,Sergey Sirotkin,Russian,Williams,20.0,16,0.0,68,+2 Laps,18.0,1:23.708
2018,12,Hungarian Grand Prix,Hungaroring,Hungary,2018-07-29,stroll,Lance Stroll,Canadian,Williams,15.0,17,0.0,68,+2 Laps,12.0,1:22.660
2018,12,Hungarian Grand Prix,Hungaroring,Hungary,2018-07-29,vandoorne,Stoffel Vandoorne,Belgian,McLaren,16.0,18,0.0,49,Gearbox,15.0,1:23.077
2018,12,Hungarian Grand Prix,Hungaroring,Hungary,2018-07-29,max_verstappen,Max Verstappen,Dutch,Red Bull,7.0,19,0.0,5,Power loss,19.0,1:23.985
2018,12,Hungarian Grand Prix,Hungaroring,Hungary,2018-07-29,leclerc,Charles Leclerc,Monegasque,Sauber,17.0,20,0.0,0,Suspension,,
2018,13,Belgian Grand Prix,Circuit de Spa-Francorchamps,Belgium,2018-08-26,vettel,Sebastian Vettel,German,Ferrari,2.0,1,25.0,44,Finished,2.0,1:46.644
2018,13,Belgian Grand Prix,Circuit de Spa-Francorchamps,Belgium,2018-08-26,hamilton,Lewis Hamilton,British,Mercedes,1.0,2,18.0,44,Finished,3.0,1:46.721
2018,13,Belgian Grand Prix,Circuit de Spa-Francorchamps,Belgium,2018-08-26,max_verstappen,Max Verstappen,Dutch,Red Bull,7.0,3,15.0,44,Finished,4.0,1:46.946
2018,13,Belgian Grand Prix,Circuit de Spa-Francorchamps,Belgium,2018-08-26,bottas,Valtteri Bottas,Finnish,Mercedes,19.0,4,12.0,44,Finished,1.0,1:46.286
2018,13,Belgian Grand Prix,Circuit de Spa-Francorchamps,Belgium,2018-08-26,perez,Sergio Pérez,Mexican,Force India,4.0,5,10.0,44,Finished,7.0,1:48.080
2018,13,Belgian Grand Prix,Circuit de Spa-Francorchamps,Belgium,2018-08-26,ocon,Esteban Ocon,French,Force India,3.0,6,8.0,44,Finished,6.0,1:48.078
2018,13,Belgian Grand Prix,Circuit de Spa-Francorchamps,Belgium,2018-08-26,grosjean,Romain Grosjean,French,Haas F1 Team,5.0,7,6.0,44,Finished,8.0,1:48.283
2018,13,Belgian Grand Prix,Circuit de Spa-Francorchamps,Belgium,2018-08-26,kevin_magnussen,Kevin Magnussen,Danish,Haas F1 Team,9.0,8,4.0,44,Finished,5.0,1:47.937
2018,13,Belgian Grand Prix,Circuit de Spa-Francorchamps,Belgium,2018-08-26,gasly,Pierre Gasly,French,Toro Rosso,10.0,9,2.0,44,Finished,9.0,1:48.588
2018,13,Belgian Grand Prix,Circuit de Spa-Francorchamps,Belgium,2018-08-26,ericsson,Marcus Ericsson,Swedish,Sauber,13.0,10,1.0,43,+1 Lap,11.0,1:48.694
2018,13,Belgian Grand Prix,Circuit de Spa-Francorchamps,Belgium,2018-08-26,sainz,Carlos Sainz,Spanish,Renault,14.0,11,0.0,43,+1 Lap,10.0,1:48.670
2018,13,Belgian Grand Prix,Circuit de Spa-Francorchamps,Belgium,2018-08-26,sirotkin,Sergey Sirotkin,Russian,Williams,16.0,12,0.0,43,+1 Lap,14.0,1:49.113
2018,13,Belgian Grand Prix,Circuit de Spa-Francorchamps,Belgium,2018-08-26,stroll,Lance Stroll,Canadian,Williams,17.0,13,0.0,43,+1 Lap,16.0,1:49.287
2018,13,Belgian Grand Prix,Circuit de Spa-Francorchamps,Belgium,2018-08-26,brendon_hartley,Brendon Hartley,New Zealander,Toro Rosso,11.0,14,0.0,43,+1 Lap,12.0,1:48.756
2018,13,Belgian Grand Prix,Circuit de Spa-Francorchamps,Belgium,2018-08-26,vandoorne,Stoffel Vandoorne,Belgian,McLaren,18.0,15,0.0,43,+1 Lap,13.0,1:48.956
2018,13,Belgian Grand Prix,Circuit de Spa-Francorchamps,Belgium,2018-08-26,ricciardo,Daniel Ricciardo,Australian,Red Bull,8.0,16,0.0,28,Retired,15.0,1:49.242
2018,13,Belgian Grand Prix,Circuit de Spa-Francorchamps,Belgium,2018-08-26,raikkonen,Kimi Räikkönen,Finnish,Ferrari,6.0,17,0.0,8,Brakes,17.0,1:54.320
2018,13,Belgian Grand Prix,Circuit de Spa-Francorchamps,Belgium,2018-08-26,leclerc,Charles Leclerc,Monegasque,Sauber,12.0,18,0.0,0,Accident,,
2018,13,Belgian Grand Prix,Circuit de Spa-Francorchamps,Belgium,2018-08-26,alonso,Fernando Alonso,Spanish,McLaren,15.0,19,0.0,0,Accident,,
2018,13,Belgian Grand Prix,Circuit de Spa-Francorchamps,Belgium,2018-08-26,hulkenberg,Nico Hülkenberg,German,Renault,20.0,20,0.0,0,Accident,,
2018,14,Italian Grand Prix,Autodromo Nazionale di Monza,Italy,2018-09-02,hamilton,Lewis Hamilton,British,Mercedes,3.0,1,25.0,53,Finished,1.0,1:22.497
2018,14,Italian Grand Prix,Autodromo Nazionale di Monza,Italy,2018-09-02,raikkonen,Kimi Räikkönen,Finnish,Ferrari,1.0,2,18.0,53,Finished,4.0,1:23.515
2018,14,Italian Grand Prix,Autodromo Nazionale di Monza,Italy,2018-09-02,bottas,Valtteri Bottas,Finnish,Mercedes,4.0,3,15.0,53,Finished,3.0,1:22.907
2018,14,Italian Grand Prix,Autodromo Nazionale di Monza,Italy,2018-09-02,vettel,Sebastian Vettel,German,Ferrari,2.0,4,12.0,53,Finished,2.0,1:22.505
2018,14,Italian Grand Prix,Autodromo Nazionale di Monza,Italy,2018-09-02,max_verstappen,Max Verstappen,Dutch,Red Bull,5.0,5,10.0,53,Finished,6.0,1:23.609
2018,14,Italian Grand Prix,Autodromo Nazionale di Monza,Italy,2018-09-02,ocon,Esteban Ocon,French,Force India,8.0,6,8.0,53,Finished,12.0,1:24.243
2018,14,Italian Grand Prix,Autodromo Nazionale di Monza,Italy,2018-09-02,perez,Sergio Pérez,Mexican,Force India,14.0,7,6.0,53,Finished,11.0,1:24.179
2018,14,Italian Grand Prix,Autodromo Nazionale di Monza,Italy,2018-09-02,sainz,Carlos Sainz,Spanish,Renault,7.0,8,4.0,53,Finished,5.0,1:23.529
2018,14,Italian Grand Prix,Autodromo Nazionale di Monza,Italy,2018-09-02,stroll,Lance Stroll,Canadian,Williams,10.0,9,2.0,52,+1 Lap,9.0,1:24.056
2018,14,Italian Grand Prix,Autodromo Nazionale di Monza,Italy,2018-09-02,sirotkin,Sergey Sirotkin,Russian,Williams,12.0,10,1.0,52,+1 Lap,14.0,1:24.580
2018,14,Italian Grand Prix,Autodromo Nazionale di Monza,Italy,2018-09-02,leclerc,Charles Leclerc,Monegasque,Sauber,15.0,11,0.0,52,+1 Lap,8.0,1:23.768
2018,14,Italian Grand Prix,Autodromo Nazionale di Monza,Italy,2018-09-02,vandoorne,Stoffel Vandoorne,Belgian,McLaren,17.0,12,0.0,52,+1 Lap,13.0,1:24.504
2018,14,Italian Grand Prix,Autodromo Nazionale di Monza,Italy,2018-09-02,hulkenberg,Nico Hülkenberg,German,Renault,20.0,13,0.0,52,+1 Lap,16.0,1:24.772
2018,14,Italian Grand Prix,Autodromo Nazionale di Monza,Italy,2018-09-02,gasly,Pierre Gasly,French,Toro Rosso,9.0,14,0.0,52,+1 Lap,10.0,1:24.059
2018,14,Italian Grand Prix,Autodromo Nazionale di Monza,Italy,2018-09-02,ericsson,Marcus Ericsson,Swedish,Sauber,18.0,15,0.0,52,+1 Lap,15.0,1:24.767
2018,14,Italian Grand Prix,Autodromo Nazionale di Monza,Italy,2018-09-02,kevin_magnussen,Kevin Magnussen,Danish,Haas F1 Team,11.0,16,0.0,52,+1 Lap,7.0,1:23.768
2018,14,Italian Grand Prix,Autodromo Nazionale di Monza,Italy,2018-09-02,ricciardo,Daniel Ricciardo,Australian,Red Bull,19.0,17,0.0,23,Engine,18.0,1:25.692
2018,14,Italian Grand Prix,Autodromo Nazionale di Monza,Italy,2018-09-02,alonso,Fernando Alonso,Spanish,McLaren,13.0,18,0.0,9,Engine,17.0,1:25.229
2018,14,Italian Grand Prix,Autodromo Nazionale di Monza,Italy,2018-09-02,brendon_hartley,Brendon Hartley,New Zealander,Toro Rosso,16.0,19,0.0,0,Brakes,19.0,1:27.009
2018,14,Italian Grand Prix,Autodromo Nazionale di Monza,Italy,2018-09-02,grosjean,Romain Grosjean,French,Haas F1 Team,6.0,20,0.0,53,Disqualified,,
2018,15,Singapore Grand Prix,Marina Bay Street Circuit,Singapore,2018-09-16,hamilton,Lewis Hamilton,British,Mercedes,1.0,1,25.0,61,Finished,2.0,1:42.913
2018,15,Singapore Grand Prix,Marina Bay Street Circuit,Singapore,2018-09-16,max_verstappen,Max Verstappen,Dutch,Red Bull,2.0,2,18.0,61,Finished,5.0,1:43.345
2018,15,Singapore Grand Prix,Marina Bay Street Circuit,Singapore,2018-09-16,vettel,Sebastian Vettel,German,Ferrari,3.0,3,15.0,61,Finished,6.0,1:44.669
2018,15,Singapore Grand Prix,Marina Bay Street Circuit,Singapore,2018-09-16,bottas,Valtteri Bottas,Finnish,Mercedes,4.0,4,12.0,61,Finished,8.0,1:44.720
2018,15,Singapore Grand Prix,Marina Bay Street Circuit,Singapore,2018-09-16,raikkonen,Kimi Räikkönen,Finnish,Ferrari,5.0,5,10.0,61,Finished,7.0,1:44.715
2018,15,Singapore Grand Prix,Marina Bay Street Circuit,Singapore,2018-09-16,ricciardo,Daniel Ricciardo,Australian,Red Bull,6.0,6,8.0,61,Finished,3.0,1:43.120
2018,15,Singapore Grand Prix,Marina Bay Street Circuit,Singapore,2018-09-16,alonso,Fernando Alonso,Spanish,McLaren,11.0,7,6.0,61,Finished,4.0,1:43.164
2018,15,Singapore Grand Prix,Marina Bay Street Circuit,Singapore,2018-09-16,sainz,Carlos Sainz,Spanish,Renault,12.0,8,4.0,60,+1 Lap,12.0,1:45.211
2018,15,Singapore Grand Prix,Marina Bay Street Circuit,Singapore,2018-09-16,leclerc,Charles Leclerc,Monegasque,Sauber,13.0,9,2.0,60,+1 Lap,11.0,1:45.203
2018,15,Singapore Grand Prix,Marina Bay Street Circuit,Singapore,2018-09-16,hulkenberg,Nico Hülkenberg,German,Renault,10.0,10,1.0,60,+1 Lap,19.0,1:46.093
2018,15,Singapore Grand Prix,Marina Bay Street Circuit,Singapore,2018-09-16,ericsson,Marcus Ericsson,Swedish,Sauber,14.0,11,0.0,60,+1 Lap,10.0,1:45.169
2018,15,Singapore Grand Prix,Marina Bay Street Circuit,Singapore,2018-09-16,vandoorne,Stoffel Vandoorne,Belgian,McLaren,18.0,12,0.0,60,+1 Lap,14.0,1:45.555
2018,15,Singapore Grand Prix,Marina Bay Street Circuit,Singapore,2018-09-16,gasly,Pierre Gasly,French,Toro Rosso,15.0,13,0.0,60,+1 Lap,18.0,1:46.063
2018,15,Singapore Grand Prix,Marina Bay Street Circuit,Singapore,2018-09-16,stroll,Lance Stroll,Canadian,Williams,20.0,14,0.0,60,+1 Lap,17.0,1:46.033
2018,15,Singapore Grand Prix,Marina Bay Street Circuit,Singapore,2018-09-16,grosjean,Romain Grosjean,French,Haas F1 Team,8.0,15,0.0,60,+1 Lap,16.0,1:45.904
2018,15,Singapore Grand Prix,Marina Bay Street Circuit,Singapore,2018-09-16,perez,Sergio Pérez,Mexican,Force India,7.0,16,0.0,60,+1 Lap,13.0,1:45.389
2018,15,Singapore Grand Prix,Marina Bay Street Circuit,Singapore,2018-09-16,brendon_hartley,Brendon Hartley,New Zealander,Toro Rosso,17.0,17,0.0,60,+1 Lap,9.0,1:44.889
2018,15,Singapore Grand Prix,Marina Bay Street Circuit,Singapore,2018-09-16,kevin_magnussen,Kevin Magnussen,Danish,Haas F1 Team,16.0,18,0.0,59,+2 Laps,1.0,1:41.905
2018,15,Singapore Grand Prix,Marina Bay Street Circuit,Singapore,2018-09-16,sirotkin,Sergey Sirotkin,Russian,Williams,19.0,19,0.0,59,+2 Laps,15.0,1:45.902
2018,15,Singapore Grand Prix,Marina Bay Street Circuit,Singapore,2018-09-16,ocon,Esteban Ocon,French,Force India,9.0,20,0.0,0,Collision,,
2018,16,Russian Grand Prix,Sochi Autodrom,Russia,2018-09-30,hamilton,Lewis Hamilton,British,Mercedes,2.0,1,25.0,53,Finished,2.0,1:35.916
2018,16,Russian Grand Prix,Sochi Autodrom,Russia,2018-09-30,bottas,Valtteri Bottas,Finnish,Mercedes,1.0,2,18.0,53,Finished,1.0,1:35.861
2018,16,Russian Grand Prix,Sochi Autodrom,Russia,2018-09-30,vettel,Sebastian Vettel,German,Ferrari,3.0,3,15.0,53,Finished,3.0,1:35.990
2018,16,Russian Grand Prix,Sochi Autodrom,Russia,2018-09-30,raikkonen,Kimi Räikkönen,Finnish,Ferrari,4.0,4,12.0,53,Finished,6.0,1:36.611
2018,16,Russian Grand Prix,Sochi Autodrom,Russia,2018-09-30,max_verstappen,Max Verstappen,Dutch,Red Bull,19.0,5,10.0,53,Finished,4.0,1:36.283
2018,16,Russian Grand Prix,Sochi Autodrom,Russia,2018-09-30,ricciardo,Daniel Ricciardo,Australian,Red Bull,18.0,6,8.0,53,Finished,5.0,1:36.345
2018,16,Russian Grand Prix,Sochi Autodrom,Russia,2018-09-30,leclerc,Charles Leclerc,Monegasque,Sauber,7.0,7,6.0,53,Finished,9.0,1:38.107
2018,16,Russian Grand Prix,Sochi Autodrom,Russia,2018-09-30,kevin_magnussen,Kevin Magnussen,Danish,Haas F1 Team,5.0,8,4.0,52,+1 Lap,8.0,1:38.015
2018,16,Russian Grand Prix,Sochi Autodrom,Russia,2018-09-30,ocon,Esteban Ocon,French,Force India,6.0,9,2.0,52,+1 Lap,12.0,1:38.366
2018,16,Russian Grand Prix,Sochi Autodrom,Russia,2018-09-30,perez,Sergio Pérez,Mexican,Force India,8.0,10,1.0,52,+1 Lap,11.0,1:38.300
2018,16,Russian Grand Prix,Sochi Autodrom,Russia,2018-09-30,grosjean,Romain Grosjean,French,Haas F1 Team,9.0,11,0.0,52,+1 Lap,10.0,1:38.244
2018,16,Russian Grand Prix,Sochi Autodrom,Russia,2018-09-30,hulkenberg,Nico Hülkenberg,German,Renault,12.0,12,0.0,52,+1 Lap,13.0,1:39.108
2018,16,Russian Grand Prix,Sochi Autodrom,Russia,2018-09-30,ericsson,Marcus Ericsson,Swedish,Sauber,10.0,13,0.0,52,+1 Lap,7.0,1:37.931
2018,16,Russian Grand Prix,Sochi Autodrom,Russia,2018-09-30,alonso,Fernando Alonso,Spanish,McLaren,16.0,14,0.0,52,+1 Lap,15.0,1:39.590
2018,16,Russian Grand Prix,Sochi Autodrom,Russia,2018-09-30,stroll,Lance Stroll,Canadian,Williams,14.0,15,0.0,52,+1 Lap,14.0,1:39.435
2018,16,Russian Grand Prix,Sochi Autodrom,Russia,2018-09-30,vandoorne,Stoffel Vandoorne,Belgian,McLaren,15.0,16,0.0,51,+2 Laps,18.0,1:39.922
2018,16,Russian Grand Prix,Sochi Autodrom,Russia,2018-09-30,sainz,Carlos Sainz,Spanish,Renault,11.0,17,0.0,51,+2 Laps,16.0,1:39.731
2018,16,Russian Grand Prix,Sochi Autodrom,Russia,2018-09-30,sirotkin,Sergey Sirotkin,Russian,Williams,13.0,18,0.0,51,+2 Laps,17.0,1:39.838
2018,16,Russian Grand Prix,Sochi Autodrom,Russia,2018-09-30,gasly,Pierre Gasly,French,Toro Rosso,17.0,19,0.0,4,Brakes,19.0,1:44.071
2018,16,Russian Grand Prix,Sochi Autodrom,Russia,2018-09-30,brendon_hartley,Brendon Hartley,New Zealander,Toro Rosso,20.0,20,0.0,4,Brakes,20.0,1:45.852
2018,17,Japanese Grand Prix,Suzuka Circuit,Japan,2018-10-07,hamilton,Lewis Hamilton,British,Mercedes,1.0,1,25.0,53,Finished,2.0,1:32.785
2018,17,Japanese Grand Prix,Suzuka Circuit,Japan,2018-10-07,bottas,Valtteri Bottas,Finnish,Mercedes,2.0,2,18.0,53,Finished,3.0,1:33.110
2018,17,Japanese Grand Prix,Suzuka Circuit,Japan,2018-10-07,max_verstappen,Max Verstappen,Dutch,Red Bull,3.0,3,15.0,53,Finished,6.0,1:33.367
2018,17,Japanese Grand Prix,Suzuka Circuit,Japan,2018-10-07,ricciardo,Daniel Ricciardo,Australian,Red Bull,15.0,4,12.0,53,Finished,4.0,1:33.187
2018,17,Japanese Grand Prix,Suzuka Circuit,Japan,2018-10-07,raikkonen,Kimi Räikkönen,Finnish,Ferrari,4.0,5,10.0,53,Finished,12.0,1:34.223
2018,17,Japanese Grand Prix,Suzuka Circuit,Japan,2018-10-07,vettel,Sebastian Vettel,German,Ferrari,8.0,6,8.0,53,Finished,1.0,1:32.318
2018,17,Japanese Grand Prix,Suzuka Circuit,Japan,2018-10-07,perez,Sergio Pérez,Mexican,Force India,9.0,7,6.0,53,Finished,9.0,1:34.073
2018,17,Japanese Grand Prix,Suzuka Circuit,Japan,2018-10-07,grosjean,Romain Grosjean,French,Haas F1 Team,5.0,8,4.0,53,Finished,15.0,1:34.786
2018,17,Japanese Grand Prix,Suzuka Circuit,Japan,2018-10-07,ocon,Esteban Ocon,French,Force India,11.0,9,2.0,53,Finished,14.0,1:34.670
2018,17,Japanese Grand Prix,Suzuka Circuit,Japan,2018-10-07,sainz,Carlos Sainz,Spanish,Renault,13.0,10,1.0,52,+1 Lap,11.0,1:34.197
2018,17,Japanese Grand Prix,Suzuka Circuit,Japan,2018-10-07,gasly,Pierre Gasly,French,Toro Rosso,7.0,11,0.0,52,+1 Lap,10.0,1:34.133
2018,17,Japanese Grand Prix,Suzuka Circuit,Japan,2018-10-07,ericsson,Marcus Ericsson,Swedish,Sauber,20.0,12,0.0,52,+1 Lap,19.0,1:36.294
2018,17,Japanese Grand Prix,Suzuka Circuit,Japan,2018-10-07,brendon_hartley,Brendon Hartley,New Zealander,Toro Rosso,6.0,13,0.0,52,+1 Lap,16.0,1:34.857
2018,17,Japanese Grand Prix,Suzuka Circuit,Japan,2018-10-07,alonso,Fernando Alonso,Spanish,McLaren,18.0,14,0.0,52,+1 Lap,7.0,1:33.943
2018,17,Japanese Grand Prix,Suzuka Circuit,Japan,2018-10-07,vandoorne,Stoffel Vandoorne,Belgian,McLaren,19.0,15,0.0,52,+1 Lap,18.0,1:35.023
2018,17,Japanese Grand Prix,Suzuka Circuit,Japan,2018-10-07,sirotkin,Sergey Sirotkin,Russian,Williams,17.0,16,0.0,52,+1 Lap,8.0,1:33.985
2018,17,Japanese Grand Prix,Suzuka Circuit,Japan,2018-10-07,stroll,Lance Stroll,Canadian,Williams,14.0,17,0.0,52,+1 Lap,5.0,1:33.354
2018,17,Japanese Grand Prix,Suzuka Circuit,Japan,2018-10-07,leclerc,Charles Leclerc,Monegasque,Sauber,10.0,18,0.0,38,Mechanical,13.0,1:34.515
2018,17,Japanese Grand Prix,Suzuka Circuit,Japan,2018-10-07,hulkenberg,Nico Hülkenberg,German,Renault,16.0,19,0.0,37,Engine,17.0,1:34.934
2018,17,Japanese Grand Prix,Suzuka Circuit,Japan,2018-10-07,kevin_magnussen,Kevin Magnussen,Danish,Haas F1 Team,12.0,20,0.0,8,Collision damage,20.0,1:39.908
2018,18,United States Grand Prix,Circuit of the Americas,USA,2018-10-21,raikkonen,Kimi Räikkönen,Finnish,Ferrari,2.0,1,25.0,56,Finished,5.0,1:38.482
2018,18,United States Grand Prix,Circuit of the Americas,USA,2018-10-21,max_verstappen,Max Verstappen,Dutch,Red Bull,18.0,2,18.0,56,Finished,2.0,1:38.246
2018,18,United States Grand Prix,Circuit of the Americas,USA,2018-10-21,hamilton,Lewis Hamilton,British,Mercedes,1.0,3,15.0,56,Finished,1.0,1:37.392
2018,18,United States Grand Prix,Circuit of the Americas,USA,2018-10-21,vettel,Sebastian Vettel,German,Ferrari,5.0,4,12.0,56,Finished,3.0,1:38.280
2018,18,United States Grand Prix,Circuit of the Americas,USA,2018-10-21,bottas,Valtteri Bottas,Finnish,Mercedes,3.0,5,10.0,56,Finished,4.0,1:38.470
2018,18,United States Grand Prix,Circuit of the Americas,USA,2018-10-21,hulkenberg,Nico Hülkenberg,German,Renault,7.0,6,8.0,56,Finished,8.0,1:39.548
2018,18,United States Grand Prix,Circuit of the Americas,USA,2018-10-21,sainz,Carlos Sainz,Spanish,Renault,11.0,7,6.0,56,Finished,11.0,1:39.858
2018,18,United States Grand Prix,Circuit of the Americas,USA,2018-10-21,perez,Sergio Pérez,Mexican,Force India,10.0,8,4.0,56,Finished,13.0,1:39.992
2018,18,United States Grand Prix,Circuit of the Americas,USA,2018-10-21,brendon_hartley,Brendon Hartley,New Zealander,Toro Rosso,20.0,9,2.0,55,+1 Lap,6.0,1:38.963
2018,18,United States Grand Prix,Circuit of the Americas,USA,2018-10-21,ericsson,Marcus Ericsson,Swedish,Sauber,16.0,10,1.0,55,+1 Lap,9.0,1:39.569
2018,18,United States Grand Prix,Circuit of the Americas,USA,2018-10-21,vandoorne,Stoffel Vandoorne,Belgian,McLaren,17.0,11,0.0,55,+1 Lap,12.0,1:39.915
2018,18,United States Grand Prix,Circuit of the Americas,USA,2018-10-21,gasly,Pierre Gasly,French,Toro Rosso,19.0,12,0.0,55,+1 Lap,14.0,1:40.098
2018,18,United States Grand Prix,Circuit of the Americas,USA,2018-10-21,sirotkin,Sergey Sirotkin,Russian,Williams,14.0,13,0.0,55,+1 Lap,7.0,1:39.240
2018,18,United States Grand Prix,Circuit of the Americas,USA,2018-10-21,stroll,Lance Stroll,Canadian,Williams,15.0,14,0.0,54,+2 Laps,10.0,1:39.646
2018,18,United States Grand Prix,Circuit of the Americas,USA,2018-10-21,leclerc,Charles Leclerc,Monegasque,Sauber,9.0,15,0.0,31,Collision damage,16.0,1:40.522
2018,18,United States Grand Prix,Circuit of the Americas,USA,2018-10-21,ricciardo,Daniel Ricciardo,Australian,Red Bull,4.0,16,0.0,8,Battery,15.0,1:40.433
2018,18,United States Grand Prix,Circuit of the Americas,USA,2018-10-21,grosjean,Romain Grosjean,French,Haas F1 Team,8.0,17,0.0,2,Collision damage,18.0,1:41.982
2018,18,United States Grand Prix,Circuit of the Americas,USA,2018-10-21,alonso,Fernando Alonso,Spanish,McLaren,13.0,18,0.0,1,Collision,17.0,1:40.933
2018,18,United States Grand Prix,Circuit of the Americas,USA,2018-10-21,ocon,Esteban Ocon,French,Force India,6.0,19,0.0,56,Disqualified,,
2018,18,United States Grand Prix,Circuit of the Americas,USA,2018-10-21,kevin_magnussen,Kevin Magnussen,Danish,Haas F1 Team,12.0,20,0.0,56,Disqualified,,
2018,19,Mexican Grand Prix,Autódromo Hermanos Rodríguez,Mexico,2018-10-28,max_verstappen,Max Verstappen,Dutch,Red Bull,2.0,1,25.0,71,Finished,2.0,1:19.186
2018,19,Mexican Grand Prix,Autódromo Hermanos Rodríguez,Mexico,2018-10-28,vettel,Sebastian Vettel,German,Ferrari,4.0,2,18.0,71,Finished,4.0,1:19.522
2018,19,Mexican Grand Prix,Autódromo Hermanos Rodríguez,Mexico,2018-10-28,raikkonen,Kimi Räikkönen,Finnish,Ferrari,6.0,3,15.0,71,Finished,5.0,1:20.334
2018,19,Mexican Grand Prix,Autódromo Hermanos Rodríguez,Mexico,2018-10-28,hamilton,Lewis Hamilton,British,Mercedes,3.0,4,12.0,71,Finished,8.0,1:20.728
2018,19,Mexican Grand Prix,Autódromo Hermanos Rodríguez,Mexico,2018-10-28,bottas,Valtteri Bottas,Finnish,Mercedes,5.0,5,10.0,70,+1 Lap,1.0,1:18.741
2018,19,Mexican Grand Prix,Autódromo Hermanos Rodríguez,Mexico,2018-10-28,hulkenberg,Nico Hülkenberg,German,Renault,7.0,6,8.0,69,+2 Laps,7.0,1:20.637
2018,19,Mexican Grand Prix,Autódromo Hermanos Rodríguez,Mexico,2018-10-28,leclerc,Charles Leclerc,Monegasque,Sauber,9.0,7,6.0,69,+2 Laps,6.0,1:20.537
2018,19,Mexican Grand Prix,Autódromo Hermanos Rodríguez,Mexico,2018-10-28,vandoorne,Stoffel Vandoorne,Belgian,McLaren,15.0,8,4.0,69,+2 Laps,11.0,1:21.921
2018,19,Mexican Grand Prix,Autódromo Hermanos Rodríguez,Mexico,2018-10-28,ericsson,Marcus Ericsson,Swedish,Sauber,10.0,9,2.0,69,+2 Laps,14.0,1:22.440
2018,19,Mexican Grand Prix,Autódromo Hermanos Rodríguez,Mexico,2018-10-28,gasly,Pierre Gasly,French,Toro Rosso,20.0,10,1.0,69,+2 Laps,17.0,1:22.755
2018,19,Mexican Grand Prix,Autódromo Hermanos Rodríguez,Mexico,2018-10-28,ocon,Esteban Ocon,French,Force India,11.0,11,0.0,69,+2 Laps,15.0,1:22.629
2018,19,Mexican Grand Prix,Autódromo Hermanos Rodríguez,Mexico,2018-10-28,stroll,Lance Stroll,Canadian,Williams,17.0,12,0.0,69,+2 Laps,18.0,1:22.983
2018,19,Mexican Grand Prix,Autódromo Hermanos Rodríguez,Mexico,2018-10-28,sirotkin,Sergey Sirotkin,Russian,Williams,19.0,13,0.0,69,+2 Laps,16.0,1:22.640
2018,19,Mexican Grand Prix,Autódromo Hermanos Rodríguez,Mexico,2018-10-28,brendon_hartley,Brendon Hartley,New Zealander,Toro Rosso,14.0,14,0.0,69,+2 Laps,13.0,1:22.438
2018,19,Mexican Grand Prix,Autódromo Hermanos Rodríguez,Mexico,2018-10-28,kevin_magnussen,Kevin Magnussen,Danish,Haas F1 Team,16.0,15,0.0,69,+2 Laps,10.0,1:21.874
2018,19,Mexican Grand Prix,Autódromo Hermanos Rodríguez,Mexico,2018-10-28,grosjean,Romain Grosjean,French,Haas F1 Team,18.0,16,0.0,68,+3 Laps,9.0,1:21.370
2018,19,Mexican Grand Prix,Autódromo Hermanos Rodríguez,Mexico,2018-10-28,ricciardo,Daniel Ricciardo,Australian,Red Bull,1.0,17,0.0,61,Engine,3.0,1:19.462
2018,19,Mexican Grand Prix,Autódromo Hermanos Rodríguez,Mexico,2018-10-28,perez,Sergio Pérez,Mexican,Force India,13.0,18,0.0,38,Brakes,19.0,1:23.545
2018,19,Mexican Grand Prix,Autódromo Hermanos Rodríguez,Mexico,2018-10-28,sainz,Carlos Sainz,Spanish,Renault,8.0,19,0.0,28,Suspension,12.0,1:22.386
2018,19,Mexican Grand Prix,Autódromo Hermanos Rodríguez,Mexico,2018-10-28,alonso,Fernando Alonso,Spanish,McLaren,12.0,20,0.0,3,Engine,20.0,1:24.197
2018,20,Brazilian Grand Prix,Autódromo José Carlos Pace,Brazil,2018-11-11,hamilton,Lewis Hamilton,British,Mercedes,1.0,1,25.0,71,Finished,7.0,1:11.795
2018,20,Brazilian Grand Prix,Autódromo José Carlos Pace,Brazil,2018-11-11,max_verstappen,Max Verstappen,Dutch,Red Bull,5.0,2,18.0,71,Finished,4.0,1:11.578
2018,20,Brazilian Grand Prix,Autódromo José Carlos Pace,Brazil,2018-11-11,raikkonen,Kimi Räikkönen,Finnish,Ferrari,4.0,3,15.0,71,Finished,6.0,1:11.769
2018,20,Brazilian Grand Prix,Autódromo José Carlos Pace,Brazil,2018-11-11,ricciardo,Daniel Ricciardo,Australian,Red Bull,11.0,4,12.0,71,Finished,3.0,1:11.343
2018,20,Brazilian Grand Prix,Autódromo José Carlos Pace,Brazil,2018-11-11,bottas,Valtteri Bottas,Finnish,Mercedes,3.0,5,10.0,71,Finished,1.0,1:10.540
2018,20,Brazilian Grand Prix,Autódromo José Carlos Pace,Brazil,2018-11-11,vettel,Sebastian Vettel,German,Ferrari,2.0,6,8.0,71,Finished,2.0,1:10.831
2018,20,Brazilian Grand Prix,Autódromo José Carlos Pace,Brazil,2018-11-11,leclerc,Charles Leclerc,Monegasque,Sauber,7.0,7,6.0,71,Finished,8.0,1:12.082
2018,20,Brazilian Grand Prix,Autódromo José Carlos Pace,Brazil,2018-11-11,grosjean,Romain Grosjean,French,Haas F1 Team,8.0,8,4.0,71,Finished,12.0,1:12.362
2018,20,Brazilian Grand Prix,Autódromo José Carlos Pace,Brazil,2018-11-11,kevin_magnussen,Kevin Magnussen,Danish,Haas F1 Team,10.0,9,2.0,71,Finished,10.0,1:12.206
2018,20,Brazilian Grand Prix,Autódromo José Carlos Pace,Brazil,2018-11-11,perez,Sergio Pérez,Mexican,Force India,12.0,10,1.0,70,+1 Lap,13.0,1:12.472
2018,20,Brazilian Grand Prix,Autódromo José Carlos Pace,Brazil,2018-11-11,brendon_hartley,Brendon Hartley,New Zealander,Toro Rosso,16.0,11,0.0,70,+1 Lap,15.0,1:12.949
2018,20,Brazilian Grand Prix,Autódromo José Carlos Pace,Brazil,2018-11-11,sainz,Carlos Sainz,Spanish,Renault,15.0,12,0.0,70,+1 Lap,9.0,1:12.169
2018,20,Brazilian Grand Prix,Autódromo José Carlos Pace,Brazil,2018-11-11,gasly,Pierre Gasly,French,Toro Rosso,9.0,13,0.0,70,+1 Lap,17.0,1:13.822
2018,20,Brazilian Grand Prix,Autódromo José Carlos Pace,Brazil,2018-11-11,vandoorne,Stoffel Vandoorne,Belgian,McLaren,20.0,14,0.0,70,+1 Lap,16.0,1:12.968
2018,20,Brazilian Grand Prix,Autódromo José Carlos Pace,Brazil,2018-11-11,ocon,Esteban Ocon,French,Force India,18.0,15,0.0,70,+1 Lap,11.0,1:12.352
2018,20,Brazilian Grand Prix,Autódromo José Carlos Pace,Brazil,2018-11-11,sirotkin,Sergey Sirotkin,Russian,Williams,14.0,16,0.0,69,+2 Laps,19.0,1:14.262
2018,20,Brazilian Grand Prix,Autódromo José Carlos Pace,Brazil,2018-11-11,alonso,Fernando Alonso,Spanish,McLaren,17.0,17,0.0,69,+2 Laps,14.0,1:12.643
2018,20,Brazilian Grand Prix,Autódromo José Carlos Pace,Brazil,2018-11-11,stroll,Lance Stroll,Canadian,Williams,19.0,18,0.0,69,+2 Laps,5.0,1:11.751
2018,20,Brazilian Grand Prix,Autódromo José Carlos Pace,Brazil,2018-11-11,hulkenberg,Nico Hülkenberg,German,Renault,13.0,19,0.0,32,Overheating,18.0,1:14.029
2018,20,Brazilian Grand Prix,Autódromo José Carlos Pace,Brazil,2018-11-11,ericsson,Marcus Ericsson,Swedish,Sauber,6.0,20,0.0,20,Collision,20.0,1:15.281
2018,21,Abu Dhabi Grand Prix,Yas Marina Circuit,UAE,2018-11-25,hamilton,Lewis Hamilton,British,Mercedes,1.0,1,25.0,55,Finished,5.0,1:41.357
2018,21,Abu Dhabi Grand Prix,Yas Marina Circuit,UAE,2018-11-25,vettel,Sebastian Vettel,German,Ferrari,3.0,2,18.0,55,Finished,1.0,1:40.867
2018,21,Abu Dhabi Grand Prix,Yas Marina Circuit,UAE,2018-11-25,max_verstappen,Max Verstappen,Dutch,Red Bull,6.0,3,15.0,55,Finished,6.0,1:41.909
2018,21,Abu Dhabi Grand Prix,Yas Marina Circuit,UAE,2018-11-25,ricciardo,Daniel Ricciardo,Australian,Red Bull,5.0,4,12.0,55,Finished,3.0,1:41.249
2018,21,Abu Dhabi Grand Prix,Yas Marina Circuit,UAE,2018-11-25,bottas,Valtteri Bottas,Finnish,Mercedes,2.0,5,10.0,55,Finished,2.0,1:40.953
2018,21,Abu Dhabi Grand Prix,Yas Marina Circuit,UAE,2018-11-25,sainz,Carlos Sainz,Spanish,Renault,11.0,6,8.0,55,Finished,4.0,1:41.351
2018,21,Abu Dhabi Grand Prix,Yas Marina Circuit,UAE,2018-11-25,leclerc,Charles Leclerc,Monegasque,Sauber,8.0,7,6.0,55,Finished,10.0,1:42.876
2018,21,Abu Dhabi Grand Prix,Yas Marina Circuit,UAE,2018-11-25,perez,Sergio Pérez,Mexican,Force India,14.0,8,4.0,55,Finished,8.0,1:42.816
2018,21,Abu Dhabi Grand Prix,Yas Marina Circuit,UAE,2018-11-25,grosjean,Romain Grosjean,French,Haas F1 Team,7.0,9,2.0,54,+1 Lap,11.0,1:43.195
2018,21,Abu Dhabi Grand Prix,Yas Marina Circuit,UAE,2018-11-25,kevin_magnussen,Kevin Magnussen,Danish,Haas F1 Team,13.0,10,1.0,54,+1 Lap,9.0,1:42.822
2018,21,Abu Dhabi Grand Prix,Yas Marina Circuit,UAE,2018-11-25,alonso,Fernando Alonso,Spanish,McLaren,15.0,11,0.0,54,+1 Lap,7.0,1:42.393
2018,21,Abu Dhabi Grand Prix,Yas Marina Circuit,UAE,2018-11-25,brendon_hartley,Brendon Hartley,New Zealander,Toro Rosso,16.0,12,0.0,54,+1 Lap,17.0,1:44.174
2018,21,Abu Dhabi Grand Prix,Yas Marina Circuit,UAE,2018-11-25,stroll,Lance Stroll,Canadian,Williams,20.0,13,0.0,54,+1 Lap,16.0,1:44.033
2018,21,Abu Dhabi Grand Prix,Yas Marina Circuit,UAE,2018-11-25,vandoorne,Stoffel Vandoorne,Belgian,McLaren,18.0,14,0.0,54,+1 Lap,12.0,1:43.249
2018,21,Abu Dhabi Grand Prix,Yas Marina Circuit,UAE,2018-11-25,sirotkin,Sergey Sirotkin,Russian,Williams,19.0,15,0.0,54,+1 Lap,14.0,1:43.831
2018,21,Abu Dhabi Grand Prix,Yas Marina Circuit,UAE,2018-11-25,gasly,Pierre Gasly,French,Toro Rosso,17.0,16,0.0,46,Engine,15.0,1:43.988
2018,21,Abu Dhabi Grand Prix,Yas Marina Circuit,UAE,2018-11-25,ocon,Esteban Ocon,French,Force India,9.0,17,0.0,44,Engine,13.0,1:43.591
2018,21,Abu Dhabi Grand Prix,Yas Marina Circuit,UAE,2018-11-25,ericsson,Marcus Ericsson,Swedish,Sauber,12.0,18,0.0,24,Power loss,19.0,1:46.077
2018,21,Abu Dhabi Grand Prix,Yas Marina Circuit,UAE,2018-11-25,raikkonen,Kimi Räikkönen,Finnish,Ferrari,4.0,19,0.0,6,Power loss,18.0,1:45.198
2018,21,Abu Dhabi Grand Prix,Yas Marina Circuit,UAE,2018-11-25,hulkenberg,Nico Hülkenberg,German,Renault,10.0,20,0.0,0,Collision,,
2019,1,Australian Grand Prix,Albert Park Grand Prix Circuit,Australia,2019-03-17,bottas,Valtteri Bottas,Finnish,Mercedes,2.0,1,26.0,58,Finished,1.0,1:25.580
2019,1,Australian Grand Prix,Albert Park Grand Prix Circuit,Australia,2019-03-17,hamilton,Lewis Hamilton,British,Mercedes,1.0,2,18.0,58,Finished,2.0,1:26.057
2019,1,Australian Grand Prix,Albert Park Grand Prix Circuit,Australia,2019-03-17,max_verstappen,Max Verstappen,Dutch,Red Bull,4.0,3,15.0,58,Finished,3.0,1:26.256
2019,1,Australian Grand Prix,Albert Park Grand Prix Circuit,Australia,2019-03-17,vettel,Sebastian Vettel,German,Ferrari,3.0,4,12.0,58,Finished,8.0,1:27.954
2019,1,Australian Grand Prix,Albert Park Grand Prix Circuit,Australia,2019-03-17,leclerc,Charles Leclerc,Monegasque,Ferrari,5.0,5,10.0,58,Finished,4.0,1:26.926
2019,1,Australian Grand Prix,Albert Park Grand Prix Circuit,Australia,2019-03-17,kevin_magnussen,Kevin Magnussen,Danish,Haas F1 Team,7.0,6,8.0,58,Finished,9.0,1:28.182
2019,1,Australian Grand Prix,Albert Park Grand Prix Circuit,Australia,2019-03-17,hulkenberg,Nico Hülkenberg,German,Renault,11.0,7,6.0,57,+1 Lap,12.0,1:28.444
2019,1,Australian Grand Prix,Albert Park Grand Prix Circuit,Australia,2019-03-17,raikkonen,Kimi Räikkönen,Finnish,Alfa Romeo,9.0,8,4.0,57,+1 Lap,11.0,1:28.270
2019,1,Australian Grand Prix,Albert Park Grand Prix Circuit,Australia,2019-03-17,stroll,Lance Stroll,Canadian,Racing Point,16.0,9,2.0,57,+1 Lap,7.0,1:27.568
2019,1,Australian Grand Prix,Albert Park Grand Prix Circuit,Australia,2019-03-17,kvyat,Daniil Kvyat,Russian,Toro Rosso,15.0,10,1.0,57,+1 Lap,6.0,1:27.448
2019,1,Australian Grand Prix,Albert Park Grand Prix Circuit,Australia,2019-03-17,gasly,Pierre Gasly,French,Red Bull,17.0,11,0.0,57,+1 Lap,5.0,1:27.229
2019,1,Australian Grand Prix,Albert Park Grand Prix Circuit,Australia,2019-03-17,norris,Lando Norris,British,McLaren,8.0,12,0.0,57,+1 Lap,16.0,1:28.555
2019,1,Australian Grand Prix,Albert Park Grand Prix Circuit,Australia,2019-03-17,perez,Sergio Pérez,Mexican,Racing Point,10.0,13,0.0,57,+1 Lap,15.0,1:28.485
2019,1,Australian Grand Prix,Albert Park Grand Prix Circuit,Australia,2019-03-17,albon,Alexander Albon,Thai,Toro Rosso,13.0,14,0.0,57,+1 Lap,10.0,1:28.188
2019,1,Australian Grand Prix,Albert Park Grand Prix Circuit,Australia,2019-03-17,giovinazzi,Antonio Giovinazzi,Italian,Alfa Romeo,14.0,15,0.0,57,+1 Lap,14.0,1:28.479
2019,1,Australian Grand Prix,Albert Park Grand Prix Circuit,Australia,2019-03-17,russell,George Russell,British,Williams,19.0,16,0.0,56,+2 Laps,17.0,1:28.713
2019,1,Australian Grand Prix,Albert Park Grand Prix Circuit,Australia,2019-03-17,kubica,Robert Kubica,Polish,Williams,20.0,17,0.0,55,+3 Laps,18.0,1:29.284
2019,1,Australian Grand Prix,Albert Park Grand Prix Circuit,Australia,2019-03-17,grosjean,Romain Grosjean,French,Haas F1 Team,6.0,18,0.0,29,Wheel,13.0,1:28.462
2019,1,Australian Grand Prix,Albert Park Grand Prix Circuit,Australia,2019-03-17,ricciardo,Daniel Ricciardo,Australian,Renault,12.0,19,0.0,28,Damage,19.0,1:29.848
2019,1,Australian Grand Prix,Albert Park Grand Prix Circuit,Australia,2019-03-17,sainz,Carlos Sainz,Spanish,McLaren,18.0,20,0.0,9,Engine,20.0,1:30.899
2019,2,Bahrain Grand Prix,Bahrain International Circuit,Bahrain,2019-03-31,hamilton,Lewis Hamilton,British,Mercedes,3.0,1,25.0,57,Finished,2.0,1:33.528
2019,2,Bahrain Grand Prix,Bahrain International Circuit,Bahrain,2019-03-31,bottas,Valtteri Bottas,Finnish,Mercedes,4.0,2,18.0,57,Finished,3.0,1:34.209
2019,2,Bahrain Grand Prix,Bahrain International Circuit,Bahrain,2019-03-31,leclerc,Charles Leclerc,Monegasque,Ferrari,1.0,3,16.0,57,Finished,1.0,1:33.411
2019,2,Bahrain Grand Prix,Bahrain International Circuit,Bahrain,2019-03-31,max_verstappen,Max Verstappen,Dutch,Red Bull,5.0,4,12.0,57,Finished,9.0,1:35.311
2019,2,Bahrain Grand Prix,Bahrain International Circuit,Bahrain,2019-03-31,vettel,Sebastian Vettel,German,Ferrari,2.0,5,10.0,57,Finished,4.0,1:34.895
2019,2,Bahrain Grand Prix,Bahrain International Circuit,Bahrain,2019-03-31,norris,Lando Norris,British,McLaren,9.0,6,8.0,57,Finished,12.0,1:35.777
2019,2,Bahrain Grand Prix,Bahrain International Circuit,Bahrain,2019-03-31,raikkonen,Kimi Räikkönen,Finnish,Alfa Romeo,8.0,7,6.0,57,Finished,11.0,1:35.589
2019,2,Bahrain Grand Prix,Bahrain International Circuit,Bahrain,2019-03-31,gasly,Pierre Gasly,French,Red Bull,13.0,8,4.0,57,Finished,8.0,1:35.291
2019,2,Bahrain Grand Prix,Bahrain International Circuit,Bahrain,2019-03-31,albon,Alexander Albon,Thai,Toro Rosso,12.0,9,2.0,57,Finished,16.0,1:36.752
2019,2,Bahrain Grand Prix,Bahrain International Circuit,Bahrain,2019-03-31,perez,Sergio Pérez,Mexican,Racing Point,14.0,10,1.0,57,Finished,14.0,1:36.330
2019,2,Bahrain Grand Prix,Bahrain International Circuit,Bahrain,2019-03-31,giovinazzi,Antonio Giovinazzi,Italian,Alfa Romeo,16.0,11,0.0,57,Finished,7.0,1:35.237
2019,2,Bahrain Grand Prix,Bahrain International Circuit,Bahrain,2019-03-31,kvyat,Daniil Kvyat,Russian,Toro Rosso,15.0,12,0.0,56,+1 Lap,5.0,1:34.934
2019,2,Bahrain Grand Prix,Bahrain International Circuit,Bahrain,2019-03-31,kevin_magnussen,Kevin Magnussen,Danish,Haas F1 Team,6.0,13,0.0,56,+1 Lap,13.0,1:35.892
2019,2,Bahrain Grand Prix,Bahrain International Circuit,Bahrain,2019-03-31,stroll,Lance Stroll,Canadian,Racing Point,18.0,14,0.0,56,+1 Lap,17.0,1:37.037
2019,2,Bahrain Grand Prix,Bahrain International Circuit,Bahrain,2019-03-31,russell,George Russell,British,Williams,19.0,15,0.0,56,+1 Lap,19.0,1:37.313
2019,2,Bahrain Grand Prix,Bahrain International Circuit,Bahrain,2019-03-31,kubica,Robert Kubica,Polish,Williams,20.0,16,0.0,55,+2 Laps,20.0,1:37.903
2019,2,Bahrain Grand Prix,Bahrain International Circuit,Bahrain,2019-03-31,hulkenberg,Nico Hülkenberg,German,Renault,17.0,17,0.0,53,Engine,6.0,1:35.215
2019,2,Bahrain Grand Prix,Bahrain International Circuit,Bahrain,2019-03-31,ricciardo,Daniel Ricciardo,Australian,Renault,10.0,18,0.0,53,Out of fuel,15.0,1:36.697
2019,2,Bahrain Grand Prix,Bahrain International Circuit,Bahrain,2019-03-31,sainz,Carlos Sainz,Spanish,McLaren,7.0,19,0.0,53,Collision damage,10.0,1:35.586
2019,2,Bahrain Grand Prix,Bahrain International Circuit,Bahrain,2019-03-31,grosjean,Romain Grosjean,French,Haas F1 Team,11.0,20,0.0,16,Retired,18.0,1:37.262
2019,3,Chinese Grand Prix,Shanghai International Circuit,China,2019-04-14,hamilton,Lewis Hamilton,British,Mercedes,2.0,1,25.0,56,Finished,5.0,1:35.892
2019,3,Chinese Grand Prix,Shanghai International Circuit,China,2019-04-14,bottas,Valtteri Bottas,Finnish,Mercedes,1.0,2,18.0,56,Finished,4.0,1:34.872
2019,3,Chinese Grand Prix,Shanghai International Circuit,China,2019-04-14,vettel,Sebastian Vettel,German,Ferrari,3.0,3,15.0,56,Finished,2.0,1:34.836
2019,3,Chinese Grand Prix,Shanghai International Circuit,China,2019-04-14,max_verstappen,Max Verstappen,Dutch,Red Bull,5.0,4,12.0,56,Finished,6.0,1:36.143
2019,3,Chinese Grand Prix,Shanghai International Circuit,China,2019-04-14,leclerc,Charles Leclerc,Monegasque,Ferrari,4.0,5,10.0,56,Finished,3.0,1:34.860
2019,3,Chinese Grand Prix,Shanghai International Circuit,China,2019-04-14,gasly,Pierre Gasly,French,Red Bull,6.0,6,9.0,56,Finished,1.0,1:34.742
2019,3,Chinese Grand Prix,Shanghai International Circuit,China,2019-04-14,ricciardo,Daniel Ricciardo,Australian,Renault,7.0,7,6.0,55,+1 Lap,16.0,1:38.632
2019,3,Chinese Grand Prix,Shanghai International Circuit,China,2019-04-14,perez,Sergio Pérez,Mexican,Racing Point,12.0,8,4.0,55,+1 Lap,17.0,1:38.702
2019,3,Chinese Grand Prix,Shanghai International Circuit,China,2019-04-14,raikkonen,Kimi Räikkönen,Finnish,Alfa Romeo,13.0,9,2.0,55,+1 Lap,12.0,1:37.812
2019,3,Chinese Grand Prix,Shanghai International Circuit,China,2019-04-14,albon,Alexander Albon,Thai,Toro Rosso,,10,1.0,55,+1 Lap,18.0,1:38.901
2019,3,Chinese Grand Prix,Shanghai International Circuit,China,2019-04-14,grosjean,Romain Grosjean,French,Haas F1 Team,10.0,11,0.0,55,+1 Lap,8.0,1:36.873
2019,3,Chinese Grand Prix,Shanghai International Circuit,China,2019-04-14,stroll,Lance Stroll,Canadian,Racing Point,16.0,12,0.0,55,+1 Lap,7.0,1:36.678
2019,3,Chinese Grand Prix,Shanghai International Circuit,China,2019-04-14,kevin_magnussen,Kevin Magnussen,Danish,Haas F1 Team,9.0,13,0.0,55,+1 Lap,10.0,1:37.471
2019,3,Chinese Grand Prix,Shanghai International Circuit,China,2019-04-14,sainz,Carlos Sainz,Spanish,McLaren,14.0,14,0.0,55,+1 Lap,11.0,1:37.502
2019,3,Chinese Grand Prix,Shanghai International Circuit,China,2019-04-14,giovinazzi,Antonio Giovinazzi,Italian,Alfa Romeo,19.0,15,0.0,55,+1 Lap,14.0,1:38.048
2019,3,Chinese Grand Prix,Shanghai International Circuit,China,2019-04-14,russell,George Russell,British,Williams,17.0,16,0.0,54,+2 Laps,9.0,1:37.283
2019,3,Chinese Grand Prix,Shanghai International Circuit,China,2019-04-14,kubica,Robert Kubica,Polish,Williams,18.0,17,0.0,54,+2 Laps,20.0,1:39.772
2019,3,Chinese Grand Prix,Shanghai International Circuit,China,2019-04-14,norris,Lando Norris,British,McLaren,15.0,18,0.0,50,Collision,15.0,1:38.346
2019,3,Chinese Grand Prix,Shanghai International Circuit,China,2019-04-14,kvyat,Daniil Kvyat,Russian,Toro Rosso,11.0,19,0.0,41,Collision,13.0,1:37.975
2019,3,Chinese Grand Prix,Shanghai International Circuit,China,2019-04-14,hulkenberg,Nico Hülkenberg,German,Renault,8.0,20,0.0,16,Power Unit,19.0,1:39.677
2019,4,Azerbaijan Grand Prix,Baku City Circuit,Azerbaijan,2019-04-28,bottas,Valtteri Bottas,Finnish,Mercedes,1.0,1,25.0,51,Finished,2.0,1:44.024
2019,4,Azerbaijan Grand Prix,Baku City Circuit,Azerbaijan,2019-04-28,hamilton,Lewis Hamilton,British,Mercedes,2.0,2,18.0,51,Finished,3.0,1:44.166
2019,4,Azerbaijan Grand Prix,Baku City Circuit,Azerbaijan,2019-04-28,vettel,Sebastian Vettel,German,Ferrari,3.0,3,15.0,51,Finished,4.0,1:44.629
2019,4,Azerbaijan Grand Prix,Baku City Circuit,Azerbaijan,2019-04-28,max_verstappen,Max Verstappen,Dutch,Red Bull,4.0,4,12.0,51,Finished,5.0,1:44.794
2019,4,Azerbaijan Grand Prix,Baku City Circuit,Azerbaijan,2019-04-28,leclerc,Charles Leclerc,Monegasque,Ferrari,8.0,5,11.0,51,Finished,1.0,1:43.009
2019,4,Azerbaijan Grand Prix,Baku City Circuit,Azerbaijan,2019-04-28,perez,Sergio Pérez,Mexican,Racing Point,5.0,6,8.0,51,Finished,7.0,1:45.524
2019,4,Azerbaijan Grand Prix,Baku City Circuit,Azerbaijan,2019-04-28,sainz,Carlos Sainz,Spanish,McLaren,9.0,7,6.0,51,Finished,10.0,1:45.807
2019,4,Azerbaijan Grand Prix,Baku City Circuit,Azerbaijan,2019-04-28,norris,Lando Norris,British,McLaren,7.0,8,4.0,51,Finished,6.0,1:45.394
2019,4,Azerbaijan Grand Prix,Baku City Circuit,Azerbaijan,2019-04-28,stroll,Lance Stroll,Canadian,Racing Point,13.0,9,2.0,51,Finished,12.0,1:46.009
2019,4,Azerbaijan Grand Prix,Baku City Circuit,Azerbaijan,2019-04-28,raikkonen,Kimi Räikkönen,Finnish,Alfa Romeo,,10,1.0,50,+1 Lap,13.0,1:46.479
2019,4,Azerbaijan Grand Prix,Baku City Circuit,Azerbaijan,2019-04-28,albon,Alexander Albon,Thai,Toro Rosso,11.0,11,0.0,50,+1 Lap,9.0,1:45.754
2019,4,Azerbaijan Grand Prix,Baku City Circuit,Azerbaijan,2019-04-28,giovinazzi,Antonio Giovinazzi,Italian,Alfa Romeo,17.0,12,0.0,50,+1 Lap,11.0,1:45.969
2019,4,Azerbaijan Grand Prix,Baku City Circuit,Azerbaijan,2019-04-28,kevin_magnussen,Kevin Magnussen,Danish,Haas F1 Team,12.0,13,0.0,50,+1 Lap,14.0,1:46.682
2019,4,Azerbaijan Grand Prix,Baku City Circuit,Azerbaijan,2019-04-28,hulkenberg,Nico Hülkenberg,German,Renault,15.0,14,0.0,50,+1 Lap,17.0,1:47.407
2019,4,Azerbaijan Grand Prix,Baku City Circuit,Azerbaijan,2019-04-28,russell,George Russell,British,Williams,16.0,15,0.0,49,+2 Laps,16.0,1:47.251
2019,4,Azerbaijan Grand Prix,Baku City Circuit,Azerbaijan,2019-04-28,kubica,Robert Kubica,Polish,Williams,,16,0.0,49,+2 Laps,19.0,1:47.709
2019,4,Azerbaijan Grand Prix,Baku City Circuit,Azerbaijan,2019-04-28,gasly,Pierre Gasly,French,Red Bull,,17,0.0,38,Transmission,8.0,1:45.712
2019,4,Azerbaijan Grand Prix,Baku City Circuit,Azerbaijan,2019-04-28,grosjean,Romain Grosjean,French,Haas F1 Team,14.0,18,0.0,38,Brakes,20.0,1:48.517
2019,4,Azerbaijan Grand Prix,Baku City Circuit,Azerbaijan,2019-04-28,kvyat,Daniil Kvyat,Russian,Toro Rosso,6.0,19,0.0,33,Collision,18.0,1:47.681
2019,4,Azerbaijan Grand Prix,Baku City Circuit,Azerbaijan,2019-04-28,ricciardo,Daniel Ricciardo,Australian,Renault,10.0,20,0.0,31,Collision,15.0,1:46.767
2019,5,Spanish Grand Prix,Circuit de Barcelona-Catalunya,Spain,2019-05-12,hamilton,Lewis Hamilton,British,Mercedes,2.0,1,26.0,66,Finished,1.0,1:18.492
2019,5,Spanish Grand Prix,Circuit de Barcelona-Catalunya,Spain,2019-05-12,bottas,Valtteri Bottas,Finnish,Mercedes,1.0,2,18.0,66,Finished,2.0,1:18.737
2019,5,Spanish Grand Prix,Circuit de Barcelona-Catalunya,Spain,2019-05-12,max_verstappen,Max Verstappen,Dutch,Red Bull,4.0,3,15.0,66,Finished,3.0,1:19.769
2019,5,Spanish Grand Prix,Circuit de Barcelona-Catalunya,Spain,2019-05-12,vettel,Sebastian Vettel,German,Ferrari,3.0,4,12.0,66,Finished,4.0,1:19.820
2019,5,Spanish Grand Prix,Circuit de Barcelona-Catalunya,Spain,2019-05-12,leclerc,Charles Leclerc,Monegasque,Ferrari,5.0,5,10.0,66,Finished,5.0,1:20.002
2019,5,Spanish Grand Prix,Circuit de Barcelona-Catalunya,Spain,2019-05-12,gasly,Pierre Gasly,French,Red Bull,6.0,6,8.0,66,Finished,6.0,1:20.536
2019,5,Spanish Grand Prix,Circuit de Barcelona-Catalunya,Spain,2019-05-12,kevin_magnussen,Kevin Magnussen,Danish,Haas F1 Team,8.0,7,6.0,66,Finished,9.0,1:20.770
2019,5,Spanish Grand Prix,Circuit de Barcelona-Catalunya,Spain,2019-05-12,sainz,Carlos Sainz,Spanish,McLaren,12.0,8,4.0,66,Finished,10.0,1:20.859
2019,5,Spanish Grand Prix,Circuit de Barcelona-Catalunya,Spain,2019-05-12,kvyat,Daniil Kvyat,Russian,Toro Rosso,9.0,9,2.0,66,Finished,8.0,1:20.726
2019,5,Spanish Grand Prix,Circuit de Barcelona-Catalunya,Spain,2019-05-12,grosjean,Romain Grosjean,French,Haas F1 Team,7.0,10,1.0,66,Finished,12.0,1:21.057
2019,5,Spanish Grand Prix,Circuit de Barcelona-Catalunya,Spain,2019-05-12,albon,Alexander Albon,Thai,Toro Rosso,11.0,11,0.0,66,Finished,11.0,1:21.028
2019,5,Spanish Grand Prix,Circuit de Barcelona-Catalunya,Spain,2019-05-12,ricciardo,Daniel Ricciardo,Australian,Renault,13.0,12,0.0,66,Finished,7.0,1:20.615
2019,5,Spanish Grand Prix,Circuit de Barcelona-Catalunya,Spain,2019-05-12,hulkenberg,Nico Hülkenberg,German,Renault,,13,0.0,66,Finished,13.0,1:21.282
2019,5,Spanish Grand Prix,Circuit de Barcelona-Catalunya,Spain,2019-05-12,raikkonen,Kimi Räikkönen,Finnish,Alfa Romeo,14.0,14,0.0,66,Finished,14.0,1:21.382
2019,5,Spanish Grand Prix,Circuit de Barcelona-Catalunya,Spain,2019-05-12,perez,Sergio Pérez,Mexican,Racing Point,15.0,15,0.0,66,Finished,16.0,1:21.859
2019,5,Spanish Grand Prix,Circuit de Barcelona-Catalunya,Spain,2019-05-12,giovinazzi,Antonio Giovinazzi,Italian,Alfa Romeo,18.0,16,0.0,66,Finished,15.0,1:21.833
2019,5,Spanish Grand Prix,Circuit de Barcelona-Catalunya,Spain,2019-05-12,russell,George Russell,British,Williams,19.0,17,0.0,65,+1 Lap,17.0,1:22.382
2019,5,Spanish Grand Prix,Circuit de Barcelona-Catalunya,Spain,2019-05-12,kubica,Robert Kubica,Polish,Williams,17.0,18,0.0,65,+1 Lap,19.0,1:23.202
2019,5,Spanish Grand Prix,Circuit de Barcelona-Catalunya,Spain,2019-05-12,stroll,Lance Stroll,Canadian,Racing Point,16.0,19,0.0,44,Collision,20.0,1:23.226
2019,5,Spanish Grand Prix,Circuit de Barcelona-Catalunya,Spain,2019-05-12,norris,Lando Norris,British,McLaren,10.0,20,0.0,44,Collision,18.0,1:22.561
2019,6,Monaco Grand Prix,Circuit de Monaco,Monaco,2019-05-26,hamilton,Lewis Hamilton,British,Mercedes,1.0,1,25.0,78,Finished,6.0,1:16.167
2019,6,Monaco Grand Prix,Circuit de Monaco,Monaco,2019-05-26,vettel,Sebastian Vettel,German,Ferrari,4.0,2,18.0,78,Finished,9.0,1:16.277
2019,6,Monaco Grand Prix,Circuit de Monaco,Monaco,2019-05-26,bottas,Valtteri Bottas,Finnish,Mercedes,2.0,3,15.0,78,Finished,2.0,1:15.163
2019,6,Monaco Grand Prix,Circuit de Monaco,Monaco,2019-05-26,max_verstappen,Max Verstappen,Dutch,Red Bull,3.0,4,12.0,78,Finished,7.0,1:16.229
2019,6,Monaco Grand Prix,Circuit de Monaco,Monaco,2019-05-26,gasly,Pierre Gasly,French,Red Bull,8.0,5,11.0,78,Finished,1.0,1:14.279
2019,6,Monaco Grand Prix,Circuit de Monaco,Monaco,2019-05-26,sainz,Carlos Sainz,Spanish,McLaren,9.0,6,8.0,78,Finished,5.0,1:15.891
2019,6,Monaco Grand Prix,Circuit de Monaco,Monaco,2019-05-26,kvyat,Daniil Kvyat,Russian,Toro Rosso,7.0,7,6.0,78,Finished,10.0,1:16.288
2019,6,Monaco Grand Prix,Circuit de Monaco,Monaco,2019-05-26,albon,Alexander Albon,Thai,Toro Rosso,10.0,8,4.0,78,Finished,3.0,1:15.607
2019,6,Monaco Grand Prix,Circuit de Monaco,Monaco,2019-05-26,ricciardo,Daniel Ricciardo,Australian,Renault,6.0,9,2.0,78,Finished,4.0,1:15.697
2019,6,Monaco Grand Prix,Circuit de Monaco,Monaco,2019-05-26,grosjean,Romain Grosjean,French,Haas F1 Team,13.0,10,1.0,78,Finished,16.0,1:16.746
2019,6,Monaco Grand Prix,Circuit de Monaco,Monaco,2019-05-26,norris,Lando Norris,British,McLaren,12.0,11,0.0,78,Finished,13.0,1:16.413
2019,6,Monaco Grand Prix,Circuit de Monaco,Monaco,2019-05-26,perez,Sergio Pérez,Mexican,Racing Point,16.0,12,0.0,77,+1 Lap,15.0,1:16.613
2019,6,Monaco Grand Prix,Circuit de Monaco,Monaco,2019-05-26,hulkenberg,Nico Hülkenberg,German,Renault,11.0,13,0.0,77,+1 Lap,8.0,1:16.276
2019,6,Monaco Grand Prix,Circuit de Monaco,Monaco,2019-05-26,kevin_magnussen,Kevin Magnussen,Danish,Haas F1 Team,5.0,14,0.0,77,+1 Lap,17.0,1:16.992
2019,6,Monaco Grand Prix,Circuit de Monaco,Monaco,2019-05-26,russell,George Russell,British,Williams,19.0,15,0.0,77,+1 Lap,18.0,1:17.038
2019,6,Monaco Grand Prix,Circuit de Monaco,Monaco,2019-05-26,stroll,Lance Stroll,Canadian,Racing Point,17.0,16,0.0,77,+1 Lap,12.0,1:16.379
2019,6,Monaco Grand Prix,Circuit de Monaco,Monaco,2019-05-26,raikkonen,Kimi Räikkönen,Finnish,Alfa Romeo,14.0,17,0.0,77,+1 Lap,14.0,1:16.436
2019,6,Monaco Grand Prix,Circuit de Monaco,Monaco,2019-05-26,kubica,Robert Kubica,Polish,Williams,20.0,18,0.0,77,+1 Lap,19.0,1:17.388
2019,6,Monaco Grand Prix,Circuit de Monaco,Monaco,2019-05-26,giovinazzi,Antonio Giovinazzi,Italian,Alfa Romeo,18.0,19,0.0,76,+2 Laps,11.0,1:16.299
2019,6,Monaco Grand Prix,Circuit de Monaco,Monaco,2019-05-26,leclerc,Charles Leclerc,Monegasque,Ferrari,15.0,20,0.0,16,Collision,20.0,1:19.151
2019,7,Canadian Grand Prix,Circuit Gilles Villeneuve,Canada,2019-06-09,hamilton,Lewis Hamilton,British,Mercedes,2.0,1,25.0,70,Finished,4.0,1:14.813
2019,7,Canadian Grand Prix,Circuit Gilles Villeneuve,Canada,2019-06-09,vettel,Sebastian Vettel,German,Ferrari,1.0,2,18.0,70,Finished,5.0,1:14.875
2019,7,Canadian Grand Prix,Circuit Gilles Villeneuve,Canada,2019-06-09,leclerc,Charles Leclerc,Monegasque,Ferrari,3.0,3,15.0,70,Finished,2.0,1:14.356
2019,7,Canadian Grand Prix,Circuit Gilles Villeneuve,Canada,2019-06-09,bottas,Valtteri Bottas,Finnish,Mercedes,6.0,4,13.0,70,Finished,1.0,1:13.078
2019,7,Canadian Grand Prix,Circuit Gilles Villeneuve,Canada,2019-06-09,max_verstappen,Max Verstappen,Dutch,Red Bull,9.0,5,10.0,70,Finished,3.0,1:14.767
2019,7,Canadian Grand Prix,Circuit Gilles Villeneuve,Canada,2019-06-09,ricciardo,Daniel Ricciardo,Australian,Renault,4.0,6,8.0,69,+1 Lap,9.0,1:16.075
2019,7,Canadian Grand Prix,Circuit Gilles Villeneuve,Canada,2019-06-09,hulkenberg,Nico Hülkenberg,German,Renault,7.0,7,6.0,69,+1 Lap,7.0,1:15.995
2019,7,Canadian Grand Prix,Circuit Gilles Villeneuve,Canada,2019-06-09,gasly,Pierre Gasly,French,Red Bull,5.0,8,4.0,69,+1 Lap,10.0,1:16.157
2019,7,Canadian Grand Prix,Circuit Gilles Villeneuve,Canada,2019-06-09,stroll,Lance Stroll,Canadian,Racing Point,17.0,9,2.0,69,+1 Lap,8.0,1:16.043
2019,7,Canadian Grand Prix,Circuit Gilles Villeneuve,Canada,2019-06-09,kvyat,Daniil Kvyat,Russian,Toro Rosso,10.0,10,1.0,69,+1 Lap,11.0,1:16.198
2019,7,Canadian Grand Prix,Circuit Gilles Villeneuve,Canada,2019-06-09,sainz,Carlos Sainz,Spanish,McLaren,11.0,11,0.0,69,+1 Lap,15.0,1:16.471
2019,7,Canadian Grand Prix,Circuit Gilles Villeneuve,Canada,2019-06-09,perez,Sergio Pérez,Mexican,Racing Point,15.0,12,0.0,69,+1 Lap,13.0,1:16.314
2019,7,Canadian Grand Prix,Circuit Gilles Villeneuve,Canada,2019-06-09,giovinazzi,Antonio Giovinazzi,Italian,Alfa Romeo,12.0,13,0.0,69,+1 Lap,14.0,1:16.365
2019,7,Canadian Grand Prix,Circuit Gilles Villeneuve,Canada,2019-06-09,grosjean,Romain Grosjean,French,Haas F1 Team,14.0,14,0.0,69,+1 Lap,12.0,1:16.245
2019,7,Canadian Grand Prix,Circuit Gilles Villeneuve,Canada,2019-06-09,raikkonen,Kimi Räikkönen,Finnish,Alfa Romeo,16.0,15,0.0,69,+1 Lap,6.0,1:15.442
2019,7,Canadian Grand Prix,Circuit Gilles Villeneuve,Canada,2019-06-09,russell,George Russell,British,Williams,18.0,16,0.0,68,+2 Laps,17.0,1:17.241
2019,7,Canadian Grand Prix,Circuit Gilles Villeneuve,Canada,2019-06-09,kevin_magnussen,Kevin Magnussen,Danish,Haas F1 Team,,17,0.0,68,+2 Laps,19.0,1:17.309
2019,7,Canadian Grand Prix,Circuit Gilles Villeneuve,Canada,2019-06-09,kubica,Robert Kubica,Polish,Williams,19.0,18,0.0,67,+3 Laps,18.0,1:17.285
2019,7,Canadian Grand Prix,Circuit Gilles Villeneuve,Canada,2019-06-09,albon,Alexander Albon,Thai,Toro Rosso,13.0,19,0.0,59,Collision damage,16.0,1:17.151
2019,7,Canadian Grand Prix,Circuit Gilles Villeneuve,Canada,2019-06-09,norris,Lando Norris,British,McLaren,8.0,20,0.0,8,Suspension,20.0,1:18.023
2019,8,French Grand Prix,Circuit Paul Ricard,France,2019-06-23,hamilton,Lewis Hamilton,British,Mercedes,1.0,1,25.0,53,Finished,2.0,1:32.764
2019,8,French Grand Prix,Circuit Paul Ricard,France,2019-06-23,bottas,Valtteri Bottas,Finnish,Mercedes,2.0,2,18.0,53,Finished,3.0,1:33.586
2019,8,French Grand Prix,Circuit Paul Ricard,France,2019-06-23,leclerc,Charles Leclerc,Monegasque,Ferrari,3.0,3,15.0,53,Finished,4.0,1:33.828
2019,8,French Grand Prix,Circuit Paul Ricard,France,2019-06-23,max_verstappen,Max Verstappen,Dutch,Red Bull,4.0,4,12.0,53,Finished,5.0,1:34.162
2019,8,French Grand Prix,Circuit Paul Ricard,France,2019-06-23,vettel,Sebastian Vettel,German,Ferrari,7.0,5,11.0,53,Finished,1.0,1:32.740
2019,8,French Grand Prix,Circuit Paul Ricard,France,2019-06-23,sainz,Carlos Sainz,Spanish,McLaren,6.0,6,8.0,53,Finished,6.0,1:34.561
2019,8,French Grand Prix,Circuit Paul Ricard,France,2019-06-23,raikkonen,Kimi Räikkönen,Finnish,Alfa Romeo,12.0,7,6.0,52,+1 Lap,8.0,1:34.873
2019,8,French Grand Prix,Circuit Paul Ricard,France,2019-06-23,hulkenberg,Nico Hülkenberg,German,Renault,13.0,8,4.0,52,+1 Lap,10.0,1:34.950
2019,8,French Grand Prix,Circuit Paul Ricard,France,2019-06-23,norris,Lando Norris,British,McLaren,5.0,9,2.0,52,+1 Lap,7.0,1:34.754
2019,8,French Grand Prix,Circuit Paul Ricard,France,2019-06-23,gasly,Pierre Gasly,French,Red Bull,9.0,10,1.0,52,+1 Lap,15.0,1:35.197
2019,8,French Grand Prix,Circuit Paul Ricard,France,2019-06-23,ricciardo,Daniel Ricciardo,Australian,Renault,8.0,11,0.0,52,+1 Lap,14.0,1:35.150
2019,8,French Grand Prix,Circuit Paul Ricard,France,2019-06-23,perez,Sergio Pérez,Mexican,Racing Point,14.0,12,0.0,52,+1 Lap,11.0,1:35.014
2019,8,French Grand Prix,Circuit Paul Ricard,France,2019-06-23,stroll,Lance Stroll,Canadian,Racing Point,17.0,13,0.0,52,+1 Lap,9.0,1:34.924
2019,8,French Grand Prix,Circuit Paul Ricard,France,2019-06-23,kvyat,Daniil Kvyat,Russian,Toro Rosso,19.0,14,0.0,52,+1 Lap,16.0,1:35.225
2019,8,French Grand Prix,Circuit Paul Ricard,France,2019-06-23,albon,Alexander Albon,Thai,Toro Rosso,11.0,15,0.0,52,+1 Lap,12.0,1:35.029
2019,8,French Grand Prix,Circuit Paul Ricard,France,2019-06-23,giovinazzi,Antonio Giovinazzi,Italian,Alfa Romeo,10.0,16,0.0,52,+1 Lap,13.0,1:35.115
2019,8,French Grand Prix,Circuit Paul Ricard,France,2019-06-23,kevin_magnussen,Kevin Magnussen,Danish,Haas F1 Team,15.0,17,0.0,52,+1 Lap,18.0,1:35.692
2019,8,French Grand Prix,Circuit Paul Ricard,France,2019-06-23,kubica,Robert Kubica,Polish,Williams,18.0,18,0.0,51,+2 Laps,20.0,1:36.608
2019,8,French Grand Prix,Circuit Paul Ricard,France,2019-06-23,russell,George Russell,British,Williams,20.0,19,0.0,51,+2 Laps,19.0,1:35.830
2019,8,French Grand Prix,Circuit Paul Ricard,France,2019-06-23,grosjean,Romain Grosjean,French,Haas F1 Team,16.0,20,0.0,44,Retired,17.0,1:35.691
2019,9,Austrian Grand Prix,Red Bull Ring,Austria,2019-06-30,max_verstappen,Max Verstappen,Dutch,Red Bull,2.0,1,26.0,71,Finished,1.0,1:07.475
2019,9,Austrian Grand Prix,Red Bull Ring,Austria,2019-06-30,leclerc,Charles Leclerc,Monegasque,Ferrari,1.0,2,18.0,71,Finished,3.0,1:07.994
2019,9,Austrian Grand Prix,Red Bull Ring,Austria,2019-06-30,bottas,Valtteri Bottas,Finnish,Mercedes,3.0,3,15.0,71,Finished,7.0,1:08.565
2019,9,Austrian Grand Prix,Red Bull Ring,Austria,2019-06-30,vettel,Sebastian Vettel,German,Ferrari,9.0,4,12.0,71,Finished,2.0,1:07.676
2019,9,Austrian Grand Prix,Red Bull Ring,Austria,2019-06-30,hamilton,Lewis Hamilton,British,Mercedes,4.0,5,10.0,71,Finished,5.0,1:08.050
2019,9,Austrian Grand Prix,Red Bull Ring,Austria,2019-06-30,norris,Lando Norris,British,McLaren,5.0,6,8.0,70,+1 Lap,8.0,1:08.699
2019,9,Austrian Grand Prix,Red Bull Ring,Austria,2019-06-30,gasly,Pierre Gasly,French,Red Bull,8.0,7,6.0,70,+1 Lap,9.0,1:08.790
2019,9,Austrian Grand Prix,Red Bull Ring,Austria,2019-06-30,sainz,Carlos Sainz,Spanish,McLaren,19.0,8,4.0,70,+1 Lap,6.0,1:08.117
2019,9,Austrian Grand Prix,Red Bull Ring,Austria,2019-06-30,raikkonen,Kimi Räikkönen,Finnish,Alfa Romeo,6.0,9,2.0,70,+1 Lap,15.0,1:09.126
2019,9,Austrian Grand Prix,Red Bull Ring,Austria,2019-06-30,giovinazzi,Antonio Giovinazzi,Italian,Alfa Romeo,7.0,10,1.0,70,+1 Lap,13.0,1:09.051
2019,9,Austrian Grand Prix,Red Bull Ring,Austria,2019-06-30,perez,Sergio Pérez,Mexican,Racing Point,13.0,11,0.0,70,+1 Lap,14.0,1:09.061
2019,9,Austrian Grand Prix,Red Bull Ring,Austria,2019-06-30,ricciardo,Daniel Ricciardo,Australian,Renault,12.0,12,0.0,70,+1 Lap,4.0,1:08.019
2019,9,Austrian Grand Prix,Red Bull Ring,Austria,2019-06-30,hulkenberg,Nico Hülkenberg,German,Renault,15.0,13,0.0,70,+1 Lap,16.0,1:09.248
2019,9,Austrian Grand Prix,Red Bull Ring,Austria,2019-06-30,stroll,Lance Stroll,Canadian,Racing Point,14.0,14,0.0,70,+1 Lap,17.0,1:09.288
2019,9,Austrian Grand Prix,Red Bull Ring,Austria,2019-06-30,albon,Alexander Albon,Thai,Toro Rosso,18.0,15,0.0,70,+1 Lap,11.0,1:08.946
2019,9,Austrian Grand Prix,Red Bull Ring,Austria,2019-06-30,grosjean,Romain Grosjean,French,Haas F1 Team,11.0,16,0.0,70,+1 Lap,12.0,1:08.987
2019,9,Austrian Grand Prix,Red Bull Ring,Austria,2019-06-30,kvyat,Daniil Kvyat,Russian,Toro Rosso,16.0,17,0.0,70,+1 Lap,18.0,1:09.498
2019,9,Austrian Grand Prix,Red Bull Ring,Austria,2019-06-30,russell,George Russell,British,Williams,,18,0.0,69,+2 Laps,19.0,1:09.926
2019,9,Austrian Grand Prix,Red Bull Ring,Austria,2019-06-30,kevin_magnussen,Kevin Magnussen,Danish,Haas F1 Team,10.0,19,0.0,69,+2 Laps,10.0,1:08.903
2019,9,Austrian Grand Prix,Red Bull Ring,Austria,2019-06-30,kubica,Robert Kubica,Polish,Williams,17.0,20,0.0,68,+3 Laps,20.0,1:10.964
2019,10,British Grand Prix,Silverstone Circuit,UK,2019-07-14,hamilton,Lewis Hamilton,British,Mercedes,2.0,1,26.0,52,Finished,1.0,1:27.369
2019,10,British Grand Prix,Silverstone Circuit,UK,2019-07-14,bottas,Valtteri Bottas,Finnish,Mercedes,1.0,2,18.0,52,Finished,2.0,1:27.406
2019,10,British Grand Prix,Silverstone Circuit,UK,2019-07-14,leclerc,Charles Leclerc,Monegasque,Ferrari,3.0,3,15.0,52,Finished,5.0,1:29.313
2019,10,British Grand Prix,Silverstone Circuit,UK,2019-07-14,gasly,Pierre Gasly,French,Red Bull,5.0,4,12.0,52,Finished,8.0,1:29.544
2019,10,British Grand Prix,Silverstone Circuit,UK,2019-07-14,max_verstappen,Max Verstappen,Dutch,Red Bull,4.0,5,10.0,52,Finished,4.0,1:29.272
2019,10,British Grand Prix,Silverstone Circuit,UK,2019-07-14,sainz,Carlos Sainz,Spanish,McLaren,13.0,6,8.0,52,Finished,11.0,1:29.757
2019,10,British Grand Prix,Silverstone Circuit,UK,2019-07-14,ricciardo,Daniel Ricciardo,Australian,Renault,7.0,7,6.0,52,Finished,9.0,1:29.624
2019,10,British Grand Prix,Silverstone Circuit,UK,2019-07-14,raikkonen,Kimi Räikkönen,Finnish,Alfa Romeo,12.0,8,4.0,52,Finished,14.0,1:30.034
2019,10,British Grand Prix,Silverstone Circuit,UK,2019-07-14,kvyat,Daniil Kvyat,Russian,Toro Rosso,17.0,9,2.0,52,Finished,12.0,1:29.910
2019,10,British Grand Prix,Silverstone Circuit,UK,2019-07-14,hulkenberg,Nico Hülkenberg,German,Renault,10.0,10,1.0,52,Finished,13.0,1:29.949
2019,10,British Grand Prix,Silverstone Circuit,UK,2019-07-14,norris,Lando Norris,British,McLaren,8.0,11,0.0,52,Finished,10.0,1:29.636
2019,10,British Grand Prix,Silverstone Circuit,UK,2019-07-14,albon,Alexander Albon,Thai,Toro Rosso,9.0,12,0.0,52,Finished,15.0,1:30.872
2019,10,British Grand Prix,Silverstone Circuit,UK,2019-07-14,stroll,Lance Stroll,Canadian,Racing Point,18.0,13,0.0,52,Finished,6.0,1:29.390
2019,10,British Grand Prix,Silverstone Circuit,UK,2019-07-14,russell,George Russell,British,Williams,19.0,14,0.0,51,+1 Lap,16.0,1:31.013
2019,10,British Grand Prix,Silverstone Circuit,UK,2019-07-14,kubica,Robert Kubica,Polish,Williams,20.0,15,0.0,51,+1 Lap,17.0,1:31.509
2019,10,British Grand Prix,Silverstone Circuit,UK,2019-07-14,vettel,Sebastian Vettel,German,Ferrari,6.0,16,0.0,51,+1 Lap,3.0,1:28.733
2019,10,British Grand Prix,Silverstone Circuit,UK,2019-07-14,perez,Sergio Pérez,Mexican,Racing Point,15.0,17,0.0,51,+1 Lap,7.0,1:29.456
2019,10,British Grand Prix,Silverstone Circuit,UK,2019-07-14,giovinazzi,Antonio Giovinazzi,Italian,Alfa Romeo,11.0,18,0.0,18,Spun off,18.0,1:32.464
2019,10,British Grand Prix,Silverstone Circuit,UK,2019-07-14,grosjean,Romain Grosjean,French,Haas F1 Team,14.0,19,0.0,9,Collision,20.0,1:34.350
2019,10,British Grand Prix,Silverstone Circuit,UK,2019-07-14,kevin_magnussen,Kevin Magnussen,Danish,Haas F1 Team,16.0,20,0.0,6,Collision,19.0,1:33.425
2019,11,German Grand Prix,Hockenheimring,Germany,2019-07-28,max_verstappen,Max Verstappen,Dutch,Red Bull,2.0,1,26.0,64,Finished,1.0,1:16.645
2019,11,German Grand Prix,Hockenheimring,Germany,2019-07-28,vettel,Sebastian Vettel,German,Ferrari,20.0,2,18.0,64,Finished,2.0,1:16.794
2019,11,German Grand Prix,Hockenheimring,Germany,2019-07-28,kvyat,Daniil Kvyat,Russian,Toro Rosso,14.0,3,15.0,64,Finished,6.0,1:17.708
2019,11,German Grand Prix,Hockenheimring,Germany,2019-07-28,stroll,Lance Stroll,Canadian,Racing Point,15.0,4,12.0,64,Finished,8.0,1:17.831
2019,11,German Grand Prix,Hockenheimring,Germany,2019-07-28,sainz,Carlos Sainz,Spanish,McLaren,7.0,5,10.0,64,Finished,9.0,1:17.841
2019,11,German Grand Prix,Hockenheimring,Germany,2019-07-28,albon,Alexander Albon,Thai,Toro Rosso,16.0,6,8.0,64,Finished,10.0,1:17.850
2019,11,German Grand Prix,Hockenheimring,Germany,2019-07-28,grosjean,Romain Grosjean,French,Haas F1 Team,6.0,7,6.0,64,Finished,7.0,1:17.746
2019,11,German Grand Prix,Hockenheimring,Germany,2019-07-28,kevin_magnussen,Kevin Magnussen,Danish,Haas F1 Team,12.0,8,4.0,64,Finished,5.0,1:17.507
2019,11,German Grand Prix,Hockenheimring,Germany,2019-07-28,hamilton,Lewis Hamilton,British,Mercedes,1.0,9,2.0,64,Finished,12.0,1:18.811
2019,11,German Grand Prix,Hockenheimring,Germany,2019-07-28,kubica,Robert Kubica,Polish,Williams,18.0,10,1.0,64,Finished,13.0,1:19.062
2019,11,German Grand Prix,Hockenheimring,Germany,2019-07-28,russell,George Russell,British,Williams,17.0,11,0.0,64,Finished,3.0,1:17.485
2019,11,German Grand Prix,Hockenheimring,Germany,2019-07-28,raikkonen,Kimi Räikkönen,Finnish,Alfa Romeo,5.0,12,0.0,64,Finished,15.0,1:19.563
2019,11,German Grand Prix,Hockenheimring,Germany,2019-07-28,giovinazzi,Antonio Giovinazzi,Italian,Alfa Romeo,11.0,13,0.0,64,Finished,14.0,1:19.300
2019,11,German Grand Prix,Hockenheimring,Germany,2019-07-28,gasly,Pierre Gasly,French,Red Bull,4.0,14,0.0,61,Collision,4.0,1:17.495
2019,11,German Grand Prix,Hockenheimring,Germany,2019-07-28,bottas,Valtteri Bottas,Finnish,Mercedes,3.0,15,0.0,56,Accident,11.0,1:18.272
2019,11,German Grand Prix,Hockenheimring,Germany,2019-07-28,hulkenberg,Nico Hülkenberg,German,Renault,9.0,16,0.0,39,Accident,17.0,1:29.576
2019,11,German Grand Prix,Hockenheimring,Germany,2019-07-28,leclerc,Charles Leclerc,Monegasque,Ferrari,10.0,17,0.0,27,Accident,16.0,1:27.697
2019,11,German Grand Prix,Hockenheimring,Germany,2019-07-28,norris,Lando Norris,British,McLaren,19.0,18,0.0,25,Power loss,18.0,1:31.081
2019,11,German Grand Prix,Hockenheimring,Germany,2019-07-28,ricciardo,Daniel Ricciardo,Australian,Renault,13.0,19,0.0,13,Exhaust,19.0,1:32.654
2019,11,German Grand Prix,Hockenheimring,Germany,2019-07-28,perez,Sergio Pérez,Mexican,Racing Point,8.0,20,0.0,1,Spun off,,
2019,12,Hungarian Grand Prix,Hungaroring,Hungary,2019-08-04,hamilton,Lewis Hamilton,British,Mercedes,3.0,1,25.0,70,Finished,2.0,1:18.528
2019,12,Hungarian Grand Prix,Hungaroring,Hungary,2019-08-04,max_verstappen,Max Verstappen,Dutch,Red Bull,1.0,2,19.0,70,Finished,1.0,1:17.103
2019,12,Hungarian Grand Prix,Hungaroring,Hungary,2019-08-04,vettel,Sebastian Vettel,German,Ferrari,5.0,3,15.0,70,Finished,4.0,1:19.786
2019,12,Hungarian Grand Prix,Hungaroring,Hungary,2019-08-04,leclerc,Charles Leclerc,Monegasque,Ferrari,4.0,4,12.0,70,Finished,5.0,1:20.493
2019,12,Hungarian Grand Prix,Hungaroring,Hungary,2019-08-04,sainz,Carlos Sainz,Spanish,McLaren,8.0,5,10.0,69,+1 Lap,10.0,1:21.002
2019,12,Hungarian Grand Prix,Hungaroring,Hungary,2019-08-04,gasly,Pierre Gasly,French,Red Bull,6.0,6,8.0,69,+1 Lap,12.0,1:21.045
2019,12,Hungarian Grand Prix,Hungaroring,Hungary,2019-08-04,raikkonen,Kimi Räikkönen,Finnish,Alfa Romeo,10.0,7,6.0,69,+1 Lap,9.0,1:20.880
2019,12,Hungarian Grand Prix,Hungaroring,Hungary,2019-08-04,bottas,Valtteri Bottas,Finnish,Mercedes,2.0,8,4.0,69,+1 Lap,3.0,1:19.331
2019,12,Hungarian Grand Prix,Hungaroring,Hungary,2019-08-04,norris,Lando Norris,British,McLaren,7.0,9,2.0,69,+1 Lap,13.0,1:21.188
2019,12,Hungarian Grand Prix,Hungaroring,Hungary,2019-08-04,albon,Alexander Albon,Thai,Toro Rosso,12.0,10,1.0,69,+1 Lap,7.0,1:20.621
2019,12,Hungarian Grand Prix,Hungaroring,Hungary,2019-08-04,perez,Sergio Pérez,Mexican,Racing Point,16.0,11,0.0,69,+1 Lap,15.0,1:21.734
2019,12,Hungarian Grand Prix,Hungaroring,Hungary,2019-08-04,hulkenberg,Nico Hülkenberg,German,Renault,11.0,12,0.0,69,+1 Lap,14.0,1:21.650
2019,12,Hungarian Grand Prix,Hungaroring,Hungary,2019-08-04,kevin_magnussen,Kevin Magnussen,Danish,Haas F1 Team,14.0,13,0.0,69,+1 Lap,11.0,1:21.008
2019,12,Hungarian Grand Prix,Hungaroring,Hungary,2019-08-04,ricciardo,Daniel Ricciardo,Australian,Renault,20.0,14,0.0,69,+1 Lap,8.0,1:20.839
2019,12,Hungarian Grand Prix,Hungaroring,Hungary,2019-08-04,kvyat,Daniil Kvyat,Russian,Toro Rosso,13.0,15,0.0,68,+2 Laps,16.0,1:21.932
2019,12,Hungarian Grand Prix,Hungaroring,Hungary,2019-08-04,russell,George Russell,British,Williams,15.0,16,0.0,68,+2 Laps,17.0,1:22.386
2019,12,Hungarian Grand Prix,Hungaroring,Hungary,2019-08-04,stroll,Lance Stroll,Canadian,Racing Point,18.0,17,0.0,68,+2 Laps,6.0,1:20.603
2019,12,Hungarian Grand Prix,Hungaroring,Hungary,2019-08-04,giovinazzi,Antonio Giovinazzi,Italian,Alfa Romeo,17.0,18,0.0,68,+2 Laps,19.0,1:23.134
2019,12,Hungarian Grand Prix,Hungaroring,Hungary,2019-08-04,kubica,Robert Kubica,Polish,Williams,19.0,19,0.0,67,+3 Laps,20.0,1:23.436
2019,12,Hungarian Grand Prix,Hungaroring,Hungary,2019-08-04,grosjean,Romain Grosjean,French,Haas F1 Team,9.0,20,0.0,49,Water pressure,18.0,1:22.809
2019,13,Belgian Grand Prix,Circuit de Spa-Francorchamps,Belgium,2019-09-01,leclerc,Charles Leclerc,Monegasque,Ferrari,1.0,1,25.0,44,Finished,4.0,1:46.664
2019,13,Belgian Grand Prix,Circuit de Spa-Francorchamps,Belgium,2019-09-01,hamilton,Lewis Hamilton,British,Mercedes,3.0,2,18.0,44,Finished,3.0,1:46.580
2019,13,Belgian Grand Prix,Circuit de Spa-Francorchamps,Belgium,2019-09-01,bottas,Valtteri Bottas,Finnish,Mercedes,4.0,3,15.0,44,Finished,2.0,1:46.465
2019,13,Belgian Grand Prix,Circuit de Spa-Francorchamps,Belgium,2019-09-01,vettel,Sebastian Vettel,German,Ferrari,2.0,4,13.0,44,Finished,1.0,1:46.409
2019,13,Belgian Grand Prix,Circuit de Spa-Francorchamps,Belgium,2019-09-01,albon,Alexander Albon,Thai,Red Bull,17.0,5,10.0,44,Finished,5.0,1:47.507
2019,13,Belgian Grand Prix,Circuit de Spa-Francorchamps,Belgium,2019-09-01,perez,Sergio Pérez,Mexican,Racing Point,7.0,6,8.0,44,Finished,13.0,1:48.781
2019,13,Belgian Grand Prix,Circuit de Spa-Francorchamps,Belgium,2019-09-01,kvyat,Daniil Kvyat,Russian,Toro Rosso,19.0,7,6.0,44,Finished,7.0,1:48.143
2019,13,Belgian Grand Prix,Circuit de Spa-Francorchamps,Belgium,2019-09-01,hulkenberg,Nico Hülkenberg,German,Renault,12.0,8,4.0,44,Finished,9.0,1:48.349
2019,13,Belgian Grand Prix,Circuit de Spa-Francorchamps,Belgium,2019-09-01,gasly,Pierre Gasly,French,Toro Rosso,13.0,9,2.0,44,Finished,17.0,1:49.700
2019,13,Belgian Grand Prix,Circuit de Spa-Francorchamps,Belgium,2019-09-01,stroll,Lance Stroll,Canadian,Racing Point,16.0,10,1.0,44,Finished,10.0,1:48.357
2019,13,Belgian Grand Prix,Circuit de Spa-Francorchamps,Belgium,2019-09-01,norris,Lando Norris,British,McLaren,11.0,11,0.0,43,Engine,8.0,1:48.321
2019,13,Belgian Grand Prix,Circuit de Spa-Francorchamps,Belgium,2019-09-01,kevin_magnussen,Kevin Magnussen,Danish,Haas F1 Team,8.0,12,0.0,43,+1 Lap,11.0,1:48.677
2019,13,Belgian Grand Prix,Circuit de Spa-Francorchamps,Belgium,2019-09-01,grosjean,Romain Grosjean,French,Haas F1 Team,9.0,13,0.0,43,+1 Lap,16.0,1:49.274
2019,13,Belgian Grand Prix,Circuit de Spa-Francorchamps,Belgium,2019-09-01,ricciardo,Daniel Ricciardo,Australian,Renault,10.0,14,0.0,43,+1 Lap,18.0,1:50.451
2019,13,Belgian Grand Prix,Circuit de Spa-Francorchamps,Belgium,2019-09-01,russell,George Russell,British,Williams,14.0,15,0.0,43,+1 Lap,14.0,1:48.860
2019,13,Belgian Grand Prix,Circuit de Spa-Francorchamps,Belgium,2019-09-01,raikkonen,Kimi Räikkönen,Finnish,Alfa Romeo,6.0,16,0.0,43,+1 Lap,12.0,1:48.753
2019,13,Belgian Grand Prix,Circuit de Spa-Francorchamps,Belgium,2019-09-01,kubica,Robert Kubica,Polish,Williams,,17,0.0,43,+1 Lap,15.0,1:49.220
2019,13,Belgian Grand Prix,Circuit de Spa-Francorchamps,Belgium,2019-09-01,giovinazzi,Antonio Giovinazzi,Italian,Alfa Romeo,18.0,18,0.0,42,Accident,6.0,1:47.560
2019,13,Belgian Grand Prix,Circuit de Spa-Francorchamps,Belgium,2019-09-01,sainz,Carlos Sainz,Spanish,McLaren,15.0,19,0.0,1,Power loss,,
2019,13,Belgian Grand Prix,Circuit de Spa-Francorchamps,Belgium,2019-09-01,max_verstappen,Max Verstappen,Dutch,Red Bull,5.0,20,0.0,0,Accident,,
2019,14,Italian Grand Prix,Autodromo Nazionale di Monza,Italy,2019-09-08,leclerc,Charles Leclerc,Monegasque,Ferrari,1.0,1,25.0,53,Finished,4.0,1:23.009
2019,14,Italian Grand Prix,Autodromo Nazionale di Monza,Italy,2019-09-08,bottas,Valtteri Bottas,Finnish,Mercedes,3.0,2,18.0,53,Finished,3.0,1:22.859
2019,14,Italian Grand Prix,Autodromo Nazionale di Monza,Italy,2019-09-08,hamilton,Lewis Hamilton,British,Mercedes,2.0,3,16.0,53,Finished,1.0,1:21.779
2019,14,Italian Grand Prix,Autodromo Nazionale di Monza,Italy,2019-09-08,ricciardo,Daniel Ricciardo,Australian,Renault,5.0,4,12.0,53,Finished,7.0,1:23.466
2019,14,Italian Grand Prix,Autodromo Nazionale di Monza,Italy,2019-09-08,hulkenberg,Nico Hülkenberg,German,Renault,6.0,5,10.0,53,Finished,8.0,1:23.641
2019,14,Italian Grand Prix,Autodromo Nazionale di Monza,Italy,2019-09-08,albon,Alexander Albon,Thai,Red Bull,8.0,6,8.0,53,Finished,6.0,1:23.364
2019,14,Italian Grand Prix,Autodromo Nazionale di Monza,Italy,2019-09-08,perez,Sergio Pérez,Mexican,Racing Point,18.0,7,6.0,53,Finished,9.0,1:23.770
2019,14,Italian Grand Prix,Autodromo Nazionale di Monza,Italy,2019-09-08,max_verstappen,Max Verstappen,Dutch,Red Bull,19.0,8,4.0,53,Finished,5.0,1:23.143
2019,14,Italian Grand Prix,Autodromo Nazionale di Monza,Italy,2019-09-08,giovinazzi,Antonio Giovinazzi,Italian,Alfa Romeo,10.0,9,2.0,52,+1 Lap,15.0,1:24.503
2019,14,Italian Grand Prix,Autodromo Nazionale di Monza,Italy,2019-09-08,norris,Lando Norris,British,McLaren,16.0,10,1.0,52,+1 Lap,11.0,1:24.044
2019,14,Italian Grand Prix,Autodromo Nazionale di Monza,Italy,2019-09-08,gasly,Pierre Gasly,French,Toro Rosso,17.0,11,0.0,52,+1 Lap,10.0,1:23.885
2019,14,Italian Grand Prix,Autodromo Nazionale di Monza,Italy,2019-09-08,stroll,Lance Stroll,Canadian,Racing Point,9.0,12,0.0,52,+1 Lap,12.0,1:24.165
2019,14,Italian Grand Prix,Autodromo Nazionale di Monza,Italy,2019-09-08,vettel,Sebastian Vettel,German,Ferrari,4.0,13,0.0,52,+1 Lap,2.0,1:22.799
2019,14,Italian Grand Prix,Autodromo Nazionale di Monza,Italy,2019-09-08,russell,George Russell,British,Williams,14.0,14,0.0,52,+1 Lap,16.0,1:24.842
2019,14,Italian Grand Prix,Autodromo Nazionale di Monza,Italy,2019-09-08,raikkonen,Kimi Räikkönen,Finnish,Alfa Romeo,,15,0.0,52,+1 Lap,13.0,1:24.419
2019,14,Italian Grand Prix,Autodromo Nazionale di Monza,Italy,2019-09-08,grosjean,Romain Grosjean,French,Haas F1 Team,13.0,16,0.0,52,+1 Lap,17.0,1:24.985
2019,14,Italian Grand Prix,Autodromo Nazionale di Monza,Italy,2019-09-08,kubica,Robert Kubica,Polish,Williams,15.0,17,0.0,51,+2 Laps,18.0,1:24.989
2019,14,Italian Grand Prix,Autodromo Nazionale di Monza,Italy,2019-09-08,kevin_magnussen,Kevin Magnussen,Danish,Haas F1 Team,11.0,18,0.0,43,Hydraulics,14.0,1:24.443
2019,14,Italian Grand Prix,Autodromo Nazionale di Monza,Italy,2019-09-08,kvyat,Daniil Kvyat,Russian,Toro Rosso,12.0,19,0.0,29,Engine,20.0,1:25.772
2019,14,Italian Grand Prix,Autodromo Nazionale di Monza,Italy,2019-09-08,sainz,Carlos Sainz,Spanish,McLaren,7.0,20,0.0,27,Wheel,19.0,1:25.637
2019,15,Singapore Grand Prix,Marina Bay Street Circuit,Singapore,2019-09-22,vettel,Sebastian Vettel,German,Ferrari,3.0,1,25.0,61,Finished,5.0,1:44.802
2019,15,Singapore Grand Prix,Marina Bay Street Circuit,Singapore,2019-09-22,leclerc,Charles Leclerc,Monegasque,Ferrari,1.0,2,18.0,61,Finished,4.0,1:44.723
2019,15,Singapore Grand Prix,Marina Bay Street Circuit,Singapore,2019-09-22,max_verstappen,Max Verstappen,Dutch,Red Bull,4.0,3,15.0,61,Finished,8.0,1:45.176
2019,15,Singapore Grand Prix,Marina Bay Street Circuit,Singapore,2019-09-22,hamilton,Lewis Hamilton,British,Mercedes,2.0,4,12.0,61,Finished,7.0,1:44.914
2019,15,Singapore Grand Prix,Marina Bay Street Circuit,Singapore,2019-09-22,bottas,Valtteri Bottas,Finnish,Mercedes,5.0,5,10.0,61,Finished,2.0,1:43.534
2019,15,Singapore Grand Prix,Marina Bay Street Circuit,Singapore,2019-09-22,albon,Alexander Albon,Thai,Red Bull,6.0,6,8.0,61,Finished,9.0,1:45.260
2019,15,Singapore Grand Prix,Marina Bay Street Circuit,Singapore,2019-09-22,norris,Lando Norris,British,McLaren,9.0,7,6.0,61,Finished,11.0,1:45.716
2019,15,Singapore Grand Prix,Marina Bay Street Circuit,Singapore,2019-09-22,gasly,Pierre Gasly,French,Toro Rosso,11.0,8,4.0,61,Finished,13.0,1:45.769
2019,15,Singapore Grand Prix,Marina Bay Street Circuit,Singapore,2019-09-22,hulkenberg,Nico Hülkenberg,German,Renault,8.0,9,2.0,61,Finished,12.0,1:45.765
2019,15,Singapore Grand Prix,Marina Bay Street Circuit,Singapore,2019-09-22,giovinazzi,Antonio Giovinazzi,Italian,Alfa Romeo,10.0,10,1.0,61,Finished,10.0,1:45.630
2019,15,Singapore Grand Prix,Marina Bay Street Circuit,Singapore,2019-09-22,grosjean,Romain Grosjean,French,Haas F1 Team,17.0,11,0.0,61,Finished,16.0,1:46.274
2019,15,Singapore Grand Prix,Marina Bay Street Circuit,Singapore,2019-09-22,sainz,Carlos Sainz,Spanish,McLaren,7.0,12,0.0,61,Finished,15.0,1:45.969
2019,15,Singapore Grand Prix,Marina Bay Street Circuit,Singapore,2019-09-22,stroll,Lance Stroll,Canadian,Racing Point,16.0,13,0.0,61,Finished,6.0,1:44.896
2019,15,Singapore Grand Prix,Marina Bay Street Circuit,Singapore,2019-09-22,ricciardo,Daniel Ricciardo,Australian,Renault,20.0,14,0.0,61,Finished,14.0,1:45.915
2019,15,Singapore Grand Prix,Marina Bay Street Circuit,Singapore,2019-09-22,kvyat,Daniil Kvyat,Russian,Toro Rosso,14.0,15,0.0,61,Finished,3.0,1:44.371
2019,15,Singapore Grand Prix,Marina Bay Street Circuit,Singapore,2019-09-22,kubica,Robert Kubica,Polish,Williams,19.0,16,0.0,61,Finished,18.0,1:46.793
2019,15,Singapore Grand Prix,Marina Bay Street Circuit,Singapore,2019-09-22,kevin_magnussen,Kevin Magnussen,Danish,Haas F1 Team,13.0,17,0.0,61,Finished,1.0,1:42.301
2019,15,Singapore Grand Prix,Marina Bay Street Circuit,Singapore,2019-09-22,raikkonen,Kimi Räikkönen,Finnish,Alfa Romeo,12.0,18,0.0,49,Collision,19.0,1:47.062
2019,15,Singapore Grand Prix,Marina Bay Street Circuit,Singapore,2019-09-22,perez,Sergio Pérez,Mexican,Racing Point,15.0,19,0.0,42,Engine,17.0,1:46.683
2019,15,Singapore Grand Prix,Marina Bay Street Circuit,Singapore,2019-09-22,russell,George Russell,British,Williams,18.0,20,0.0,34,Collision,20.0,1:48.285
2019,16,Russian Grand Prix,Sochi Autodrom,Russia,2019-09-29,hamilton,Lewis Hamilton,British,Mercedes,2.0,1,26.0,53,Finished,1.0,1:35.761
2019,16,Russian Grand Prix,Sochi Autodrom,Russia,2019-09-29,bottas,Valtteri Bottas,Finnish,Mercedes,4.0,2,18.0,53,Finished,3.0,1:36.316
2019,16,Russian Grand Prix,Sochi Autodrom,Russia,2019-09-29,leclerc,Charles Leclerc,Monegasque,Ferrari,1.0,3,15.0,53,Finished,2.0,1:36.193
2019,16,Russian Grand Prix,Sochi Autodrom,Russia,2019-09-29,max_verstappen,Max Verstappen,Dutch,Red Bull,9.0,4,12.0,53,Finished,5.0,1:36.937
2019,16,Russian Grand Prix,Sochi Autodrom,Russia,2019-09-29,albon,Alexander Albon,Thai,Red Bull,,5,10.0,53,Finished,4.0,1:36.762
2019,16,Russian Grand Prix,Sochi Autodrom,Russia,2019-09-29,sainz,Carlos Sainz,Spanish,McLaren,5.0,6,8.0,53,Finished,6.0,1:38.020
2019,16,Russian Grand Prix,Sochi Autodrom,Russia,2019-09-29,perez,Sergio Pérez,Mexican,Racing Point,11.0,7,6.0,53,Finished,7.0,1:38.043
2019,16,Russian Grand Prix,Sochi Autodrom,Russia,2019-09-29,norris,Lando Norris,British,McLaren,7.0,8,4.0,53,Finished,11.0,1:38.301
2019,16,Russian Grand Prix,Sochi Autodrom,Russia,2019-09-29,kevin_magnussen,Kevin Magnussen,Danish,Haas F1 Team,13.0,9,2.0,53,Finished,8.0,1:38.130
2019,16,Russian Grand Prix,Sochi Autodrom,Russia,2019-09-29,hulkenberg,Nico Hülkenberg,German,Renault,6.0,10,1.0,53,Finished,12.0,1:38.519
2019,16,Russian Grand Prix,Sochi Autodrom,Russia,2019-09-29,stroll,Lance Stroll,Canadian,Racing Point,14.0,11,0.0,53,Finished,15.0,1:38.611
2019,16,Russian Grand Prix,Sochi Autodrom,Russia,2019-09-29,kvyat,Daniil Kvyat,Russian,Toro Rosso,19.0,12,0.0,53,Finished,9.0,1:38.228
2019,16,Russian Grand Prix,Sochi Autodrom,Russia,2019-09-29,raikkonen,Kimi Räikkönen,Finnish,Alfa Romeo,15.0,13,0.0,53,Finished,13.0,1:38.589
2019,16,Russian Grand Prix,Sochi Autodrom,Russia,2019-09-29,gasly,Pierre Gasly,French,Toro Rosso,16.0,14,0.0,53,Finished,14.0,1:38.606
2019,16,Russian Grand Prix,Sochi Autodrom,Russia,2019-09-29,giovinazzi,Antonio Giovinazzi,Italian,Alfa Romeo,12.0,15,0.0,53,Finished,16.0,1:38.696
2019,16,Russian Grand Prix,Sochi Autodrom,Russia,2019-09-29,kubica,Robert Kubica,Polish,Williams,18.0,16,0.0,28,Brakes,19.0,1:42.327
2019,16,Russian Grand Prix,Sochi Autodrom,Russia,2019-09-29,russell,George Russell,British,Williams,17.0,17,0.0,27,Brakes,18.0,1:41.705
2019,16,Russian Grand Prix,Sochi Autodrom,Russia,2019-09-29,vettel,Sebastian Vettel,German,Ferrari,3.0,18,0.0,26,Power loss,10.0,1:38.245
2019,16,Russian Grand Prix,Sochi Autodrom,Russia,2019-09-29,ricciardo,Daniel Ricciardo,Australian,Renault,10.0,19,0.0,24,Collision,17.0,1:41.284
2019,16,Russian Grand Prix,Sochi Autodrom,Russia,2019-09-29,grosjean,Romain Grosjean,French,Haas F1 Team,8.0,20,0.0,0,Collision,,
2019,17,Japanese Grand Prix,Suzuka Circuit,Japan,2019-10-13,bottas,Valtteri Bottas,Finnish,Mercedes,3.0,1,25.0,52,Finished,4.0,1:31.862
2019,17,Japanese Grand Prix,Suzuka Circuit,Japan,2019-10-13,vettel,Sebastian Vettel,German,Ferrari,1.0,2,18.0,52,Finished,5.0,1:32.122
2019,17,Japanese Grand Prix,Suzuka Circuit,Japan,2019-10-13,hamilton,Lewis Hamilton,British,Mercedes,4.0,3,16.0,52,Finished,1.0,1:30.983
2019,17,Japanese Grand Prix,Suzuka Circuit,Japan,2019-10-13,albon,Alexander Albon,Thai,Red Bull,6.0,4,12.0,52,Finished,8.0,1:32.775
2019,17,Japanese Grand Prix,Suzuka Circuit,Japan,2019-10-13,sainz,Carlos Sainz,Spanish,McLaren,7.0,5,10.0,52,Finished,12.0,1:33.563
2019,17,Japanese Grand Prix,Suzuka Circuit,Japan,2019-10-13,leclerc,Charles Leclerc,Monegasque,Ferrari,2.0,6,8.0,51,+1 Lap,2.0,1:31.611
2019,17,Japanese Grand Prix,Suzuka Circuit,Japan,2019-10-13,gasly,Pierre Gasly,French,Toro Rosso,9.0,7,6.0,51,+1 Lap,17.0,1:35.321
2019,17,Japanese Grand Prix,Suzuka Circuit,Japan,2019-10-13,perez,Sergio Pérez,Mexican,Racing Point,17.0,8,4.0,51,+1 Lap,7.0,1:32.621
2019,17,Japanese Grand Prix,Suzuka Circuit,Japan,2019-10-13,stroll,Lance Stroll,Canadian,Racing Point,12.0,9,2.0,51,+1 Lap,14.0,1:34.713
2019,17,Japanese Grand Prix,Suzuka Circuit,Japan,2019-10-13,kvyat,Daniil Kvyat,Russian,Toro Rosso,14.0,10,1.0,51,+1 Lap,10.0,1:33.239
2019,17,Japanese Grand Prix,Suzuka Circuit,Japan,2019-10-13,norris,Lando Norris,British,McLaren,8.0,11,0.0,51,+1 Lap,13.0,1:34.116
2019,17,Japanese Grand Prix,Suzuka Circuit,Japan,2019-10-13,raikkonen,Kimi Räikkönen,Finnish,Alfa Romeo,13.0,12,0.0,51,+1 Lap,9.0,1:33.190
2019,17,Japanese Grand Prix,Suzuka Circuit,Japan,2019-10-13,grosjean,Romain Grosjean,French,Haas F1 Team,10.0,13,0.0,51,+1 Lap,16.0,1:34.988
2019,17,Japanese Grand Prix,Suzuka Circuit,Japan,2019-10-13,giovinazzi,Antonio Giovinazzi,Italian,Alfa Romeo,11.0,14,0.0,51,+1 Lap,6.0,1:32.369
2019,17,Japanese Grand Prix,Suzuka Circuit,Japan,2019-10-13,kevin_magnussen,Kevin Magnussen,Danish,Haas F1 Team,19.0,15,0.0,51,+1 Lap,3.0,1:31.732
2019,17,Japanese Grand Prix,Suzuka Circuit,Japan,2019-10-13,russell,George Russell,British,Williams,18.0,16,0.0,50,+2 Laps,18.0,1:35.458
2019,17,Japanese Grand Prix,Suzuka Circuit,Japan,2019-10-13,kubica,Robert Kubica,Polish,Williams,,17,0.0,50,+2 Laps,19.0,1:36.332
2019,17,Japanese Grand Prix,Suzuka Circuit,Japan,2019-10-13,max_verstappen,Max Verstappen,Dutch,Red Bull,5.0,18,0.0,14,Brakes,20.0,1:37.249
2019,17,Japanese Grand Prix,Suzuka Circuit,Japan,2019-10-13,ricciardo,Daniel Ricciardo,Australian,Renault,16.0,19,0.0,51,Disqualified,11.0,1:33.481
2019,17,Japanese Grand Prix,Suzuka Circuit,Japan,2019-10-13,hulkenberg,Nico Hülkenberg,German,Renault,15.0,20,0.0,51,Disqualified,15.0,1:34.921
2019,18,Mexican Grand Prix,Autódromo Hermanos Rodríguez,Mexico,2019-10-27,hamilton,Lewis Hamilton,British,Mercedes,3.0,1,25.0,71,Finished,4.0,1:19.461
2019,18,Mexican Grand Prix,Autódromo Hermanos Rodríguez,Mexico,2019-10-27,vettel,Sebastian Vettel,German,Ferrari,2.0,2,18.0,71,Finished,3.0,1:19.381
2019,18,Mexican Grand Prix,Autódromo Hermanos Rodríguez,Mexico,2019-10-27,bottas,Valtteri Bottas,Finnish,Mercedes,6.0,3,15.0,71,Finished,5.0,1:19.494
2019,18,Mexican Grand Prix,Autódromo Hermanos Rodríguez,Mexico,2019-10-27,leclerc,Charles Leclerc,Monegasque,Ferrari,1.0,4,13.0,71,Finished,1.0,1:19.232
2019,18,Mexican Grand Prix,Autódromo Hermanos Rodríguez,Mexico,2019-10-27,albon,Alexander Albon,Thai,Red Bull,5.0,5,10.0,71,Finished,2.0,1:19.325
2019,18,Mexican Grand Prix,Autódromo Hermanos Rodríguez,Mexico,2019-10-27,max_verstappen,Max Verstappen,Dutch,Red Bull,4.0,6,8.0,71,Finished,11.0,1:20.406
2019,18,Mexican Grand Prix,Autódromo Hermanos Rodríguez,Mexico,2019-10-27,perez,Sergio Pérez,Mexican,Racing Point,11.0,7,6.0,71,Finished,12.0,1:20.485
2019,18,Mexican Grand Prix,Autódromo Hermanos Rodríguez,Mexico,2019-10-27,ricciardo,Daniel Ricciardo,Australian,Renault,13.0,8,4.0,71,Finished,9.0,1:20.146
2019,18,Mexican Grand Prix,Autódromo Hermanos Rodríguez,Mexico,2019-10-27,gasly,Pierre Gasly,French,Toro Rosso,10.0,9,2.0,70,+1 Lap,6.0,1:19.530
2019,18,Mexican Grand Prix,Autódromo Hermanos Rodríguez,Mexico,2019-10-27,hulkenberg,Nico Hülkenberg,German,Renault,12.0,10,1.0,70,+1 Lap,14.0,1:20.791
2019,18,Mexican Grand Prix,Autódromo Hermanos Rodríguez,Mexico,2019-10-27,kvyat,Daniil Kvyat,Russian,Toro Rosso,9.0,11,0.0,70,+1 Lap,7.0,1:19.905
2019,18,Mexican Grand Prix,Autódromo Hermanos Rodríguez,Mexico,2019-10-27,stroll,Lance Stroll,Canadian,Racing Point,16.0,12,0.0,70,+1 Lap,15.0,1:20.922
2019,18,Mexican Grand Prix,Autódromo Hermanos Rodríguez,Mexico,2019-10-27,sainz,Carlos Sainz,Spanish,McLaren,7.0,13,0.0,70,+1 Lap,10.0,1:20.311
2019,18,Mexican Grand Prix,Autódromo Hermanos Rodríguez,Mexico,2019-10-27,giovinazzi,Antonio Giovinazzi,Italian,Alfa Romeo,15.0,14,0.0,70,+1 Lap,16.0,1:21.014
2019,18,Mexican Grand Prix,Autódromo Hermanos Rodríguez,Mexico,2019-10-27,kevin_magnussen,Kevin Magnussen,Danish,Haas F1 Team,17.0,15,0.0,69,+2 Laps,20.0,1:21.682
2019,18,Mexican Grand Prix,Autódromo Hermanos Rodríguez,Mexico,2019-10-27,russell,George Russell,British,Williams,19.0,16,0.0,69,+2 Laps,17.0,1:21.286
2019,18,Mexican Grand Prix,Autódromo Hermanos Rodríguez,Mexico,2019-10-27,grosjean,Romain Grosjean,French,Haas F1 Team,18.0,17,0.0,69,+2 Laps,18.0,1:21.581
2019,18,Mexican Grand Prix,Autódromo Hermanos Rodríguez,Mexico,2019-10-27,kubica,Robert Kubica,Polish,Williams,20.0,18,0.0,69,+2 Laps,13.0,1:20.696
2019,18,Mexican Grand Prix,Autódromo Hermanos Rodríguez,Mexico,2019-10-27,raikkonen,Kimi Räikkönen,Finnish,Alfa Romeo,14.0,19,0.0,58,Overheating,8.0,1:20.082
2019,18,Mexican Grand Prix,Autódromo Hermanos Rodríguez,Mexico,2019-10-27,norris,Lando Norris,British,McLaren,8.0,20,0.0,48,Withdrew,19.0,1:21.643
2019,19,United States Grand Prix,Circuit of the Americas,USA,2019-11-03,bottas,Valtteri Bottas,Finnish,Mercedes,1.0,1,25.0,56,Finished,2.0,1:36.957
2019,19,United States Grand Prix,Circuit of the Americas,USA,2019-11-03,hamilton,Lewis Hamilton,British,Mercedes,5.0,2,18.0,56,Finished,7.0,1:38.446
2019,19,United States Grand Prix,Circuit of the Americas,USA,2019-11-03,max_verstappen,Max Verstappen,Dutch,Red Bull,3.0,3,15.0,56,Finished,5.0,1:38.214
2019,19,United States Grand Prix,Circuit of the Americas,USA,2019-11-03,leclerc,Charles Leclerc,Monegasque,Ferrari,4.0,4,13.0,56,Finished,1.0,1:36.169
2019,19,United States Grand Prix,Circuit of the Americas,USA,2019-11-03,albon,Alexander Albon,Thai,Red Bull,6.0,5,10.0,56,Finished,3.0,1:38.029
2019,19,United States Grand Prix,Circuit of the Americas,USA,2019-11-03,ricciardo,Daniel Ricciardo,Australian,Renault,9.0,6,8.0,56,Finished,14.0,1:40.564
2019,19,United States Grand Prix,Circuit of the Americas,USA,2019-11-03,norris,Lando Norris,British,McLaren,8.0,7,6.0,56,Finished,4.0,1:38.074
2019,19,United States Grand Prix,Circuit of the Americas,USA,2019-11-03,sainz,Carlos Sainz,Spanish,McLaren,7.0,8,4.0,55,+1 Lap,15.0,1:40.844
2019,19,United States Grand Prix,Circuit of the Americas,USA,2019-11-03,hulkenberg,Nico Hülkenberg,German,Renault,11.0,9,2.0,55,+1 Lap,6.0,1:38.437
2019,19,United States Grand Prix,Circuit of the Americas,USA,2019-11-03,perez,Sergio Pérez,Mexican,Racing Point,,10,1.0,55,+1 Lap,11.0,1:40.165
2019,19,United States Grand Prix,Circuit of the Americas,USA,2019-11-03,raikkonen,Kimi Räikkönen,Finnish,Alfa Romeo,17.0,11,0.0,55,+1 Lap,9.0,1:39.608
2019,19,United States Grand Prix,Circuit of the Americas,USA,2019-11-03,kvyat,Daniil Kvyat,Russian,Toro Rosso,13.0,12,0.0,55,+1 Lap,8.0,1:38.969
2019,19,United States Grand Prix,Circuit of the Americas,USA,2019-11-03,stroll,Lance Stroll,Canadian,Racing Point,14.0,13,0.0,55,+1 Lap,13.0,1:40.380
2019,19,United States Grand Prix,Circuit of the Americas,USA,2019-11-03,giovinazzi,Antonio Giovinazzi,Italian,Alfa Romeo,16.0,14,0.0,55,+1 Lap,10.0,1:39.964
2019,19,United States Grand Prix,Circuit of the Americas,USA,2019-11-03,grosjean,Romain Grosjean,French,Haas F1 Team,15.0,15,0.0,55,+1 Lap,18.0,1:41.270
2019,19,United States Grand Prix,Circuit of the Americas,USA,2019-11-03,gasly,Pierre Gasly,French,Toro Rosso,10.0,16,0.0,54,Suspension,16.0,1:40.850
2019,19,United States Grand Prix,Circuit of the Americas,USA,2019-11-03,russell,George Russell,British,Williams,18.0,17,0.0,54,+2 Laps,17.0,1:41.239
2019,19,United States Grand Prix,Circuit of the Americas,USA,2019-11-03,kevin_magnussen,Kevin Magnussen,Danish,Haas F1 Team,12.0,18,0.0,52,Brakes,12.0,1:40.347
2019,19,United States Grand Prix,Circuit of the Americas,USA,2019-11-03,kubica,Robert Kubica,Polish,Williams,19.0,19,0.0,31,Oil leak,20.0,1:43.830
2019,19,United States Grand Prix,Circuit of the Americas,USA,2019-11-03,vettel,Sebastian Vettel,German,Ferrari,2.0,20,0.0,7,Suspension,19.0,1:42.165
2019,20,Brazilian Grand Prix,Autódromo José Carlos Pace,Brazil,2019-11-17,max_verstappen,Max Verstappen,Dutch,Red Bull,1.0,1,25.0,71,Finished,2.0,1:10.862
2019,20,Brazilian Grand Prix,Autódromo José Carlos Pace,Brazil,2019-11-17,gasly,Pierre Gasly,French,Toro Rosso,6.0,2,18.0,71,Finished,9.0,1:12.425
2019,20,Brazilian Grand Prix,Autódromo José Carlos Pace,Brazil,2019-11-17,sainz,Carlos Sainz,Spanish,McLaren,20.0,3,15.0,71,Finished,16.0,1:13.158
2019,20,Brazilian Grand Prix,Autódromo José Carlos Pace,Brazil,2019-11-17,raikkonen,Kimi Räikkönen,Finnish,Alfa Romeo,8.0,4,12.0,71,Finished,15.0,1:13.135
2019,20,Brazilian Grand Prix,Autódromo José Carlos Pace,Brazil,2019-11-17,giovinazzi,Antonio Giovinazzi,Italian,Alfa Romeo,12.0,5,10.0,71,Finished,14.0,1:13.020
2019,20,Brazilian Grand Prix,Autódromo José Carlos Pace,Brazil,2019-11-17,ricciardo,Daniel Ricciardo,Australian,Renault,11.0,6,8.0,71,Finished,11.0,1:12.733
2019,20,Brazilian Grand Prix,Autódromo José Carlos Pace,Brazil,2019-11-17,hamilton,Lewis Hamilton,British,Mercedes,3.0,7,6.0,71,Finished,3.0,1:11.082
2019,20,Brazilian Grand Prix,Autódromo José Carlos Pace,Brazil,2019-11-17,norris,Lando Norris,British,McLaren,10.0,8,4.0,71,Finished,7.0,1:12.328
2019,20,Brazilian Grand Prix,Autódromo José Carlos Pace,Brazil,2019-11-17,perez,Sergio Pérez,Mexican,Racing Point,15.0,9,2.0,71,Finished,12.0,1:12.840
2019,20,Brazilian Grand Prix,Autódromo José Carlos Pace,Brazil,2019-11-17,kvyat,Daniil Kvyat,Russian,Toro Rosso,16.0,10,1.0,71,Finished,8.0,1:12.385
2019,20,Brazilian Grand Prix,Autódromo José Carlos Pace,Brazil,2019-11-17,kevin_magnussen,Kevin Magnussen,Danish,Haas F1 Team,9.0,11,0.0,71,Finished,17.0,1:13.262
2019,20,Brazilian Grand Prix,Autódromo José Carlos Pace,Brazil,2019-11-17,russell,George Russell,British,Williams,18.0,12,0.0,71,Finished,19.0,1:13.752
2019,20,Brazilian Grand Prix,Autódromo José Carlos Pace,Brazil,2019-11-17,grosjean,Romain Grosjean,French,Haas F1 Team,7.0,13,0.0,71,Finished,18.0,1:13.619
2019,20,Brazilian Grand Prix,Autódromo José Carlos Pace,Brazil,2019-11-17,albon,Alexander Albon,Thai,Red Bull,5.0,14,0.0,71,Finished,4.0,1:11.087
2019,20,Brazilian Grand Prix,Autódromo José Carlos Pace,Brazil,2019-11-17,hulkenberg,Nico Hülkenberg,German,Renault,13.0,15,0.0,71,Finished,13.0,1:12.934
2019,20,Brazilian Grand Prix,Autódromo José Carlos Pace,Brazil,2019-11-17,kubica,Robert Kubica,Polish,Williams,19.0,16,0.0,70,+1 Lap,20.0,1:14.553
2019,20,Brazilian Grand Prix,Autódromo José Carlos Pace,Brazil,2019-11-17,vettel,Sebastian Vettel,German,Ferrari,2.0,17,0.0,65,Collision,5.0,1:11.384
2019,20,Brazilian Grand Prix,Autódromo José Carlos Pace,Brazil,2019-11-17,leclerc,Charles Leclerc,Monegasque,Ferrari,14.0,18,0.0,65,Collision,6.0,1:11.423
2019,20,Brazilian Grand Prix,Autódromo José Carlos Pace,Brazil,2019-11-17,stroll,Lance Stroll,Canadian,Racing Point,17.0,19,0.0,65,Suspension,10.0,1:12.603
2019,20,Brazilian Grand Prix,Autódromo José Carlos Pace,Brazil,2019-11-17,bottas,Valtteri Bottas,Finnish,Mercedes,4.0,20,0.0,51,Power Unit,1.0,1:10.698
2019,21,Abu Dhabi Grand Prix,Yas Marina Circuit,UAE,2019-12-01,hamilton,Lewis Hamilton,British,Mercedes,1.0,1,26.0,55,Finished,1.0,1:39.283
2019,21,Abu Dhabi Grand Prix,Yas Marina Circuit,UAE,2019-12-01,max_verstappen,Max Verstappen,Dutch,Red Bull,2.0,2,18.0,55,Finished,5.0,1:41.119
2019,21,Abu Dhabi Grand Prix,Yas Marina Circuit,UAE,2019-12-01,leclerc,Charles Leclerc,Monegasque,Ferrari,3.0,3,15.0,55,Finished,4.0,1:40.442
2019,21,Abu Dhabi Grand Prix,Yas Marina Circuit,UAE,2019-12-01,bottas,Valtteri Bottas,Finnish,Mercedes,20.0,4,12.0,55,Finished,2.0,1:39.715
2019,21,Abu Dhabi Grand Prix,Yas Marina Circuit,UAE,2019-12-01,vettel,Sebastian Vettel,German,Ferrari,4.0,5,10.0,55,Finished,3.0,1:40.128
2019,21,Abu Dhabi Grand Prix,Yas Marina Circuit,UAE,2019-12-01,albon,Alexander Albon,Thai,Red Bull,5.0,6,8.0,55,Finished,8.0,1:42.219
2019,21,Abu Dhabi Grand Prix,Yas Marina Circuit,UAE,2019-12-01,perez,Sergio Pérez,Mexican,Racing Point,10.0,7,6.0,54,+1 Lap,11.0,1:42.639
2019,21,Abu Dhabi Grand Prix,Yas Marina Circuit,UAE,2019-12-01,norris,Lando Norris,British,McLaren,6.0,8,4.0,54,+1 Lap,12.0,1:43.026
2019,21,Abu Dhabi Grand Prix,Yas Marina Circuit,UAE,2019-12-01,kvyat,Daniil Kvyat,Russian,Toro Rosso,13.0,9,2.0,54,+1 Lap,9.0,1:42.222
2019,21,Abu Dhabi Grand Prix,Yas Marina Circuit,UAE,2019-12-01,sainz,Carlos Sainz,Spanish,McLaren,8.0,10,1.0,54,+1 Lap,7.0,1:41.294
2019,21,Abu Dhabi Grand Prix,Yas Marina Circuit,UAE,2019-12-01,ricciardo,Daniel Ricciardo,Australian,Renault,7.0,11,0.0,54,+1 Lap,6.0,1:41.190
2019,21,Abu Dhabi Grand Prix,Yas Marina Circuit,UAE,2019-12-01,hulkenberg,Nico Hülkenberg,German,Renault,9.0,12,0.0,54,+1 Lap,16.0,1:43.274
2019,21,Abu Dhabi Grand Prix,Yas Marina Circuit,UAE,2019-12-01,raikkonen,Kimi Räikkönen,Finnish,Alfa Romeo,17.0,13,0.0,54,+1 Lap,14.0,1:43.142
2019,21,Abu Dhabi Grand Prix,Yas Marina Circuit,UAE,2019-12-01,kevin_magnussen,Kevin Magnussen,Danish,Haas F1 Team,14.0,14,0.0,54,+1 Lap,19.0,1:43.790
2019,21,Abu Dhabi Grand Prix,Yas Marina Circuit,UAE,2019-12-01,grosjean,Romain Grosjean,French,Haas F1 Team,15.0,15,0.0,54,+1 Lap,18.0,1:43.666
2019,21,Abu Dhabi Grand Prix,Yas Marina Circuit,UAE,2019-12-01,giovinazzi,Antonio Giovinazzi,Italian,Alfa Romeo,16.0,16,0.0,54,+1 Lap,15.0,1:43.256
2019,21,Abu Dhabi Grand Prix,Yas Marina Circuit,UAE,2019-12-01,russell,George Russell,British,Williams,18.0,17,0.0,54,+1 Lap,13.0,1:43.074
2019,21,Abu Dhabi Grand Prix,Yas Marina Circuit,UAE,2019-12-01,gasly,Pierre Gasly,French,Toro Rosso,11.0,18,0.0,53,+2 Laps,10.0,1:42.414
2019,21,Abu Dhabi Grand Prix,Yas Marina Circuit,UAE,2019-12-01,kubica,Robert Kubica,Polish,Williams,19.0,19,0.0,53,+2 Laps,20.0,1:44.500
2019,21,Abu Dhabi Grand Prix,Yas Marina Circuit,UAE,2019-12-01,stroll,Lance Stroll,Canadian,Racing Point,12.0,20,0.0,45,Brakes,17.0,1:43.326
2020,1,Austrian Grand Prix,Red Bull Ring,Austria,2020-07-05,bottas,Valtteri Bottas,Finnish,Mercedes,1.0,1,25.0,71,Finished,2.0,1:07.657
2020,1,Austrian Grand Prix,Red Bull Ring,Austria,2020-07-05,leclerc,Charles Leclerc,Monegasque,Ferrari,7.0,2,18.0,71,Finished,4.0,1:07.901
2020,1,Austrian Grand Prix,Red Bull Ring,Austria,2020-07-05,norris,Lando Norris,British,McLaren,3.0,3,16.0,71,Finished,1.0,1:07.475
2020,1,Austrian Grand Prix,Red Bull Ring,Austria,2020-07-05,hamilton,Lewis Hamilton,British,Mercedes,5.0,4,12.0,71,Finished,3.0,1:07.712
2020,1,Austrian Grand Prix,Red Bull Ring,Austria,2020-07-05,sainz,Carlos Sainz,Spanish,McLaren,8.0,5,10.0,71,Finished,5.0,1:07.974
2020,1,Austrian Grand Prix,Red Bull Ring,Austria,2020-07-05,perez,Sergio Pérez,Mexican,Racing Point,6.0,6,8.0,71,Finished,6.0,1:08.305
2020,1,Austrian Grand Prix,Red Bull Ring,Austria,2020-07-05,gasly,Pierre Gasly,French,AlphaTauri,12.0,7,6.0,71,Finished,11.0,1:09.025
2020,1,Austrian Grand Prix,Red Bull Ring,Austria,2020-07-05,ocon,Esteban Ocon,French,Renault,14.0,8,4.0,71,Finished,10.0,1:08.932
2020,1,Austrian Grand Prix,Red Bull Ring,Austria,2020-07-05,giovinazzi,Antonio Giovinazzi,Italian,Alfa Romeo,18.0,9,2.0,71,Finished,9.0,1:08.796
2020,1,Austrian Grand Prix,Red Bull Ring,Austria,2020-07-05,vettel,Sebastian Vettel,German,Ferrari,11.0,10,1.0,71,Finished,8.0,1:08.623
2020,1,Austrian Grand Prix,Red Bull Ring,Austria,2020-07-05,latifi,Nicholas Latifi,Canadian,Williams,20.0,11,0.0,71,Finished,16.0,1:09.662
2020,1,Austrian Grand Prix,Red Bull Ring,Austria,2020-07-05,kvyat,Daniil Kvyat,Russian,AlphaTauri,13.0,12,0.0,69,Suspension,13.0,1:09.135
2020,1,Austrian Grand Prix,Red Bull Ring,Austria,2020-07-05,albon,Alexander Albon,Thai,Red Bull,4.0,13,0.0,67,Electronics,7.0,1:08.432
2020,1,Austrian Grand Prix,Red Bull Ring,Austria,2020-07-05,raikkonen,Kimi Räikkönen,Finnish,Alfa Romeo,19.0,14,0.0,53,Wheel,12.0,1:09.031
2020,1,Austrian Grand Prix,Red Bull Ring,Austria,2020-07-05,russell,George Russell,British,Williams,17.0,15,0.0,49,Fuel pressure,14.0,1:09.317
2020,1,Austrian Grand Prix,Red Bull Ring,Austria,2020-07-05,grosjean,Romain Grosjean,French,Haas F1 Team,15.0,16,0.0,49,Brakes,17.0,1:10.228
2020,1,Austrian Grand Prix,Red Bull Ring,Austria,2020-07-05,kevin_magnussen,Kevin Magnussen,Danish,Haas F1 Team,16.0,17,0.0,24,Brakes,20.0,1:10.720
2020,1,Austrian Grand Prix,Red Bull Ring,Austria,2020-07-05,stroll,Lance Stroll,Canadian,Racing Point,9.0,18,0.0,20,Engine,18.0,1:10.326
2020,1,Austrian Grand Prix,Red Bull Ring,Austria,2020-07-05,ricciardo,Daniel Ricciardo,Australian,Renault,10.0,19,0.0,17,Overheating,19.0,1:10.610
2020,1,Austrian Grand Prix,Red Bull Ring,Austria,2020-07-05,max_verstappen,Max Verstappen,Dutch,Red Bull,2.0,20,0.0,11,Electronics,15.0,1:09.351
2020,2,Styrian Grand Prix,Red Bull Ring,Austria,2020-07-12,hamilton,Lewis Hamilton,British,Mercedes,1.0,1,25.0,71,Finished,3.0,1:06.719
2020,2,Styrian Grand Prix,Red Bull Ring,Austria,2020-07-12,bottas,Valtteri Bottas,Finnish,Mercedes,4.0,2,18.0,71,Finished,7.0,1:07.534
2020,2,Styrian Grand Prix,Red Bull Ring,Austria,2020-07-12,max_verstappen,Max Verstappen,Dutch,Red Bull,2.0,3,15.0,71,Finished,2.0,1:06.145
2020,2,Styrian Grand Prix,Red Bull Ring,Austria,2020-07-12,albon,Alexander Albon,Thai,Red Bull,6.0,4,12.0,71,Finished,6.0,1:07.299
2020,2,Styrian Grand Prix,Red Bull Ring,Austria,2020-07-12,norris,Lando Norris,British,McLaren,9.0,5,10.0,71,Finished,5.0,1:07.193
2020,2,Styrian Grand Prix,Red Bull Ring,Austria,2020-07-12,perez,Sergio Pérez,Mexican,Racing Point,17.0,6,8.0,71,Finished,4.0,1:07.188
2020,2,Styrian Grand Prix,Red Bull Ring,Austria,2020-07-12,stroll,Lance Stroll,Canadian,Racing Point,12.0,7,6.0,71,Finished,10.0,1:07.833
2020,2,Styrian Grand Prix,Red Bull Ring,Austria,2020-07-12,ricciardo,Daniel Ricciardo,Australian,Renault,8.0,8,4.0,71,Finished,9.0,1:07.832
2020,2,Styrian Grand Prix,Red Bull Ring,Austria,2020-07-12,sainz,Carlos Sainz,Spanish,McLaren,3.0,9,3.0,70,+1 Lap,1.0,1:05.619
2020,2,Styrian Grand Prix,Red Bull Ring,Austria,2020-07-12,kvyat,Daniil Kvyat,Russian,AlphaTauri,13.0,10,1.0,70,+1 Lap,13.0,1:08.378
2020,2,Styrian Grand Prix,Red Bull Ring,Austria,2020-07-12,raikkonen,Kimi Räikkönen,Finnish,Alfa Romeo,16.0,11,0.0,70,+1 Lap,14.0,1:08.382
2020,2,Styrian Grand Prix,Red Bull Ring,Austria,2020-07-12,kevin_magnussen,Kevin Magnussen,Danish,Haas F1 Team,15.0,12,0.0,70,+1 Lap,11.0,1:08.009
2020,2,Styrian Grand Prix,Red Bull Ring,Austria,2020-07-12,grosjean,Romain Grosjean,French,Haas F1 Team,,13,0.0,70,+1 Lap,12.0,1:08.047
2020,2,Styrian Grand Prix,Red Bull Ring,Austria,2020-07-12,giovinazzi,Antonio Giovinazzi,Italian,Alfa Romeo,19.0,14,0.0,70,+1 Lap,15.0,1:08.512
2020,2,Styrian Grand Prix,Red Bull Ring,Austria,2020-07-12,gasly,Pierre Gasly,French,AlphaTauri,7.0,15,0.0,70,+1 Lap,8.0,1:07.827
2020,2,Styrian Grand Prix,Red Bull Ring,Austria,2020-07-12,russell,George Russell,British,Williams,11.0,16,0.0,69,+2 Laps,16.0,1:08.601
2020,2,Styrian Grand Prix,Red Bull Ring,Austria,2020-07-12,latifi,Nicholas Latifi,Canadian,Williams,18.0,17,0.0,69,+2 Laps,17.0,1:08.806
2020,2,Styrian Grand Prix,Red Bull Ring,Austria,2020-07-12,ocon,Esteban Ocon,French,Renault,5.0,18,0.0,25,Overheating,18.0,1:09.321
2020,2,Styrian Grand Prix,Red Bull Ring,Austria,2020-07-12,leclerc,Charles Leclerc,Monegasque,Ferrari,14.0,19,0.0,4,Collision damage,19.0,1:35.379
2020,2,Styrian Grand Prix,Red Bull Ring,Austria,2020-07-12,vettel,Sebastian Vettel,German,Ferrari,10.0,20,0.0,1,Collision damage,,
2020,3,Hungarian Grand Prix,Hungaroring,Hungary,2020-07-19,hamilton,Lewis Hamilton,British,Mercedes,1.0,1,26.0,70,Finished,1.0,1:16.627
2020,3,Hungarian Grand Prix,Hungaroring,Hungary,2020-07-19,max_verstappen,Max Verstappen,Dutch,Red Bull,7.0,2,18.0,70,Finished,4.0,1:19.184
2020,3,Hungarian Grand Prix,Hungaroring,Hungary,2020-07-19,bottas,Valtteri Bottas,Finnish,Mercedes,2.0,3,15.0,70,Finished,2.0,1:17.665
2020,3,Hungarian Grand Prix,Hungaroring,Hungary,2020-07-19,stroll,Lance Stroll,Canadian,Racing Point,3.0,4,12.0,70,Finished,3.0,1:18.973
2020,3,Hungarian Grand Prix,Hungaroring,Hungary,2020-07-19,albon,Alexander Albon,Thai,Red Bull,13.0,5,10.0,70,Finished,5.0,1:19.440
2020,3,Hungarian Grand Prix,Hungaroring,Hungary,2020-07-19,vettel,Sebastian Vettel,German,Ferrari,5.0,6,8.0,69,+1 Lap,14.0,1:20.363
2020,3,Hungarian Grand Prix,Hungaroring,Hungary,2020-07-19,perez,Sergio Pérez,Mexican,Racing Point,4.0,7,6.0,69,+1 Lap,10.0,1:20.090
2020,3,Hungarian Grand Prix,Hungaroring,Hungary,2020-07-19,ricciardo,Daniel Ricciardo,Australian,Renault,11.0,8,4.0,69,+1 Lap,7.0,1:19.532
2020,3,Hungarian Grand Prix,Hungaroring,Hungary,2020-07-19,sainz,Carlos Sainz,Spanish,McLaren,9.0,9,2.0,69,+1 Lap,15.0,1:20.477
2020,3,Hungarian Grand Prix,Hungaroring,Hungary,2020-07-19,kevin_magnussen,Kevin Magnussen,Danish,Haas F1 Team,,10,1.0,69,+1 Lap,6.0,1:19.457
2020,3,Hungarian Grand Prix,Hungaroring,Hungary,2020-07-19,leclerc,Charles Leclerc,Monegasque,Ferrari,6.0,11,0.0,69,+1 Lap,16.0,1:20.821
2020,3,Hungarian Grand Prix,Hungaroring,Hungary,2020-07-19,kvyat,Daniil Kvyat,Russian,AlphaTauri,17.0,12,0.0,69,+1 Lap,18.0,1:20.946
2020,3,Hungarian Grand Prix,Hungaroring,Hungary,2020-07-19,norris,Lando Norris,British,McLaren,8.0,13,0.0,69,+1 Lap,8.0,1:19.945
2020,3,Hungarian Grand Prix,Hungaroring,Hungary,2020-07-19,ocon,Esteban Ocon,French,Renault,14.0,14,0.0,69,+1 Lap,13.0,1:20.261
2020,3,Hungarian Grand Prix,Hungaroring,Hungary,2020-07-19,raikkonen,Kimi Räikkönen,Finnish,Alfa Romeo,20.0,15,0.0,69,+1 Lap,17.0,1:20.889
2020,3,Hungarian Grand Prix,Hungaroring,Hungary,2020-07-19,grosjean,Romain Grosjean,French,Haas F1 Team,,16,0.0,69,+1 Lap,12.0,1:20.232
2020,3,Hungarian Grand Prix,Hungaroring,Hungary,2020-07-19,giovinazzi,Antonio Giovinazzi,Italian,Alfa Romeo,19.0,17,0.0,69,+1 Lap,11.0,1:20.096
2020,3,Hungarian Grand Prix,Hungaroring,Hungary,2020-07-19,russell,George Russell,British,Williams,12.0,18,0.0,69,+1 Lap,9.0,1:19.984
2020,3,Hungarian Grand Prix,Hungaroring,Hungary,2020-07-19,latifi,Nicholas Latifi,Canadian,Williams,15.0,19,0.0,65,+5 Laps,19.0,1:21.198
2020,3,Hungarian Grand Prix,Hungaroring,Hungary,2020-07-19,gasly,Pierre Gasly,French,AlphaTauri,10.0,20,0.0,15,Engine,20.0,1:23.939
2020,4,British Grand Prix,Silverstone Circuit,UK,2020-08-02,hamilton,Lewis Hamilton,British,Mercedes,1.0,1,25.0,52,Finished,3.0,1:29.238
2020,4,British Grand Prix,Silverstone Circuit,UK,2020-08-02,max_verstappen,Max Verstappen,Dutch,Red Bull,3.0,2,19.0,52,Finished,1.0,1:27.097
2020,4,British Grand Prix,Silverstone Circuit,UK,2020-08-02,leclerc,Charles Leclerc,Monegasque,Ferrari,4.0,3,15.0,52,Finished,9.0,1:29.813
2020,4,British Grand Prix,Silverstone Circuit,UK,2020-08-02,ricciardo,Daniel Ricciardo,Australian,Renault,8.0,4,12.0,52,Finished,5.0,1:29.482
2020,4,British Grand Prix,Silverstone Circuit,UK,2020-08-02,norris,Lando Norris,British,McLaren,5.0,5,10.0,52,Finished,12.0,1:30.058
2020,4,British Grand Prix,Silverstone Circuit,UK,2020-08-02,ocon,Esteban Ocon,French,Renault,9.0,6,8.0,52,Finished,6.0,1:29.491
2020,4,British Grand Prix,Silverstone Circuit,UK,2020-08-02,gasly,Pierre Gasly,French,AlphaTauri,11.0,7,6.0,52,Finished,7.0,1:29.603
2020,4,British Grand Prix,Silverstone Circuit,UK,2020-08-02,albon,Alexander Albon,Thai,Red Bull,12.0,8,4.0,52,Finished,2.0,1:28.689
2020,4,British Grand Prix,Silverstone Circuit,UK,2020-08-02,stroll,Lance Stroll,Canadian,Racing Point,6.0,9,2.0,52,Finished,13.0,1:30.475
2020,4,British Grand Prix,Silverstone Circuit,UK,2020-08-02,vettel,Sebastian Vettel,German,Ferrari,10.0,10,1.0,52,Finished,15.0,1:30.537
2020,4,British Grand Prix,Silverstone Circuit,UK,2020-08-02,bottas,Valtteri Bottas,Finnish,Mercedes,2.0,11,0.0,52,Finished,4.0,1:29.265
2020,4,British Grand Prix,Silverstone Circuit,UK,2020-08-02,russell,George Russell,British,Williams,20.0,12,0.0,52,Finished,16.0,1:30.862
2020,4,British Grand Prix,Silverstone Circuit,UK,2020-08-02,sainz,Carlos Sainz,Spanish,McLaren,7.0,13,0.0,52,Finished,10.0,1:29.948
2020,4,British Grand Prix,Silverstone Circuit,UK,2020-08-02,giovinazzi,Antonio Giovinazzi,Italian,Alfa Romeo,15.0,14,0.0,52,Finished,17.0,1:30.977
2020,4,British Grand Prix,Silverstone Circuit,UK,2020-08-02,latifi,Nicholas Latifi,Canadian,Williams,18.0,15,0.0,52,Finished,14.0,1:30.501
2020,4,British Grand Prix,Silverstone Circuit,UK,2020-08-02,grosjean,Romain Grosjean,French,Haas F1 Team,17.0,16,0.0,52,Finished,8.0,1:29.782
2020,4,British Grand Prix,Silverstone Circuit,UK,2020-08-02,raikkonen,Kimi Räikkönen,Finnish,Alfa Romeo,16.0,17,0.0,51,+1 Lap,11.0,1:29.973
2020,4,British Grand Prix,Silverstone Circuit,UK,2020-08-02,kvyat,Daniil Kvyat,Russian,AlphaTauri,19.0,18,0.0,11,Accident,18.0,1:32.443
2020,4,British Grand Prix,Silverstone Circuit,UK,2020-08-02,kevin_magnussen,Kevin Magnussen,Danish,Haas F1 Team,14.0,19,0.0,1,Collision,,
2020,4,British Grand Prix,Silverstone Circuit,UK,2020-08-02,hulkenberg,Nico Hülkenberg,German,Racing Point,13.0,20,0.0,0,Power Unit,,
2020,5,70th Anniversary Grand Prix,Silverstone Circuit,UK,2020-08-09,max_verstappen,Max Verstappen,Dutch,Red Bull,4.0,1,25.0,52,Finished,2.0,1:29.465
2020,5,70th Anniversary Grand Prix,Silverstone Circuit,UK,2020-08-09,hamilton,Lewis Hamilton,British,Mercedes,2.0,2,19.0,52,Finished,1.0,1:28.451
2020,5,70th Anniversary Grand Prix,Silverstone Circuit,UK,2020-08-09,bottas,Valtteri Bottas,Finnish,Mercedes,1.0,3,15.0,52,Finished,4.0,1:29.765
2020,5,70th Anniversary Grand Prix,Silverstone Circuit,UK,2020-08-09,leclerc,Charles Leclerc,Monegasque,Ferrari,8.0,4,12.0,52,Finished,8.0,1:30.552
2020,5,70th Anniversary Grand Prix,Silverstone Circuit,UK,2020-08-09,albon,Alexander Albon,Thai,Red Bull,9.0,5,10.0,52,Finished,3.0,1:29.477
2020,5,70th Anniversary Grand Prix,Silverstone Circuit,UK,2020-08-09,stroll,Lance Stroll,Canadian,Racing Point,6.0,6,8.0,52,Finished,15.0,1:30.877
2020,5,70th Anniversary Grand Prix,Silverstone Circuit,UK,2020-08-09,hulkenberg,Nico Hülkenberg,German,Racing Point,3.0,7,6.0,52,Finished,6.0,1:30.087
2020,5,70th Anniversary Grand Prix,Silverstone Circuit,UK,2020-08-09,ocon,Esteban Ocon,French,Renault,14.0,8,4.0,52,Finished,10.0,1:30.575
2020,5,70th Anniversary Grand Prix,Silverstone Circuit,UK,2020-08-09,norris,Lando Norris,British,McLaren,10.0,9,2.0,52,Finished,11.0,1:30.698
2020,5,70th Anniversary Grand Prix,Silverstone Circuit,UK,2020-08-09,kvyat,Daniil Kvyat,Russian,AlphaTauri,16.0,10,1.0,52,Finished,12.0,1:30.738
2020,5,70th Anniversary Grand Prix,Silverstone Circuit,UK,2020-08-09,gasly,Pierre Gasly,French,AlphaTauri,7.0,11,0.0,52,Finished,7.0,1:30.092
2020,5,70th Anniversary Grand Prix,Silverstone Circuit,UK,2020-08-09,vettel,Sebastian Vettel,German,Ferrari,11.0,12,0.0,52,Finished,13.0,1:30.785
2020,5,70th Anniversary Grand Prix,Silverstone Circuit,UK,2020-08-09,sainz,Carlos Sainz,Spanish,McLaren,12.0,13,0.0,52,Finished,9.0,1:30.556
2020,5,70th Anniversary Grand Prix,Silverstone Circuit,UK,2020-08-09,ricciardo,Daniel Ricciardo,Australian,Renault,5.0,14,0.0,51,+1 Lap,16.0,1:31.168
2020,5,70th Anniversary Grand Prix,Silverstone Circuit,UK,2020-08-09,raikkonen,Kimi Räikkönen,Finnish,Alfa Romeo,20.0,15,0.0,51,+1 Lap,18.0,1:31.756
2020,5,70th Anniversary Grand Prix,Silverstone Circuit,UK,2020-08-09,grosjean,Romain Grosjean,French,Haas F1 Team,13.0,16,0.0,51,+1 Lap,14.0,1:30.793
2020,5,70th Anniversary Grand Prix,Silverstone Circuit,UK,2020-08-09,giovinazzi,Antonio Giovinazzi,Italian,Alfa Romeo,19.0,17,0.0,51,+1 Lap,19.0,1:31.826
2020,5,70th Anniversary Grand Prix,Silverstone Circuit,UK,2020-08-09,russell,George Russell,British,Williams,15.0,18,0.0,51,+1 Lap,17.0,1:31.408
2020,5,70th Anniversary Grand Prix,Silverstone Circuit,UK,2020-08-09,latifi,Nicholas Latifi,Canadian,Williams,18.0,19,0.0,51,+1 Lap,5.0,1:29.950
2020,5,70th Anniversary Grand Prix,Silverstone Circuit,UK,2020-08-09,kevin_magnussen,Kevin Magnussen,Danish,Haas F1 Team,17.0,20,0.0,43,Retired,20.0,1:31.830
2020,6,Spanish Grand Prix,Circuit de Barcelona-Catalunya,Spain,2020-08-16,hamilton,Lewis Hamilton,British,Mercedes,1.0,1,25.0,66,Finished,2.0,1:19.822
2020,6,Spanish Grand Prix,Circuit de Barcelona-Catalunya,Spain,2020-08-16,max_verstappen,Max Verstappen,Dutch,Red Bull,3.0,2,18.0,66,Finished,4.0,1:21.477
2020,6,Spanish Grand Prix,Circuit de Barcelona-Catalunya,Spain,2020-08-16,bottas,Valtteri Bottas,Finnish,Mercedes,2.0,3,16.0,66,Finished,1.0,1:18.183
2020,6,Spanish Grand Prix,Circuit de Barcelona-Catalunya,Spain,2020-08-16,stroll,Lance Stroll,Canadian,Racing Point,5.0,4,12.0,65,+1 Lap,8.0,1:22.024
2020,6,Spanish Grand Prix,Circuit de Barcelona-Catalunya,Spain,2020-08-16,perez,Sergio Pérez,Mexican,Racing Point,4.0,5,10.0,65,+1 Lap,16.0,1:22.515
2020,6,Spanish Grand Prix,Circuit de Barcelona-Catalunya,Spain,2020-08-16,sainz,Carlos Sainz,Spanish,McLaren,7.0,6,8.0,65,+1 Lap,5.0,1:21.771
2020,6,Spanish Grand Prix,Circuit de Barcelona-Catalunya,Spain,2020-08-16,vettel,Sebastian Vettel,German,Ferrari,11.0,7,6.0,65,+1 Lap,18.0,1:22.707
2020,6,Spanish Grand Prix,Circuit de Barcelona-Catalunya,Spain,2020-08-16,albon,Alexander Albon,Thai,Red Bull,6.0,8,4.0,65,+1 Lap,11.0,1:22.194
2020,6,Spanish Grand Prix,Circuit de Barcelona-Catalunya,Spain,2020-08-16,gasly,Pierre Gasly,French,AlphaTauri,10.0,9,2.0,65,+1 Lap,17.0,1:22.543
2020,6,Spanish Grand Prix,Circuit de Barcelona-Catalunya,Spain,2020-08-16,norris,Lando Norris,British,McLaren,8.0,10,1.0,65,+1 Lap,13.0,1:22.392
2020,6,Spanish Grand Prix,Circuit de Barcelona-Catalunya,Spain,2020-08-16,ricciardo,Daniel Ricciardo,Australian,Renault,13.0,11,0.0,65,+1 Lap,14.0,1:22.464
2020,6,Spanish Grand Prix,Circuit de Barcelona-Catalunya,Spain,2020-08-16,kvyat,Daniil Kvyat,Russian,AlphaTauri,12.0,12,0.0,65,+1 Lap,12.0,1:22.336
2020,6,Spanish Grand Prix,Circuit de Barcelona-Catalunya,Spain,2020-08-16,ocon,Esteban Ocon,French,Renault,15.0,13,0.0,65,+1 Lap,10.0,1:22.174
2020,6,Spanish Grand Prix,Circuit de Barcelona-Catalunya,Spain,2020-08-16,raikkonen,Kimi Räikkönen,Finnish,Alfa Romeo,14.0,14,0.0,65,+1 Lap,7.0,1:21.888
2020,6,Spanish Grand Prix,Circuit de Barcelona-Catalunya,Spain,2020-08-16,kevin_magnussen,Kevin Magnussen,Danish,Haas F1 Team,16.0,15,0.0,65,+1 Lap,19.0,1:23.474
2020,6,Spanish Grand Prix,Circuit de Barcelona-Catalunya,Spain,2020-08-16,giovinazzi,Antonio Giovinazzi,Italian,Alfa Romeo,20.0,16,0.0,65,+1 Lap,6.0,1:21.801
2020,6,Spanish Grand Prix,Circuit de Barcelona-Catalunya,Spain,2020-08-16,russell,George Russell,British,Williams,18.0,17,0.0,65,+1 Lap,15.0,1:22.503
2020,6,Spanish Grand Prix,Circuit de Barcelona-Catalunya,Spain,2020-08-16,latifi,Nicholas Latifi,Canadian,Williams,19.0,18,0.0,64,+2 Laps,9.0,1:22.030
2020,6,Spanish Grand Prix,Circuit de Barcelona-Catalunya,Spain,2020-08-16,grosjean,Romain Grosjean,French,Haas F1 Team,17.0,19,0.0,64,+2 Laps,3.0,1:20.409
2020,6,Spanish Grand Prix,Circuit de Barcelona-Catalunya,Spain,2020-08-16,leclerc,Charles Leclerc,Monegasque,Ferrari,9.0,20,0.0,38,Electronics,20.0,1:23.968
2020,7,Belgian Grand Prix,Circuit de Spa-Francorchamps,Belgium,2020-08-30,hamilton,Lewis Hamilton,British,Mercedes,1.0,1,25.0,44,Finished,2.0,1:47.758
2020,7,Belgian Grand Prix,Circuit de Spa-Francorchamps,Belgium,2020-08-30,bottas,Valtteri Bottas,Finnish,Mercedes,2.0,2,18.0,44,Finished,5.0,1:47.983
2020,7,Belgian Grand Prix,Circuit de Spa-Francorchamps,Belgium,2020-08-30,max_verstappen,Max Verstappen,Dutch,Red Bull,3.0,3,15.0,44,Finished,8.0,1:48.305
2020,7,Belgian Grand Prix,Circuit de Spa-Francorchamps,Belgium,2020-08-30,ricciardo,Daniel Ricciardo,Australian,Renault,4.0,4,13.0,44,Finished,1.0,1:47.483
2020,7,Belgian Grand Prix,Circuit de Spa-Francorchamps,Belgium,2020-08-30,ocon,Esteban Ocon,French,Renault,6.0,5,10.0,44,Finished,10.0,1:48.540
2020,7,Belgian Grand Prix,Circuit de Spa-Francorchamps,Belgium,2020-08-30,albon,Alexander Albon,Thai,Red Bull,5.0,6,8.0,44,Finished,12.0,1:48.736
2020,7,Belgian Grand Prix,Circuit de Spa-Francorchamps,Belgium,2020-08-30,norris,Lando Norris,British,McLaren,10.0,7,6.0,44,Finished,11.0,1:48.552
2020,7,Belgian Grand Prix,Circuit de Spa-Francorchamps,Belgium,2020-08-30,gasly,Pierre Gasly,French,AlphaTauri,12.0,8,4.0,44,Finished,3.0,1:47.839
2020,7,Belgian Grand Prix,Circuit de Spa-Francorchamps,Belgium,2020-08-30,stroll,Lance Stroll,Canadian,Racing Point,9.0,9,2.0,44,Finished,13.0,1:49.136
2020,7,Belgian Grand Prix,Circuit de Spa-Francorchamps,Belgium,2020-08-30,perez,Sergio Pérez,Mexican,Racing Point,8.0,10,1.0,44,Finished,9.0,1:48.389
2020,7,Belgian Grand Prix,Circuit de Spa-Francorchamps,Belgium,2020-08-30,kvyat,Daniil Kvyat,Russian,AlphaTauri,11.0,11,0.0,44,Finished,15.0,1:49.832
2020,7,Belgian Grand Prix,Circuit de Spa-Francorchamps,Belgium,2020-08-30,raikkonen,Kimi Räikkönen,Finnish,Alfa Romeo,16.0,12,0.0,44,Finished,14.0,1:49.822
2020,7,Belgian Grand Prix,Circuit de Spa-Francorchamps,Belgium,2020-08-30,vettel,Sebastian Vettel,German,Ferrari,14.0,13,0.0,44,Finished,16.0,1:49.958
2020,7,Belgian Grand Prix,Circuit de Spa-Francorchamps,Belgium,2020-08-30,leclerc,Charles Leclerc,Monegasque,Ferrari,13.0,14,0.0,44,Finished,4.0,1:47.840
2020,7,Belgian Grand Prix,Circuit de Spa-Francorchamps,Belgium,2020-08-30,grosjean,Romain Grosjean,French,Haas F1 Team,17.0,15,0.0,44,Finished,17.0,1:50.018
2020,7,Belgian Grand Prix,Circuit de Spa-Francorchamps,Belgium,2020-08-30,latifi,Nicholas Latifi,Canadian,Williams,19.0,16,0.0,44,Finished,6.0,1:48.048
2020,7,Belgian Grand Prix,Circuit de Spa-Francorchamps,Belgium,2020-08-30,kevin_magnussen,Kevin Magnussen,Danish,Haas F1 Team,20.0,17,0.0,44,Finished,7.0,1:48.083
2020,7,Belgian Grand Prix,Circuit de Spa-Francorchamps,Belgium,2020-08-30,giovinazzi,Antonio Giovinazzi,Italian,Alfa Romeo,18.0,18,0.0,9,Accident,19.0,1:51.793
2020,7,Belgian Grand Prix,Circuit de Spa-Francorchamps,Belgium,2020-08-30,russell,George Russell,British,Williams,15.0,19,0.0,9,Debris,18.0,1:51.754
2020,7,Belgian Grand Prix,Circuit de Spa-Francorchamps,Belgium,2020-08-30,sainz,Carlos Sainz,Spanish,McLaren,7.0,20,0.0,0,Exhaust,,
2020,8,Italian Grand Prix,Autodromo Nazionale di Monza,Italy,2020-09-06,gasly,Pierre Gasly,French,AlphaTauri,10.0,1,25.0,53,Finished,6.0,1:24.037
2020,8,Italian Grand Prix,Autodromo Nazionale di Monza,Italy,2020-09-06,sainz,Carlos Sainz,Spanish,McLaren,3.0,2,18.0,53,Finished,2.0,1:23.882
2020,8,Italian Grand Prix,Autodromo Nazionale di Monza,Italy,2020-09-06,stroll,Lance Stroll,Canadian,Racing Point,8.0,3,15.0,53,Finished,3.0,1:23.897
2020,8,Italian Grand Prix,Autodromo Nazionale di Monza,Italy,2020-09-06,norris,Lando Norris,British,McLaren,6.0,4,12.0,53,Finished,7.0,1:24.232
2020,8,Italian Grand Prix,Autodromo Nazionale di Monza,Italy,2020-09-06,bottas,Valtteri Bottas,Finnish,Mercedes,2.0,5,10.0,53,Finished,5.0,1:23.961
2020,8,Italian Grand Prix,Autodromo Nazionale di Monza,Italy,2020-09-06,ricciardo,Daniel Ricciardo,Australian,Renault,7.0,6,8.0,53,Finished,4.0,1:23.898
2020,8,Italian Grand Prix,Autodromo Nazionale di Monza,Italy,2020-09-06,hamilton,Lewis Hamilton,British,Mercedes,1.0,7,7.0,53,Finished,1.0,1:22.746
2020,8,Italian Grand Prix,Autodromo Nazionale di Monza,Italy,2020-09-06,ocon,Esteban Ocon,French,Renault,12.0,8,4.0,53,Finished,11.0,1:24.490
2020,8,Italian Grand Prix,Autodromo Nazionale di Monza,Italy,2020-09-06,kvyat,Daniil Kvyat,Russian,AlphaTauri,11.0,9,2.0,53,Finished,10.0,1:24.479
2020,8,Italian Grand Prix,Autodromo Nazionale di Monza,Italy,2020-09-06,perez,Sergio Pérez,Mexican,Racing Point,4.0,10,1.0,53,Finished,8.0,1:24.336
2020,8,Italian Grand Prix,Autodromo Nazionale di Monza,Italy,2020-09-06,latifi,Nicholas Latifi,Canadian,Williams,20.0,11,0.0,53,Finished,16.0,1:24.999
2020,8,Italian Grand Prix,Autodromo Nazionale di Monza,Italy,2020-09-06,grosjean,Romain Grosjean,French,Haas F1 Team,16.0,12,0.0,53,Finished,12.0,1:24.785
2020,8,Italian Grand Prix,Autodromo Nazionale di Monza,Italy,2020-09-06,raikkonen,Kimi Räikkönen,Finnish,Alfa Romeo,14.0,13,0.0,53,Finished,13.0,1:24.835
2020,8,Italian Grand Prix,Autodromo Nazionale di Monza,Italy,2020-09-06,russell,George Russell,British,Williams,19.0,14,0.0,53,Finished,9.0,1:24.421
2020,8,Italian Grand Prix,Autodromo Nazionale di Monza,Italy,2020-09-06,albon,Alexander Albon,Thai,Red Bull,9.0,15,0.0,53,Finished,15.0,1:24.926
2020,8,Italian Grand Prix,Autodromo Nazionale di Monza,Italy,2020-09-06,giovinazzi,Antonio Giovinazzi,Italian,Alfa Romeo,18.0,16,0.0,53,Finished,14.0,1:24.856
2020,8,Italian Grand Prix,Autodromo Nazionale di Monza,Italy,2020-09-06,max_verstappen,Max Verstappen,Dutch,Red Bull,5.0,17,0.0,30,Power Unit,17.0,1:25.539
2020,8,Italian Grand Prix,Autodromo Nazionale di Monza,Italy,2020-09-06,leclerc,Charles Leclerc,Monegasque,Ferrari,13.0,18,0.0,23,Accident,19.0,1:26.026
2020,8,Italian Grand Prix,Autodromo Nazionale di Monza,Italy,2020-09-06,kevin_magnussen,Kevin Magnussen,Danish,Haas F1 Team,15.0,19,0.0,17,Power Unit,18.0,1:25.787
2020,8,Italian Grand Prix,Autodromo Nazionale di Monza,Italy,2020-09-06,vettel,Sebastian Vettel,German,Ferrari,17.0,20,0.0,6,Brakes,20.0,1:27.107
2020,9,Tuscan Grand Prix,Autodromo Internazionale del Mugello,Italy,2020-09-13,hamilton,Lewis Hamilton,British,Mercedes,1.0,1,26.0,59,Finished,1.0,1:18.833
2020,9,Tuscan Grand Prix,Autodromo Internazionale del Mugello,Italy,2020-09-13,bottas,Valtteri Bottas,Finnish,Mercedes,2.0,2,18.0,59,Finished,2.0,1:19.432
2020,9,Tuscan Grand Prix,Autodromo Internazionale del Mugello,Italy,2020-09-13,albon,Alexander Albon,Thai,Red Bull,4.0,3,15.0,59,Finished,3.0,1:20.039
2020,9,Tuscan Grand Prix,Autodromo Internazionale del Mugello,Italy,2020-09-13,ricciardo,Daniel Ricciardo,Australian,Renault,8.0,4,12.0,59,Finished,4.0,1:20.426
2020,9,Tuscan Grand Prix,Autodromo Internazionale del Mugello,Italy,2020-09-13,perez,Sergio Pérez,Mexican,Racing Point,7.0,5,10.0,59,Finished,5.0,1:20.632
2020,9,Tuscan Grand Prix,Autodromo Internazionale del Mugello,Italy,2020-09-13,norris,Lando Norris,British,McLaren,11.0,6,8.0,59,Finished,7.0,1:21.198
2020,9,Tuscan Grand Prix,Autodromo Internazionale del Mugello,Italy,2020-09-13,kvyat,Daniil Kvyat,Russian,AlphaTauri,12.0,7,6.0,59,Finished,10.0,1:21.458
2020,9,Tuscan Grand Prix,Autodromo Internazionale del Mugello,Italy,2020-09-13,leclerc,Charles Leclerc,Monegasque,Ferrari,5.0,8,4.0,59,Finished,9.0,1:21.229
2020,9,Tuscan Grand Prix,Autodromo Internazionale del Mugello,Italy,2020-09-13,raikkonen,Kimi Räikkönen,Finnish,Alfa Romeo,13.0,9,2.0,59,Finished,6.0,1:21.164
2020,9,Tuscan Grand Prix,Autodromo Internazionale del Mugello,Italy,2020-09-13,vettel,Sebastian Vettel,German,Ferrari,14.0,10,1.0,59,Finished,8.0,1:21.202
2020,9,Tuscan Grand Prix,Autodromo Internazionale del Mugello,Italy,2020-09-13,russell,George Russell,British,Williams,18.0,11,0.0,59,Finished,11.0,1:21.645
2020,9,Tuscan Grand Prix,Autodromo Internazionale del Mugello,Italy,2020-09-13,grosjean,Romain Grosjean,French,Haas F1 Team,15.0,12,0.0,59,Finished,13.0,1:22.263
2020,9,Tuscan Grand Prix,Autodromo Internazionale del Mugello,Italy,2020-09-13,stroll,Lance Stroll,Canadian,Racing Point,6.0,13,0.0,42,Puncture,12.0,1:22.068
2020,9,Tuscan Grand Prix,Autodromo Internazionale del Mugello,Italy,2020-09-13,ocon,Esteban Ocon,French,Renault,10.0,14,0.0,7,Brakes,15.0,2:11.793
2020,9,Tuscan Grand Prix,Autodromo Internazionale del Mugello,Italy,2020-09-13,latifi,Nicholas Latifi,Canadian,Williams,19.0,15,0.0,6,Collision,14.0,2:11.365
2020,9,Tuscan Grand Prix,Autodromo Internazionale del Mugello,Italy,2020-09-13,kevin_magnussen,Kevin Magnussen,Danish,Haas F1 Team,20.0,16,0.0,5,Collision,17.0,2:13.812
2020,9,Tuscan Grand Prix,Autodromo Internazionale del Mugello,Italy,2020-09-13,giovinazzi,Antonio Giovinazzi,Italian,Alfa Romeo,17.0,17,0.0,5,Collision,16.0,2:13.809
2020,9,Tuscan Grand Prix,Autodromo Internazionale del Mugello,Italy,2020-09-13,sainz,Carlos Sainz,Spanish,McLaren,9.0,18,0.0,5,Collision,18.0,2:14.103
2020,9,Tuscan Grand Prix,Autodromo Internazionale del Mugello,Italy,2020-09-13,max_verstappen,Max Verstappen,Dutch,Red Bull,3.0,19,0.0,0,Collision,,
2020,9,Tuscan Grand Prix,Autodromo Internazionale del Mugello,Italy,2020-09-13,gasly,Pierre Gasly,French,AlphaTauri,16.0,20,0.0,0,Collision,,
2020,10,Russian Grand Prix,Sochi Autodrom,Russia,2020-09-27,bottas,Valtteri Bottas,Finnish,Mercedes,3.0,1,26.0,53,Finished,1.0,1:37.030
2020,10,Russian Grand Prix,Sochi Autodrom,Russia,2020-09-27,max_verstappen,Max Verstappen,Dutch,Red Bull,2.0,2,18.0,53,Finished,3.0,1:37.332
2020,10,Russian Grand Prix,Sochi Autodrom,Russia,2020-09-27,hamilton,Lewis Hamilton,British,Mercedes,1.0,3,15.0,53,Finished,7.0,1:38.075
2020,10,Russian Grand Prix,Sochi Autodrom,Russia,2020-09-27,perez,Sergio Pérez,Mexican,Racing Point,4.0,4,12.0,53,Finished,8.0,1:38.141
2020,10,Russian Grand Prix,Sochi Autodrom,Russia,2020-09-27,ricciardo,Daniel Ricciardo,Australian,Renault,5.0,5,10.0,53,Finished,6.0,1:37.886
2020,10,Russian Grand Prix,Sochi Autodrom,Russia,2020-09-27,leclerc,Charles Leclerc,Monegasque,Ferrari,10.0,6,8.0,53,Finished,11.0,1:39.053
2020,10,Russian Grand Prix,Sochi Autodrom,Russia,2020-09-27,ocon,Esteban Ocon,French,Renault,7.0,7,6.0,53,Finished,13.0,1:39.216
2020,10,Russian Grand Prix,Sochi Autodrom,Russia,2020-09-27,kvyat,Daniil Kvyat,Russian,AlphaTauri,11.0,8,4.0,53,Finished,12.0,1:39.133
2020,10,Russian Grand Prix,Sochi Autodrom,Russia,2020-09-27,gasly,Pierre Gasly,French,AlphaTauri,9.0,9,2.0,53,Finished,2.0,1:37.231
2020,10,Russian Grand Prix,Sochi Autodrom,Russia,2020-09-27,albon,Alexander Albon,Thai,Red Bull,15.0,10,1.0,53,Finished,9.0,1:38.377
2020,10,Russian Grand Prix,Sochi Autodrom,Russia,2020-09-27,giovinazzi,Antonio Giovinazzi,Italian,Alfa Romeo,17.0,11,0.0,52,+1 Lap,16.0,1:39.766
2020,10,Russian Grand Prix,Sochi Autodrom,Russia,2020-09-27,kevin_magnussen,Kevin Magnussen,Danish,Haas F1 Team,18.0,12,0.0,52,+1 Lap,17.0,1:40.380
2020,10,Russian Grand Prix,Sochi Autodrom,Russia,2020-09-27,vettel,Sebastian Vettel,German,Ferrari,14.0,13,0.0,52,+1 Lap,14.0,1:39.588
2020,10,Russian Grand Prix,Sochi Autodrom,Russia,2020-09-27,raikkonen,Kimi Räikkönen,Finnish,Alfa Romeo,19.0,14,0.0,52,+1 Lap,10.0,1:38.858
2020,10,Russian Grand Prix,Sochi Autodrom,Russia,2020-09-27,norris,Lando Norris,British,McLaren,8.0,15,0.0,52,+1 Lap,5.0,1:37.377
2020,10,Russian Grand Prix,Sochi Autodrom,Russia,2020-09-27,latifi,Nicholas Latifi,Canadian,Williams,20.0,16,0.0,52,+1 Lap,18.0,1:41.044
2020,10,Russian Grand Prix,Sochi Autodrom,Russia,2020-09-27,grosjean,Romain Grosjean,French,Haas F1 Team,16.0,17,0.0,52,+1 Lap,15.0,1:39.614
2020,10,Russian Grand Prix,Sochi Autodrom,Russia,2020-09-27,russell,George Russell,British,Williams,13.0,18,0.0,52,+1 Lap,4.0,1:37.352
2020,10,Russian Grand Prix,Sochi Autodrom,Russia,2020-09-27,sainz,Carlos Sainz,Spanish,McLaren,6.0,19,0.0,0,Accident,,
2020,10,Russian Grand Prix,Sochi Autodrom,Russia,2020-09-27,stroll,Lance Stroll,Canadian,Racing Point,12.0,20,0.0,0,Collision,,
2020,11,Eifel Grand Prix,Nürburgring,Germany,2020-10-11,hamilton,Lewis Hamilton,British,Mercedes,2.0,1,25.0,60,Finished,2.0,1:28.145
2020,11,Eifel Grand Prix,Nürburgring,Germany,2020-10-11,max_verstappen,Max Verstappen,Dutch,Red Bull,3.0,2,19.0,60,Finished,1.0,1:28.139
2020,11,Eifel Grand Prix,Nürburgring,Germany,2020-10-11,ricciardo,Daniel Ricciardo,Australian,Renault,6.0,3,15.0,60,Finished,3.0,1:29.584
2020,11,Eifel Grand Prix,Nürburgring,Germany,2020-10-11,perez,Sergio Pérez,Mexican,Racing Point,9.0,4,12.0,60,Finished,4.0,1:29.700
2020,11,Eifel Grand Prix,Nürburgring,Germany,2020-10-11,sainz,Carlos Sainz,Spanish,McLaren,10.0,5,10.0,60,Finished,6.0,1:30.129
2020,11,Eifel Grand Prix,Nürburgring,Germany,2020-10-11,gasly,Pierre Gasly,French,AlphaTauri,12.0,6,8.0,60,Finished,5.0,1:30.110
2020,11,Eifel Grand Prix,Nürburgring,Germany,2020-10-11,leclerc,Charles Leclerc,Monegasque,Ferrari,4.0,7,6.0,60,Finished,10.0,1:30.712
2020,11,Eifel Grand Prix,Nürburgring,Germany,2020-10-11,hulkenberg,Nico Hülkenberg,German,Racing Point,20.0,8,4.0,60,Finished,11.0,1:30.733
2020,11,Eifel Grand Prix,Nürburgring,Germany,2020-10-11,grosjean,Romain Grosjean,French,Haas F1 Team,16.0,9,2.0,60,Finished,14.0,1:31.562
2020,11,Eifel Grand Prix,Nürburgring,Germany,2020-10-11,giovinazzi,Antonio Giovinazzi,Italian,Alfa Romeo,14.0,10,1.0,60,Finished,12.0,1:30.909
2020,11,Eifel Grand Prix,Nürburgring,Germany,2020-10-11,vettel,Sebastian Vettel,German,Ferrari,11.0,11,0.0,60,Finished,7.0,1:30.408
2020,11,Eifel Grand Prix,Nürburgring,Germany,2020-10-11,raikkonen,Kimi Räikkönen,Finnish,Alfa Romeo,19.0,12,0.0,60,Finished,9.0,1:30.512
2020,11,Eifel Grand Prix,Nürburgring,Germany,2020-10-11,kevin_magnussen,Kevin Magnussen,Danish,Haas F1 Team,15.0,13,0.0,60,Finished,8.0,1:30.456
2020,11,Eifel Grand Prix,Nürburgring,Germany,2020-10-11,latifi,Nicholas Latifi,Canadian,Williams,18.0,14,0.0,60,Finished,13.0,1:31.377
2020,11,Eifel Grand Prix,Nürburgring,Germany,2020-10-11,kvyat,Daniil Kvyat,Russian,AlphaTauri,13.0,15,0.0,60,Finished,16.0,1:32.214
2020,11,Eifel Grand Prix,Nürburgring,Germany,2020-10-11,norris,Lando Norris,British,McLaren,8.0,16,0.0,42,Power Unit,17.0,1:32.328
2020,11,Eifel Grand Prix,Nürburgring,Germany,2020-10-11,albon,Alexander Albon,Thai,Red Bull,5.0,17,0.0,23,Radiator,18.0,1:32.330
2020,11,Eifel Grand Prix,Nürburgring,Germany,2020-10-11,ocon,Esteban Ocon,French,Renault,7.0,18,0.0,22,Gearbox,19.0,1:33.189
2020,11,Eifel Grand Prix,Nürburgring,Germany,2020-10-11,bottas,Valtteri Bottas,Finnish,Mercedes,1.0,19,0.0,18,Power Unit,15.0,1:31.884
2020,11,Eifel Grand Prix,Nürburgring,Germany,2020-10-11,russell,George Russell,British,Williams,17.0,20,0.0,12,Collision,20.0,1:34.526
2020,12,Portuguese Grand Prix,Autódromo Internacional do Algarve,Portugal,2020-10-25,hamilton,Lewis Hamilton,British,Mercedes,1.0,1,26.0,66,Finished,1.0,1:18.750
2020,12,Portuguese Grand Prix,Autódromo Internacional do Algarve,Portugal,2020-10-25,bottas,Valtteri Bottas,Finnish,Mercedes,2.0,2,18.0,66,Finished,2.0,1:19.345
2020,12,Portuguese Grand Prix,Autódromo Internacional do Algarve,Portugal,2020-10-25,max_verstappen,Max Verstappen,Dutch,Red Bull,3.0,3,15.0,66,Finished,4.0,1:19.854
2020,12,Portuguese Grand Prix,Autódromo Internacional do Algarve,Portugal,2020-10-25,leclerc,Charles Leclerc,Monegasque,Ferrari,4.0,4,12.0,66,Finished,7.0,1:20.408
2020,12,Portuguese Grand Prix,Autódromo Internacional do Algarve,Portugal,2020-10-25,gasly,Pierre Gasly,French,AlphaTauri,9.0,5,10.0,65,+1 Lap,9.0,1:20.551
2020,12,Portuguese Grand Prix,Autódromo Internacional do Algarve,Portugal,2020-10-25,sainz,Carlos Sainz,Spanish,McLaren,7.0,6,8.0,65,+1 Lap,6.0,1:20.268
2020,12,Portuguese Grand Prix,Autódromo Internacional do Algarve,Portugal,2020-10-25,perez,Sergio Pérez,Mexican,Racing Point,5.0,7,6.0,65,+1 Lap,11.0,1:20.802
2020,12,Portuguese Grand Prix,Autódromo Internacional do Algarve,Portugal,2020-10-25,ocon,Esteban Ocon,French,Renault,11.0,8,4.0,65,+1 Lap,12.0,1:20.859
2020,12,Portuguese Grand Prix,Autódromo Internacional do Algarve,Portugal,2020-10-25,ricciardo,Daniel Ricciardo,Australian,Renault,10.0,9,2.0,65,+1 Lap,14.0,1:20.906
2020,12,Portuguese Grand Prix,Autódromo Internacional do Algarve,Portugal,2020-10-25,vettel,Sebastian Vettel,German,Ferrari,15.0,10,1.0,65,+1 Lap,10.0,1:20.731
2020,12,Portuguese Grand Prix,Autódromo Internacional do Algarve,Portugal,2020-10-25,raikkonen,Kimi Räikkönen,Finnish,Alfa Romeo,16.0,11,0.0,65,+1 Lap,15.0,1:21.058
2020,12,Portuguese Grand Prix,Autódromo Internacional do Algarve,Portugal,2020-10-25,albon,Alexander Albon,Thai,Red Bull,6.0,12,0.0,65,+1 Lap,5.0,1:19.890
2020,12,Portuguese Grand Prix,Autódromo Internacional do Algarve,Portugal,2020-10-25,norris,Lando Norris,British,McLaren,8.0,13,0.0,65,+1 Lap,3.0,1:19.360
2020,12,Portuguese Grand Prix,Autódromo Internacional do Algarve,Portugal,2020-10-25,russell,George Russell,British,Williams,14.0,14,0.0,65,+1 Lap,13.0,1:20.882
2020,12,Portuguese Grand Prix,Autódromo Internacional do Algarve,Portugal,2020-10-25,giovinazzi,Antonio Giovinazzi,Italian,Alfa Romeo,17.0,15,0.0,65,+1 Lap,20.0,1:21.893
2020,12,Portuguese Grand Prix,Autódromo Internacional do Algarve,Portugal,2020-10-25,kevin_magnussen,Kevin Magnussen,Danish,Haas F1 Team,19.0,16,0.0,65,+1 Lap,16.0,1:21.460
2020,12,Portuguese Grand Prix,Autódromo Internacional do Algarve,Portugal,2020-10-25,grosjean,Romain Grosjean,French,Haas F1 Team,18.0,17,0.0,65,+1 Lap,17.0,1:21.664
2020,12,Portuguese Grand Prix,Autódromo Internacional do Algarve,Portugal,2020-10-25,latifi,Nicholas Latifi,Canadian,Williams,20.0,18,0.0,64,+2 Laps,19.0,1:21.859
2020,12,Portuguese Grand Prix,Autódromo Internacional do Algarve,Portugal,2020-10-25,kvyat,Daniil Kvyat,Russian,AlphaTauri,13.0,19,0.0,64,+2 Laps,8.0,1:20.449
2020,12,Portuguese Grand Prix,Autódromo Internacional do Algarve,Portugal,2020-10-25,stroll,Lance Stroll,Canadian,Racing Point,12.0,20,0.0,51,Collision damage,18.0,1:21.694
2020,13,Emilia Romagna Grand Prix,Autodromo Enzo e Dino Ferrari,Italy,2020-11-01,hamilton,Lewis Hamilton,British,Mercedes,2.0,1,26.0,63,Finished,1.0,1:15.484
2020,13,Emilia Romagna Grand Prix,Autodromo Enzo e Dino Ferrari,Italy,2020-11-01,bottas,Valtteri Bottas,Finnish,Mercedes,1.0,2,18.0,63,Finished,2.0,1:15.902
2020,13,Emilia Romagna Grand Prix,Autodromo Enzo e Dino Ferrari,Italy,2020-11-01,ricciardo,Daniel Ricciardo,Australian,Renault,5.0,3,15.0,63,Finished,4.0,1:17.552
2020,13,Emilia Romagna Grand Prix,Autodromo Enzo e Dino Ferrari,Italy,2020-11-01,kvyat,Daniil Kvyat,Russian,AlphaTauri,8.0,4,12.0,63,Finished,6.0,1:17.666
2020,13,Emilia Romagna Grand Prix,Autodromo Enzo e Dino Ferrari,Italy,2020-11-01,leclerc,Charles Leclerc,Monegasque,Ferrari,7.0,5,10.0,63,Finished,12.0,1:18.173
2020,13,Emilia Romagna Grand Prix,Autodromo Enzo e Dino Ferrari,Italy,2020-11-01,perez,Sergio Pérez,Mexican,Racing Point,11.0,6,8.0,63,Finished,9.0,1:18.084
2020,13,Emilia Romagna Grand Prix,Autodromo Enzo e Dino Ferrari,Italy,2020-11-01,sainz,Carlos Sainz,Spanish,McLaren,10.0,7,6.0,63,Finished,11.0,1:18.118
2020,13,Emilia Romagna Grand Prix,Autodromo Enzo e Dino Ferrari,Italy,2020-11-01,norris,Lando Norris,British,McLaren,9.0,8,4.0,63,Finished,8.0,1:18.069
2020,13,Emilia Romagna Grand Prix,Autodromo Enzo e Dino Ferrari,Italy,2020-11-01,raikkonen,Kimi Räikkönen,Finnish,Alfa Romeo,18.0,9,2.0,63,Finished,10.0,1:18.088
2020,13,Emilia Romagna Grand Prix,Autodromo Enzo e Dino Ferrari,Italy,2020-11-01,giovinazzi,Antonio Giovinazzi,Italian,Alfa Romeo,20.0,10,1.0,63,Finished,15.0,1:18.794
2020,13,Emilia Romagna Grand Prix,Autodromo Enzo e Dino Ferrari,Italy,2020-11-01,latifi,Nicholas Latifi,Canadian,Williams,19.0,11,0.0,63,Finished,14.0,1:18.719
2020,13,Emilia Romagna Grand Prix,Autodromo Enzo e Dino Ferrari,Italy,2020-11-01,vettel,Sebastian Vettel,German,Ferrari,14.0,12,0.0,63,Finished,7.0,1:17.767
2020,13,Emilia Romagna Grand Prix,Autodromo Enzo e Dino Ferrari,Italy,2020-11-01,stroll,Lance Stroll,Canadian,Racing Point,15.0,13,0.0,63,Finished,13.0,1:18.360
2020,13,Emilia Romagna Grand Prix,Autodromo Enzo e Dino Ferrari,Italy,2020-11-01,grosjean,Romain Grosjean,French,Haas F1 Team,16.0,14,0.0,63,Finished,17.0,1:18.822
2020,13,Emilia Romagna Grand Prix,Autodromo Enzo e Dino Ferrari,Italy,2020-11-01,albon,Alexander Albon,Thai,Red Bull,6.0,15,0.0,63,Finished,3.0,1:16.177
2020,13,Emilia Romagna Grand Prix,Autodromo Enzo e Dino Ferrari,Italy,2020-11-01,russell,George Russell,British,Williams,13.0,16,0.0,51,Accident,16.0,1:18.811
2020,13,Emilia Romagna Grand Prix,Autodromo Enzo e Dino Ferrari,Italy,2020-11-01,max_verstappen,Max Verstappen,Dutch,Red Bull,3.0,17,0.0,50,Puncture,5.0,1:17.637
2020,13,Emilia Romagna Grand Prix,Autodromo Enzo e Dino Ferrari,Italy,2020-11-01,kevin_magnussen,Kevin Magnussen,Danish,Haas F1 Team,17.0,18,0.0,47,Illness,18.0,1:19.273
2020,13,Emilia Romagna Grand Prix,Autodromo Enzo e Dino Ferrari,Italy,2020-11-01,ocon,Esteban Ocon,French,Renault,12.0,19,0.0,27,Gearbox,19.0,1:19.606
2020,13,Emilia Romagna Grand Prix,Autodromo Enzo e Dino Ferrari,Italy,2020-11-01,gasly,Pierre Gasly,French,AlphaTauri,4.0,20,0.0,8,Water pressure,20.0,1:20.403
2020,14,Turkish Grand Prix,Istanbul Park,Turkey,2020-11-15,hamilton,Lewis Hamilton,British,Mercedes,6.0,1,25.0,58,Finished,6.0,1:39.413
2020,14,Turkish Grand Prix,Istanbul Park,Turkey,2020-11-15,perez,Sergio Pérez,Mexican,Racing Point,3.0,2,18.0,58,Finished,12.0,1:40.392
2020,14,Turkish Grand Prix,Istanbul Park,Turkey,2020-11-15,vettel,Sebastian Vettel,German,Ferrari,11.0,3,15.0,58,Finished,8.0,1:39.662
2020,14,Turkish Grand Prix,Istanbul Park,Turkey,2020-11-15,leclerc,Charles Leclerc,Monegasque,Ferrari,12.0,4,12.0,58,Finished,11.0,1:39.961
2020,14,Turkish Grand Prix,Istanbul Park,Turkey,2020-11-15,sainz,Carlos Sainz,Spanish,McLaren,15.0,5,10.0,58,Finished,4.0,1:38.754
2020,14,Turkish Grand Prix,Istanbul Park,Turkey,2020-11-15,max_verstappen,Max Verstappen,Dutch,Red Bull,2.0,6,8.0,58,Finished,3.0,1:38.431
2020,14,Turkish Grand Prix,Istanbul Park,Turkey,2020-11-15,albon,Alexander Albon,Thai,Red Bull,4.0,7,6.0,58,Finished,5.0,1:39.099
2020,14,Turkish Grand Prix,Istanbul Park,Turkey,2020-11-15,norris,Lando Norris,British,McLaren,14.0,8,5.0,58,Finished,1.0,1:36.806
2020,14,Turkish Grand Prix,Istanbul Park,Turkey,2020-11-15,stroll,Lance Stroll,Canadian,Racing Point,1.0,9,2.0,58,Finished,10.0,1:39.921
2020,14,Turkish Grand Prix,Istanbul Park,Turkey,2020-11-15,ricciardo,Daniel Ricciardo,Australian,Renault,5.0,10,1.0,58,Finished,13.0,1:40.677
2020,14,Turkish Grand Prix,Istanbul Park,Turkey,2020-11-15,ocon,Esteban Ocon,French,Renault,7.0,11,0.0,57,+1 Lap,16.0,1:41.006
2020,14,Turkish Grand Prix,Istanbul Park,Turkey,2020-11-15,kvyat,Daniil Kvyat,Russian,AlphaTauri,16.0,12,0.0,57,+1 Lap,17.0,1:41.019
2020,14,Turkish Grand Prix,Istanbul Park,Turkey,2020-11-15,gasly,Pierre Gasly,French,AlphaTauri,19.0,13,0.0,57,+1 Lap,7.0,1:39.586
2020,14,Turkish Grand Prix,Istanbul Park,Turkey,2020-11-15,bottas,Valtteri Bottas,Finnish,Mercedes,9.0,14,0.0,57,+1 Lap,2.0,1:38.193
2020,14,Turkish Grand Prix,Istanbul Park,Turkey,2020-11-15,raikkonen,Kimi Räikkönen,Finnish,Alfa Romeo,8.0,15,0.0,57,+1 Lap,9.0,1:39.743
2020,14,Turkish Grand Prix,Istanbul Park,Turkey,2020-11-15,russell,George Russell,British,Williams,,16,0.0,57,+1 Lap,14.0,1:40.814
2020,14,Turkish Grand Prix,Istanbul Park,Turkey,2020-11-15,kevin_magnussen,Kevin Magnussen,Danish,Haas F1 Team,13.0,17,0.0,55,Withdrew,15.0,1:40.948
2020,14,Turkish Grand Prix,Istanbul Park,Turkey,2020-11-15,grosjean,Romain Grosjean,French,Haas F1 Team,17.0,18,0.0,49,Collision damage,18.0,1:43.281
2020,14,Turkish Grand Prix,Istanbul Park,Turkey,2020-11-15,latifi,Nicholas Latifi,Canadian,Williams,,19,0.0,39,Collision damage,19.0,1:43.495
2020,14,Turkish Grand Prix,Istanbul Park,Turkey,2020-11-15,giovinazzi,Antonio Giovinazzi,Italian,Alfa Romeo,10.0,20,0.0,11,Gearbox,20.0,1:51.122
2020,15,Bahrain Grand Prix,Bahrain International Circuit,Bahrain,2020-11-29,hamilton,Lewis Hamilton,British,Mercedes,1.0,1,25.0,57,Finished,3.0,1:32.864
2020,15,Bahrain Grand Prix,Bahrain International Circuit,Bahrain,2020-11-29,max_verstappen,Max Verstappen,Dutch,Red Bull,3.0,2,19.0,57,Finished,1.0,1:32.014
2020,15,Bahrain Grand Prix,Bahrain International Circuit,Bahrain,2020-11-29,albon,Alexander Albon,Thai,Red Bull,4.0,3,15.0,57,Finished,10.0,1:33.684
2020,15,Bahrain Grand Prix,Bahrain International Circuit,Bahrain,2020-11-29,norris,Lando Norris,British,McLaren,9.0,4,12.0,57,Finished,7.0,1:33.588
2020,15,Bahrain Grand Prix,Bahrain International Circuit,Bahrain,2020-11-29,sainz,Carlos Sainz,Spanish,McLaren,15.0,5,10.0,57,Finished,5.0,1:33.411
2020,15,Bahrain Grand Prix,Bahrain International Circuit,Bahrain,2020-11-29,gasly,Pierre Gasly,French,AlphaTauri,8.0,6,8.0,57,Finished,16.0,1:34.817
2020,15,Bahrain Grand Prix,Bahrain International Circuit,Bahrain,2020-11-29,ricciardo,Daniel Ricciardo,Australian,Renault,6.0,7,6.0,57,Finished,2.0,1:32.827
2020,15,Bahrain Grand Prix,Bahrain International Circuit,Bahrain,2020-11-29,bottas,Valtteri Bottas,Finnish,Mercedes,2.0,8,4.0,57,Finished,4.0,1:33.352
2020,15,Bahrain Grand Prix,Bahrain International Circuit,Bahrain,2020-11-29,ocon,Esteban Ocon,French,Renault,7.0,9,2.0,57,Finished,13.0,1:34.354
2020,15,Bahrain Grand Prix,Bahrain International Circuit,Bahrain,2020-11-29,leclerc,Charles Leclerc,Monegasque,Ferrari,12.0,10,1.0,56,+1 Lap,8.0,1:33.625
2020,15,Bahrain Grand Prix,Bahrain International Circuit,Bahrain,2020-11-29,kvyat,Daniil Kvyat,Russian,AlphaTauri,10.0,11,0.0,56,+1 Lap,12.0,1:34.141
2020,15,Bahrain Grand Prix,Bahrain International Circuit,Bahrain,2020-11-29,russell,George Russell,British,Williams,14.0,12,0.0,56,+1 Lap,17.0,1:35.042
2020,15,Bahrain Grand Prix,Bahrain International Circuit,Bahrain,2020-11-29,vettel,Sebastian Vettel,German,Ferrari,11.0,13,0.0,56,+1 Lap,11.0,1:33.861
2020,15,Bahrain Grand Prix,Bahrain International Circuit,Bahrain,2020-11-29,latifi,Nicholas Latifi,Canadian,Williams,20.0,14,0.0,56,+1 Lap,15.0,1:34.591
2020,15,Bahrain Grand Prix,Bahrain International Circuit,Bahrain,2020-11-29,raikkonen,Kimi Räikkönen,Finnish,Alfa Romeo,17.0,15,0.0,56,+1 Lap,6.0,1:33.573
2020,15,Bahrain Grand Prix,Bahrain International Circuit,Bahrain,2020-11-29,giovinazzi,Antonio Giovinazzi,Italian,Alfa Romeo,16.0,16,0.0,56,+1 Lap,14.0,1:34.536
2020,15,Bahrain Grand Prix,Bahrain International Circuit,Bahrain,2020-11-29,kevin_magnussen,Kevin Magnussen,Danish,Haas F1 Team,18.0,17,0.0,56,+1 Lap,18.0,1:35.241
2020,15,Bahrain Grand Prix,Bahrain International Circuit,Bahrain,2020-11-29,perez,Sergio Pérez,Mexican,Racing Point,5.0,18,0.0,53,Engine,9.0,1:33.629
2020,15,Bahrain Grand Prix,Bahrain International Circuit,Bahrain,2020-11-29,stroll,Lance Stroll,Canadian,Racing Point,13.0,19,0.0,2,Collision,,
2020,15,Bahrain Grand Prix,Bahrain International Circuit,Bahrain,2020-11-29,grosjean,Romain Grosjean,French,Haas F1 Team,19.0,20,0.0,0,Collision,,
2020,16,Sakhir Grand Prix,Bahrain International Circuit,Bahrain,2020-12-06,perez,Sergio Pérez,Mexican,Racing Point,5.0,1,25.0,87,Finished,3.0,56.789
2020,16,Sakhir Grand Prix,Bahrain International Circuit,Bahrain,2020-12-06,ocon,Esteban Ocon,French,Renault,11.0,2,18.0,87,Finished,12.0,57.350
2020,16,Sakhir Grand Prix,Bahrain International Circuit,Bahrain,2020-12-06,stroll,Lance Stroll,Canadian,Racing Point,10.0,3,15.0,87,Finished,14.0,57.388
2020,16,Sakhir Grand Prix,Bahrain International Circuit,Bahrain,2020-12-06,sainz,Carlos Sainz,Spanish,McLaren,8.0,4,12.0,87,Finished,9.0,57.165
2020,16,Sakhir Grand Prix,Bahrain International Circuit,Bahrain,2020-12-06,ricciardo,Daniel Ricciardo,Australian,Renault,7.0,5,10.0,87,Finished,6.0,56.979
2020,16,Sakhir Grand Prix,Bahrain International Circuit,Bahrain,2020-12-06,albon,Alexander Albon,Thai,Red Bull,12.0,6,8.0,87,Finished,8.0,57.056
2020,16,Sakhir Grand Prix,Bahrain International Circuit,Bahrain,2020-12-06,kvyat,Daniil Kvyat,Russian,AlphaTauri,6.0,7,6.0,87,Finished,7.0,57.001
2020,16,Sakhir Grand Prix,Bahrain International Circuit,Bahrain,2020-12-06,bottas,Valtteri Bottas,Finnish,Mercedes,1.0,8,4.0,87,Finished,2.0,56.563
2020,16,Sakhir Grand Prix,Bahrain International Circuit,Bahrain,2020-12-06,russell,George Russell,British,Mercedes,2.0,9,3.0,87,Finished,1.0,55.404
2020,16,Sakhir Grand Prix,Bahrain International Circuit,Bahrain,2020-12-06,norris,Lando Norris,British,McLaren,19.0,10,1.0,87,Finished,11.0,57.270
2020,16,Sakhir Grand Prix,Bahrain International Circuit,Bahrain,2020-12-06,gasly,Pierre Gasly,French,AlphaTauri,9.0,11,0.0,87,Finished,10.0,57.220
2020,16,Sakhir Grand Prix,Bahrain International Circuit,Bahrain,2020-12-06,vettel,Sebastian Vettel,German,Ferrari,13.0,12,0.0,87,Finished,5.0,56.905
2020,16,Sakhir Grand Prix,Bahrain International Circuit,Bahrain,2020-12-06,giovinazzi,Antonio Giovinazzi,Italian,Alfa Romeo,14.0,13,0.0,87,Finished,4.0,56.887
2020,16,Sakhir Grand Prix,Bahrain International Circuit,Bahrain,2020-12-06,raikkonen,Kimi Räikkönen,Finnish,Alfa Romeo,18.0,14,0.0,87,Finished,13.0,57.375
2020,16,Sakhir Grand Prix,Bahrain International Circuit,Bahrain,2020-12-06,kevin_magnussen,Kevin Magnussen,Danish,Haas F1 Team,15.0,15,0.0,87,Finished,16.0,57.516
2020,16,Sakhir Grand Prix,Bahrain International Circuit,Bahrain,2020-12-06,aitken,Jack Aitken,British,Williams,17.0,16,0.0,87,Finished,15.0,57.392
2020,16,Sakhir Grand Prix,Bahrain International Circuit,Bahrain,2020-12-06,pietro_fittipaldi,Pietro Fittipaldi,Brazilian,Haas F1 Team,20.0,17,0.0,87,Finished,17.0,57.742
2020,16,Sakhir Grand Prix,Bahrain International Circuit,Bahrain,2020-12-06,latifi,Nicholas Latifi,Canadian,Williams,16.0,18,0.0,52,Engine,18.0,58.206
2020,16,Sakhir Grand Prix,Bahrain International Circuit,Bahrain,2020-12-06,max_verstappen,Max Verstappen,Dutch,Red Bull,3.0,19,0.0,0,Accident,,
2020,16,Sakhir Grand Prix,Bahrain International Circuit,Bahrain,2020-12-06,leclerc,Charles Leclerc,Monegasque,Ferrari,4.0,20,0.0,0,Collision,,
2020,17,Abu Dhabi Grand Prix,Yas Marina Circuit,UAE,2020-12-13,max_verstappen,Max Verstappen,Dutch,Red Bull,1.0,1,25.0,55,Finished,2.0,1:40.958
2020,17,Abu Dhabi Grand Prix,Yas Marina Circuit,UAE,2020-12-13,bottas,Valtteri Bottas,Finnish,Mercedes,2.0,2,18.0,55,Finished,3.0,1:41.131
2020,17,Abu Dhabi Grand Prix,Yas Marina Circuit,UAE,2020-12-13,hamilton,Lewis Hamilton,British,Mercedes,3.0,3,15.0,55,Finished,5.0,1:41.420
2020,17,Abu Dhabi Grand Prix,Yas Marina Circuit,UAE,2020-12-13,albon,Alexander Albon,Thai,Red Bull,5.0,4,12.0,55,Finished,4.0,1:41.227
2020,17,Abu Dhabi Grand Prix,Yas Marina Circuit,UAE,2020-12-13,norris,Lando Norris,British,McLaren,4.0,5,10.0,55,Finished,12.0,1:41.964
2020,17,Abu Dhabi Grand Prix,Yas Marina Circuit,UAE,2020-12-13,sainz,Carlos Sainz,Spanish,McLaren,6.0,6,8.0,55,Finished,11.0,1:41.947
2020,17,Abu Dhabi Grand Prix,Yas Marina Circuit,UAE,2020-12-13,ricciardo,Daniel Ricciardo,Australian,Renault,11.0,7,7.0,55,Finished,1.0,1:40.926
2020,17,Abu Dhabi Grand Prix,Yas Marina Circuit,UAE,2020-12-13,gasly,Pierre Gasly,French,AlphaTauri,9.0,8,4.0,55,Finished,15.0,1:42.474
2020,17,Abu Dhabi Grand Prix,Yas Marina Circuit,UAE,2020-12-13,ocon,Esteban Ocon,French,Renault,10.0,9,2.0,55,Finished,18.0,1:42.894
2020,17,Abu Dhabi Grand Prix,Yas Marina Circuit,UAE,2020-12-13,stroll,Lance Stroll,Canadian,Racing Point,8.0,10,1.0,55,Finished,9.0,1:41.866
2020,17,Abu Dhabi Grand Prix,Yas Marina Circuit,UAE,2020-12-13,kvyat,Daniil Kvyat,Russian,AlphaTauri,7.0,11,0.0,54,+1 Lap,17.0,1:42.704
2020,17,Abu Dhabi Grand Prix,Yas Marina Circuit,UAE,2020-12-13,raikkonen,Kimi Räikkönen,Finnish,Alfa Romeo,15.0,12,0.0,54,+1 Lap,14.0,1:42.148
2020,17,Abu Dhabi Grand Prix,Yas Marina Circuit,UAE,2020-12-13,leclerc,Charles Leclerc,Monegasque,Ferrari,12.0,13,0.0,54,+1 Lap,10.0,1:41.908
2020,17,Abu Dhabi Grand Prix,Yas Marina Circuit,UAE,2020-12-13,vettel,Sebastian Vettel,German,Ferrari,13.0,14,0.0,54,+1 Lap,6.0,1:41.475
2020,17,Abu Dhabi Grand Prix,Yas Marina Circuit,UAE,2020-12-13,russell,George Russell,British,Williams,16.0,15,0.0,54,+1 Lap,20.0,1:43.328
2020,17,Abu Dhabi Grand Prix,Yas Marina Circuit,UAE,2020-12-13,giovinazzi,Antonio Giovinazzi,Italian,Alfa Romeo,14.0,16,0.0,54,+1 Lap,7.0,1:41.675
2020,17,Abu Dhabi Grand Prix,Yas Marina Circuit,UAE,2020-12-13,latifi,Nicholas Latifi,Canadian,Williams,18.0,17,0.0,54,+1 Lap,16.0,1:42.497
2020,17,Abu Dhabi Grand Prix,Yas Marina Circuit,UAE,2020-12-13,kevin_magnussen,Kevin Magnussen,Danish,Haas F1 Team,20.0,18,0.0,54,+1 Lap,13.0,1:41.999
2020,17,Abu Dhabi Grand Prix,Yas Marina Circuit,UAE,2020-12-13,pietro_fittipaldi,Pietro Fittipaldi,Brazilian,Haas F1 Team,17.0,19,0.0,53,+2 Laps,8.0,1:41.707
2020,17,Abu Dhabi Grand Prix,Yas Marina Circuit,UAE,2020-12-13,perez,Sergio Pérez,Mexican,Racing Point,19.0,20,0.0,8,Transmission,19.0,1:43.263
2021,1,Bahrain Grand Prix,Bahrain International Circuit,Bahrain,2021-03-28,hamilton,Lewis Hamilton,British,Mercedes,2.0,1,25.0,56,Finished,4.0,1:34.015
2021,1,Bahrain Grand Prix,Bahrain International Circuit,Bahrain,2021-03-28,max_verstappen,Max Verstappen,Dutch,Red Bull,1.0,2,18.0,56,Finished,2.0,1:33.228
2021,1,Bahrain Grand Prix,Bahrain International Circuit,Bahrain,2021-03-28,bottas,Valtteri Bottas,Finnish,Mercedes,3.0,3,16.0,56,Finished,1.0,1:32.090
2021,1,Bahrain Grand Prix,Bahrain International Circuit,Bahrain,2021-03-28,norris,Lando Norris,British,McLaren,7.0,4,12.0,56,Finished,6.0,1:34.396
2021,1,Bahrain Grand Prix,Bahrain International Circuit,Bahrain,2021-03-28,perez,Sergio Pérez,Mexican,Red Bull,,5,10.0,56,Finished,3.0,1:33.970
2021,1,Bahrain Grand Prix,Bahrain International Circuit,Bahrain,2021-03-28,leclerc,Charles Leclerc,Monegasque,Ferrari,4.0,6,8.0,56,Finished,11.0,1:34.988
2021,1,Bahrain Grand Prix,Bahrain International Circuit,Bahrain,2021-03-28,ricciardo,Daniel Ricciardo,Australian,McLaren,6.0,7,6.0,56,Finished,10.0,1:34.932
2021,1,Bahrain Grand Prix,Bahrain International Circuit,Bahrain,2021-03-28,sainz,Carlos Sainz,Spanish,Ferrari,8.0,8,4.0,56,Finished,7.0,1:34.509
2021,1,Bahrain Grand Prix,Bahrain International Circuit,Bahrain,2021-03-28,tsunoda,Yuki Tsunoda,Japanese,AlphaTauri,13.0,9,2.0,56,Finished,8.0,1:34.761
2021,1,Bahrain Grand Prix,Bahrain International Circuit,Bahrain,2021-03-28,stroll,Lance Stroll,Canadian,Aston Martin,10.0,10,1.0,56,Finished,9.0,1:34.865
2021,1,Bahrain Grand Prix,Bahrain International Circuit,Bahrain,2021-03-28,raikkonen,Kimi Räikkönen,Finnish,Alfa Romeo,14.0,11,0.0,56,Finished,14.0,1:35.192
2021,1,Bahrain Grand Prix,Bahrain International Circuit,Bahrain,2021-03-28,giovinazzi,Antonio Giovinazzi,Italian,Alfa Romeo,12.0,12,0.0,55,+1 Lap,13.0,1:35.122
2021,1,Bahrain Grand Prix,Bahrain International Circuit,Bahrain,2021-03-28,ocon,Esteban Ocon,French,Alpine F1 Team,16.0,13,0.0,55,+1 Lap,15.0,1:35.250
2021,1,Bahrain Grand Prix,Bahrain International Circuit,Bahrain,2021-03-28,russell,George Russell,British,Williams,15.0,14,0.0,55,+1 Lap,12.0,1:35.036
2021,1,Bahrain Grand Prix,Bahrain International Circuit,Bahrain,2021-03-28,vettel,Sebastian Vettel,German,Aston Martin,20.0,15,0.0,55,+1 Lap,16.0,1:35.566
2021,1,Bahrain Grand Prix,Bahrain International Circuit,Bahrain,2021-03-28,mick_schumacher,Mick Schumacher,German,Haas F1 Team,18.0,16,0.0,55,+1 Lap,18.0,1:36.134
2021,1,Bahrain Grand Prix,Bahrain International Circuit,Bahrain,2021-03-28,gasly,Pierre Gasly,French,AlphaTauri,5.0,17,0.0,52,Retired,5.0,1:34.090
2021,1,Bahrain Grand Prix,Bahrain International Circuit,Bahrain,2021-03-28,latifi,Nicholas Latifi,Canadian,Williams,17.0,18,0.0,51,Retired,19.0,1:36.602
2021,1,Bahrain Grand Prix,Bahrain International Circuit,Bahrain,2021-03-28,alonso,Fernando Alonso,Spanish,Alpine F1 Team,9.0,19,0.0,32,Brakes,17.0,1:36.063
2021,1,Bahrain Grand Prix,Bahrain International Circuit,Bahrain,2021-03-28,mazepin,Nikita Mazepin,Russian,Haas F1 Team,19.0,20,0.0,0,Accident,,
2021,2,Emilia Romagna Grand Prix,Autodromo Enzo e Dino Ferrari,Italy,2021-04-18,max_verstappen,Max Verstappen,Dutch,Red Bull,3.0,1,25.0,63,Finished,2.0,1:17.524
2021,2,Emilia Romagna Grand Prix,Autodromo Enzo e Dino Ferrari,Italy,2021-04-18,hamilton,Lewis Hamilton,British,Mercedes,1.0,2,19.0,63,Finished,1.0,1:16.702
2021,2,Emilia Romagna Grand Prix,Autodromo Enzo e Dino Ferrari,Italy,2021-04-18,norris,Lando Norris,British,McLaren,7.0,3,15.0,63,Finished,3.0,1:18.259
2021,2,Emilia Romagna Grand Prix,Autodromo Enzo e Dino Ferrari,Italy,2021-04-18,leclerc,Charles Leclerc,Monegasque,Ferrari,4.0,4,12.0,63,Finished,6.0,1:18.379
2021,2,Emilia Romagna Grand Prix,Autodromo Enzo e Dino Ferrari,Italy,2021-04-18,sainz,Carlos Sainz,Spanish,Ferrari,11.0,5,10.0,63,Finished,7.0,1:18.490
2021,2,Emilia Romagna Grand Prix,Autodromo Enzo e Dino Ferrari,Italy,2021-04-18,ricciardo,Daniel Ricciardo,Australian,McLaren,6.0,6,8.0,63,Finished,12.0,1:19.341
2021,2,Emilia Romagna Grand Prix,Autodromo Enzo e Dino Ferrari,Italy,2021-04-18,gasly,Pierre Gasly,French,AlphaTauri,5.0,7,6.0,63,Finished,9.0,1:18.994
2021,2,Emilia Romagna Grand Prix,Autodromo Enzo e Dino Ferrari,Italy,2021-04-18,stroll,Lance Stroll,Canadian,Aston Martin,10.0,8,4.0,63,Finished,8.0,1:18.782
2021,2,Emilia Romagna Grand Prix,Autodromo Enzo e Dino Ferrari,Italy,2021-04-18,ocon,Esteban Ocon,French,Alpine F1 Team,9.0,9,2.0,63,Finished,15.0,1:19.422
2021,2,Emilia Romagna Grand Prix,Autodromo Enzo e Dino Ferrari,Italy,2021-04-18,alonso,Fernando Alonso,Spanish,Alpine F1 Team,15.0,10,1.0,63,Finished,14.0,1:19.417
2021,2,Emilia Romagna Grand Prix,Autodromo Enzo e Dino Ferrari,Italy,2021-04-18,perez,Sergio Pérez,Mexican,Red Bull,2.0,11,0.0,63,Finished,13.0,1:19.396
2021,2,Emilia Romagna Grand Prix,Autodromo Enzo e Dino Ferrari,Italy,2021-04-18,tsunoda,Yuki Tsunoda,Japanese,AlphaTauri,20.0,12,0.0,63,Finished,4.0,1:18.334
2021,2,Emilia Romagna Grand Prix,Autodromo Enzo e Dino Ferrari,Italy,2021-04-18,raikkonen,Kimi Räikkönen,Finnish,Alfa Romeo,16.0,13,0.0,63,Finished,5.0,1:18.353
2021,2,Emilia Romagna Grand Prix,Autodromo Enzo e Dino Ferrari,Italy,2021-04-18,giovinazzi,Antonio Giovinazzi,Italian,Alfa Romeo,17.0,14,0.0,62,+1 Lap,16.0,1:19.470
2021,2,Emilia Romagna Grand Prix,Autodromo Enzo e Dino Ferrari,Italy,2021-04-18,vettel,Sebastian Vettel,German,Aston Martin,,15,0.0,61,Gearbox,10.0,1:19.074
2021,2,Emilia Romagna Grand Prix,Autodromo Enzo e Dino Ferrari,Italy,2021-04-18,mick_schumacher,Mick Schumacher,German,Haas F1 Team,18.0,16,0.0,61,+2 Laps,11.0,1:19.193
2021,2,Emilia Romagna Grand Prix,Autodromo Enzo e Dino Ferrari,Italy,2021-04-18,mazepin,Nikita Mazepin,Russian,Haas F1 Team,19.0,17,0.0,61,+2 Laps,17.0,1:20.402
2021,2,Emilia Romagna Grand Prix,Autodromo Enzo e Dino Ferrari,Italy,2021-04-18,bottas,Valtteri Bottas,Finnish,Mercedes,8.0,18,0.0,30,Collision,19.0,1:28.485
2021,2,Emilia Romagna Grand Prix,Autodromo Enzo e Dino Ferrari,Italy,2021-04-18,russell,George Russell,British,Williams,12.0,19,0.0,30,Collision,18.0,1:26.543
2021,2,Emilia Romagna Grand Prix,Autodromo Enzo e Dino Ferrari,Italy,2021-04-18,latifi,Nicholas Latifi,Canadian,Williams,14.0,20,0.0,0,Collision,,
2021,3,Portuguese Grand Prix,Autódromo Internacional do Algarve,Portugal,2021-05-02,hamilton,Lewis Hamilton,British,Mercedes,2.0,1,25.0,66,Finished,4.0,1:20.933
2021,3,Portuguese Grand Prix,Autódromo Internacional do Algarve,Portugal,2021-05-02,max_verstappen,Max Verstappen,Dutch,Red Bull,3.0,2,18.0,66,Finished,3.0,1:20.695
2021,3,Portuguese Grand Prix,Autódromo Internacional do Algarve,Portugal,2021-05-02,bottas,Valtteri Bottas,Finnish,Mercedes,1.0,3,16.0,66,Finished,1.0,1:19.865
2021,3,Portuguese Grand Prix,Autódromo Internacional do Algarve,Portugal,2021-05-02,perez,Sergio Pérez,Mexican,Red Bull,4.0,4,12.0,66,Finished,2.0,1:20.643
2021,3,Portuguese Grand Prix,Autódromo Internacional do Algarve,Portugal,2021-05-02,norris,Lando Norris,British,McLaren,7.0,5,10.0,66,Finished,7.0,1:21.696
2021,3,Portuguese Grand Prix,Autódromo Internacional do Algarve,Portugal,2021-05-02,leclerc,Charles Leclerc,Monegasque,Ferrari,8.0,6,8.0,66,Finished,6.0,1:21.496
2021,3,Portuguese Grand Prix,Autódromo Internacional do Algarve,Portugal,2021-05-02,ocon,Esteban Ocon,French,Alpine F1 Team,6.0,7,6.0,66,Finished,8.0,1:21.886
2021,3,Portuguese Grand Prix,Autódromo Internacional do Algarve,Portugal,2021-05-02,alonso,Fernando Alonso,Spanish,Alpine F1 Team,13.0,8,4.0,66,Finished,5.0,1:21.032
2021,3,Portuguese Grand Prix,Autódromo Internacional do Algarve,Portugal,2021-05-02,ricciardo,Daniel Ricciardo,Australian,McLaren,16.0,9,2.0,66,Finished,10.0,1:21.987
2021,3,Portuguese Grand Prix,Autódromo Internacional do Algarve,Portugal,2021-05-02,gasly,Pierre Gasly,French,AlphaTauri,9.0,10,1.0,66,Finished,11.0,1:22.014
2021,3,Portuguese Grand Prix,Autódromo Internacional do Algarve,Portugal,2021-05-02,sainz,Carlos Sainz,Spanish,Ferrari,5.0,11,0.0,66,Finished,14.0,1:22.325
2021,3,Portuguese Grand Prix,Autódromo Internacional do Algarve,Portugal,2021-05-02,giovinazzi,Antonio Giovinazzi,Italian,Alfa Romeo,12.0,12,0.0,65,+1 Lap,13.0,1:22.167
2021,3,Portuguese Grand Prix,Autódromo Internacional do Algarve,Portugal,2021-05-02,vettel,Sebastian Vettel,German,Aston Martin,10.0,13,0.0,65,+1 Lap,15.0,1:22.416
2021,3,Portuguese Grand Prix,Autódromo Internacional do Algarve,Portugal,2021-05-02,stroll,Lance Stroll,Canadian,Aston Martin,17.0,14,0.0,65,+1 Lap,9.0,1:21.970
2021,3,Portuguese Grand Prix,Autódromo Internacional do Algarve,Portugal,2021-05-02,tsunoda,Yuki Tsunoda,Japanese,AlphaTauri,14.0,15,0.0,65,+1 Lap,12.0,1:22.058
2021,3,Portuguese Grand Prix,Autódromo Internacional do Algarve,Portugal,2021-05-02,russell,George Russell,British,Williams,11.0,16,0.0,65,+1 Lap,16.0,1:22.654
2021,3,Portuguese Grand Prix,Autódromo Internacional do Algarve,Portugal,2021-05-02,mick_schumacher,Mick Schumacher,German,Haas F1 Team,19.0,17,0.0,64,+2 Laps,17.0,1:22.755
2021,3,Portuguese Grand Prix,Autódromo Internacional do Algarve,Portugal,2021-05-02,latifi,Nicholas Latifi,Canadian,Williams,18.0,18,0.0,64,+2 Laps,18.0,1:23.155
2021,3,Portuguese Grand Prix,Autódromo Internacional do Algarve,Portugal,2021-05-02,mazepin,Nikita Mazepin,Russian,Haas F1 Team,20.0,19,0.0,64,+2 Laps,19.0,1:23.641
2021,3,Portuguese Grand Prix,Autódromo Internacional do Algarve,Portugal,2021-05-02,raikkonen,Kimi Räikkönen,Finnish,Alfa Romeo,15.0,20,0.0,1,Collision damage,,
2021,4,Spanish Grand Prix,Circuit de Barcelona-Catalunya,Spain,2021-05-09,hamilton,Lewis Hamilton,British,Mercedes,1.0,1,25.0,66,Finished,5.0,1:20.665
2021,4,Spanish Grand Prix,Circuit de Barcelona-Catalunya,Spain,2021-05-09,max_verstappen,Max Verstappen,Dutch,Red Bull,2.0,2,19.0,66,Finished,1.0,1:18.149
2021,4,Spanish Grand Prix,Circuit de Barcelona-Catalunya,Spain,2021-05-09,bottas,Valtteri Bottas,Finnish,Mercedes,3.0,3,15.0,66,Finished,2.0,1:19.430
2021,4,Spanish Grand Prix,Circuit de Barcelona-Catalunya,Spain,2021-05-09,leclerc,Charles Leclerc,Monegasque,Ferrari,4.0,4,12.0,66,Finished,4.0,1:20.459
2021,4,Spanish Grand Prix,Circuit de Barcelona-Catalunya,Spain,2021-05-09,perez,Sergio Pérez,Mexican,Red Bull,8.0,5,10.0,66,Finished,3.0,1:19.483
2021,4,Spanish Grand Prix,Circuit de Barcelona-Catalunya,Spain,2021-05-09,ricciardo,Daniel Ricciardo,Australian,McLaren,7.0,6,8.0,66,Finished,10.0,1:21.853
2021,4,Spanish Grand Prix,Circuit de Barcelona-Catalunya,Spain,2021-05-09,sainz,Carlos Sainz,Spanish,Ferrari,6.0,7,6.0,66,Finished,9.0,1:21.568
2021,4,Spanish Grand Prix,Circuit de Barcelona-Catalunya,Spain,2021-05-09,norris,Lando Norris,British,McLaren,9.0,8,4.0,65,+1 Lap,7.0,1:21.279
2021,4,Spanish Grand Prix,Circuit de Barcelona-Catalunya,Spain,2021-05-09,ocon,Esteban Ocon,French,Alpine F1 Team,5.0,9,2.0,65,+1 Lap,18.0,1:23.311
2021,4,Spanish Grand Prix,Circuit de Barcelona-Catalunya,Spain,2021-05-09,gasly,Pierre Gasly,French,AlphaTauri,12.0,10,1.0,65,+1 Lap,8.0,1:21.375
2021,4,Spanish Grand Prix,Circuit de Barcelona-Catalunya,Spain,2021-05-09,stroll,Lance Stroll,Canadian,Aston Martin,11.0,11,0.0,65,+1 Lap,11.0,1:22.607
2021,4,Spanish Grand Prix,Circuit de Barcelona-Catalunya,Spain,2021-05-09,raikkonen,Kimi Räikkönen,Finnish,Alfa Romeo,17.0,12,0.0,65,+1 Lap,15.0,1:22.868
2021,4,Spanish Grand Prix,Circuit de Barcelona-Catalunya,Spain,2021-05-09,vettel,Sebastian Vettel,German,Aston Martin,13.0,13,0.0,65,+1 Lap,14.0,1:22.820
2021,4,Spanish Grand Prix,Circuit de Barcelona-Catalunya,Spain,2021-05-09,russell,George Russell,British,Williams,15.0,14,0.0,65,+1 Lap,17.0,1:23.208
2021,4,Spanish Grand Prix,Circuit de Barcelona-Catalunya,Spain,2021-05-09,giovinazzi,Antonio Giovinazzi,Italian,Alfa Romeo,14.0,15,0.0,65,+1 Lap,13.0,1:22.802
2021,4,Spanish Grand Prix,Circuit de Barcelona-Catalunya,Spain,2021-05-09,latifi,Nicholas Latifi,Canadian,Williams,19.0,16,0.0,65,+1 Lap,16.0,1:22.905
2021,4,Spanish Grand Prix,Circuit de Barcelona-Catalunya,Spain,2021-05-09,alonso,Fernando Alonso,Spanish,Alpine F1 Team,10.0,17,0.0,65,+1 Lap,6.0,1:21.182
2021,4,Spanish Grand Prix,Circuit de Barcelona-Catalunya,Spain,2021-05-09,mick_schumacher,Mick Schumacher,German,Haas F1 Team,18.0,18,0.0,64,+2 Laps,12.0,1:22.637
2021,4,Spanish Grand Prix,Circuit de Barcelona-Catalunya,Spain,2021-05-09,mazepin,Nikita Mazepin,Russian,Haas F1 Team,20.0,19,0.0,64,+2 Laps,19.0,1:24.040
2021,4,Spanish Grand Prix,Circuit de Barcelona-Catalunya,Spain,2021-05-09,tsunoda,Yuki Tsunoda,Japanese,AlphaTauri,16.0,20,0.0,6,Electrical,20.0,1:24.825
2021,5,Monaco Grand Prix,Circuit de Monaco,Monaco,2021-05-23,max_verstappen,Max Verstappen,Dutch,Red Bull,2.0,1,25.0,78,Finished,6.0,1:14.649
2021,5,Monaco Grand Prix,Circuit de Monaco,Monaco,2021-05-23,sainz,Carlos Sainz,Spanish,Ferrari,4.0,2,18.0,78,Finished,5.0,1:14.621
2021,5,Monaco Grand Prix,Circuit de Monaco,Monaco,2021-05-23,norris,Lando Norris,British,McLaren,5.0,3,15.0,78,Finished,7.0,1:14.670
2021,5,Monaco Grand Prix,Circuit de Monaco,Monaco,2021-05-23,perez,Sergio Pérez,Mexican,Red Bull,9.0,4,12.0,78,Finished,3.0,1:14.552
2021,5,Monaco Grand Prix,Circuit de Monaco,Monaco,2021-05-23,vettel,Sebastian Vettel,German,Aston Martin,8.0,5,10.0,78,Finished,11.0,1:15.316
2021,5,Monaco Grand Prix,Circuit de Monaco,Monaco,2021-05-23,gasly,Pierre Gasly,French,AlphaTauri,6.0,6,8.0,78,Finished,14.0,1:15.412
2021,5,Monaco Grand Prix,Circuit de Monaco,Monaco,2021-05-23,hamilton,Lewis Hamilton,British,Mercedes,7.0,7,7.0,78,Finished,1.0,1:12.909
2021,5,Monaco Grand Prix,Circuit de Monaco,Monaco,2021-05-23,stroll,Lance Stroll,Canadian,Aston Martin,13.0,8,4.0,77,+1 Lap,8.0,1:14.674
2021,5,Monaco Grand Prix,Circuit de Monaco,Monaco,2021-05-23,ocon,Esteban Ocon,French,Alpine F1 Team,11.0,9,2.0,77,+1 Lap,12.0,1:15.316
2021,5,Monaco Grand Prix,Circuit de Monaco,Monaco,2021-05-23,giovinazzi,Antonio Giovinazzi,Italian,Alfa Romeo,10.0,10,1.0,77,+1 Lap,13.0,1:15.331
2021,5,Monaco Grand Prix,Circuit de Monaco,Monaco,2021-05-23,raikkonen,Kimi Räikkönen,Finnish,Alfa Romeo,14.0,11,0.0,77,+1 Lap,9.0,1:14.971
2021,5,Monaco Grand Prix,Circuit de Monaco,Monaco,2021-05-23,ricciardo,Daniel Ricciardo,Australian,McLaren,12.0,12,0.0,77,+1 Lap,4.0,1:14.578
2021,5,Monaco Grand Prix,Circuit de Monaco,Monaco,2021-05-23,alonso,Fernando Alonso,Spanish,Alpine F1 Team,17.0,13,0.0,77,+1 Lap,10.0,1:15.026
2021,5,Monaco Grand Prix,Circuit de Monaco,Monaco,2021-05-23,russell,George Russell,British,Williams,15.0,14,0.0,77,+1 Lap,15.0,1:15.539
2021,5,Monaco Grand Prix,Circuit de Monaco,Monaco,2021-05-23,latifi,Nicholas Latifi,Canadian,Williams,18.0,15,0.0,77,+1 Lap,16.0,1:15.573
2021,5,Monaco Grand Prix,Circuit de Monaco,Monaco,2021-05-23,tsunoda,Yuki Tsunoda,Japanese,AlphaTauri,16.0,16,0.0,77,+1 Lap,2.0,1:14.037
2021,5,Monaco Grand Prix,Circuit de Monaco,Monaco,2021-05-23,mazepin,Nikita Mazepin,Russian,Haas F1 Team,19.0,17,0.0,75,+3 Laps,19.0,1:16.866
2021,5,Monaco Grand Prix,Circuit de Monaco,Monaco,2021-05-23,mick_schumacher,Mick Schumacher,German,Haas F1 Team,20.0,18,0.0,75,+3 Laps,18.0,1:16.425
2021,5,Monaco Grand Prix,Circuit de Monaco,Monaco,2021-05-23,bottas,Valtteri Bottas,Finnish,Mercedes,3.0,19,0.0,29,Wheel nut,17.0,1:15.706
2021,5,Monaco Grand Prix,Circuit de Monaco,Monaco,2021-05-23,leclerc,Charles Leclerc,Monegasque,Ferrari,1.0,20,0.0,0,Driveshaft,,
2021,6,Azerbaijan Grand Prix,Baku City Circuit,Azerbaijan,2021-06-06,perez,Sergio Pérez,Mexican,Red Bull,6.0,1,25.0,51,Finished,2.0,1:44.687
2021,6,Azerbaijan Grand Prix,Baku City Circuit,Azerbaijan,2021-06-06,vettel,Sebastian Vettel,German,Aston Martin,11.0,2,18.0,51,Finished,4.0,1:44.890
2021,6,Azerbaijan Grand Prix,Baku City Circuit,Azerbaijan,2021-06-06,gasly,Pierre Gasly,French,AlphaTauri,4.0,3,15.0,51,Finished,6.0,1:45.220
2021,6,Azerbaijan Grand Prix,Baku City Circuit,Azerbaijan,2021-06-06,leclerc,Charles Leclerc,Monegasque,Ferrari,1.0,4,12.0,51,Finished,8.0,1:45.382
2021,6,Azerbaijan Grand Prix,Baku City Circuit,Azerbaijan,2021-06-06,norris,Lando Norris,British,McLaren,9.0,5,10.0,51,Finished,7.0,1:45.326
2021,6,Azerbaijan Grand Prix,Baku City Circuit,Azerbaijan,2021-06-06,alonso,Fernando Alonso,Spanish,Alpine F1 Team,8.0,6,8.0,51,Finished,11.0,1:45.624
2021,6,Azerbaijan Grand Prix,Baku City Circuit,Azerbaijan,2021-06-06,tsunoda,Yuki Tsunoda,Japanese,AlphaTauri,7.0,7,6.0,51,Finished,5.0,1:44.939
2021,6,Azerbaijan Grand Prix,Baku City Circuit,Azerbaijan,2021-06-06,sainz,Carlos Sainz,Spanish,Ferrari,5.0,8,4.0,51,Finished,13.0,1:45.700
2021,6,Azerbaijan Grand Prix,Baku City Circuit,Azerbaijan,2021-06-06,ricciardo,Daniel Ricciardo,Australian,McLaren,13.0,9,2.0,51,Finished,14.0,1:45.713
2021,6,Azerbaijan Grand Prix,Baku City Circuit,Azerbaijan,2021-06-06,raikkonen,Kimi Räikkönen,Finnish,Alfa Romeo,14.0,10,1.0,51,Finished,10.0,1:45.601
2021,6,Azerbaijan Grand Prix,Baku City Circuit,Azerbaijan,2021-06-06,giovinazzi,Antonio Giovinazzi,Italian,Alfa Romeo,20.0,11,0.0,51,Finished,9.0,1:45.575
2021,6,Azerbaijan Grand Prix,Baku City Circuit,Azerbaijan,2021-06-06,bottas,Valtteri Bottas,Finnish,Mercedes,10.0,12,0.0,51,Finished,12.0,1:45.665
2021,6,Azerbaijan Grand Prix,Baku City Circuit,Azerbaijan,2021-06-06,mick_schumacher,Mick Schumacher,German,Haas F1 Team,17.0,13,0.0,51,Finished,18.0,1:47.624
2021,6,Azerbaijan Grand Prix,Baku City Circuit,Azerbaijan,2021-06-06,mazepin,Nikita Mazepin,Russian,Haas F1 Team,18.0,14,0.0,51,Finished,19.0,1:47.747
2021,6,Azerbaijan Grand Prix,Baku City Circuit,Azerbaijan,2021-06-06,hamilton,Lewis Hamilton,British,Mercedes,2.0,15,0.0,51,Finished,3.0,1:44.769
2021,6,Azerbaijan Grand Prix,Baku City Circuit,Azerbaijan,2021-06-06,latifi,Nicholas Latifi,Canadian,Williams,16.0,16,0.0,51,Finished,17.0,1:46.608
2021,6,Azerbaijan Grand Prix,Baku City Circuit,Azerbaijan,2021-06-06,russell,George Russell,British,Williams,15.0,17,0.0,48,Gearbox,15.0,1:45.959
2021,6,Azerbaijan Grand Prix,Baku City Circuit,Azerbaijan,2021-06-06,max_verstappen,Max Verstappen,Dutch,Red Bull,3.0,18,0.0,45,Accident,1.0,1:44.481
2021,6,Azerbaijan Grand Prix,Baku City Circuit,Azerbaijan,2021-06-06,stroll,Lance Stroll,Canadian,Aston Martin,19.0,19,0.0,29,Accident,16.0,1:46.207
2021,6,Azerbaijan Grand Prix,Baku City Circuit,Azerbaijan,2021-06-06,ocon,Esteban Ocon,French,Alpine F1 Team,12.0,20,0.0,3,Turbo,20.0,1:50.850
2021,7,French Grand Prix,Circuit Paul Ricard,France,2021-06-20,max_verstappen,Max Verstappen,Dutch,Red Bull,1.0,1,26.0,53,Finished,1.0,1:36.404
2021,7,French Grand Prix,Circuit Paul Ricard,France,2021-06-20,hamilton,Lewis Hamilton,British,Mercedes,2.0,2,18.0,53,Finished,5.0,1:37.410
2021,7,French Grand Prix,Circuit Paul Ricard,France,2021-06-20,perez,Sergio Pérez,Mexican,Red Bull,4.0,3,15.0,53,Finished,2.0,1:36.693
2021,7,French Grand Prix,Circuit Paul Ricard,France,2021-06-20,bottas,Valtteri Bottas,Finnish,Mercedes,3.0,4,12.0,53,Finished,3.0,1:36.960
2021,7,French Grand Prix,Circuit Paul Ricard,France,2021-06-20,norris,Lando Norris,British,McLaren,8.0,5,10.0,53,Finished,6.0,1:37.425
2021,7,French Grand Prix,Circuit Paul Ricard,France,2021-06-20,ricciardo,Daniel Ricciardo,Australian,McLaren,10.0,6,8.0,53,Finished,14.0,1:38.324
2021,7,French Grand Prix,Circuit Paul Ricard,France,2021-06-20,gasly,Pierre Gasly,French,AlphaTauri,6.0,7,6.0,53,Finished,11.0,1:38.103
2021,7,French Grand Prix,Circuit Paul Ricard,France,2021-06-20,alonso,Fernando Alonso,Spanish,Alpine F1 Team,9.0,8,4.0,53,Finished,7.0,1:37.646
2021,7,French Grand Prix,Circuit Paul Ricard,France,2021-06-20,vettel,Sebastian Vettel,German,Aston Martin,12.0,9,2.0,53,Finished,4.0,1:37.138
2021,7,French Grand Prix,Circuit Paul Ricard,France,2021-06-20,stroll,Lance Stroll,Canadian,Aston Martin,19.0,10,1.0,53,Finished,9.0,1:37.828
2021,7,French Grand Prix,Circuit Paul Ricard,France,2021-06-20,sainz,Carlos Sainz,Spanish,Ferrari,5.0,11,0.0,53,Finished,18.0,1:38.931
2021,7,French Grand Prix,Circuit Paul Ricard,France,2021-06-20,russell,George Russell,British,Williams,14.0,12,0.0,52,+1 Lap,13.0,1:38.314
2021,7,French Grand Prix,Circuit Paul Ricard,France,2021-06-20,tsunoda,Yuki Tsunoda,Japanese,AlphaTauri,,13,0.0,52,+1 Lap,19.0,1:38.980
2021,7,French Grand Prix,Circuit Paul Ricard,France,2021-06-20,ocon,Esteban Ocon,French,Alpine F1 Team,11.0,14,0.0,52,+1 Lap,15.0,1:38.645
2021,7,French Grand Prix,Circuit Paul Ricard,France,2021-06-20,giovinazzi,Antonio Giovinazzi,Italian,Alfa Romeo,13.0,15,0.0,52,+1 Lap,16.0,1:38.702
2021,7,French Grand Prix,Circuit Paul Ricard,France,2021-06-20,leclerc,Charles Leclerc,Monegasque,Ferrari,7.0,16,0.0,52,+1 Lap,8.0,1:37.681
2021,7,French Grand Prix,Circuit Paul Ricard,France,2021-06-20,raikkonen,Kimi Räikkönen,Finnish,Alfa Romeo,17.0,17,0.0,52,+1 Lap,10.0,1:37.992
2021,7,French Grand Prix,Circuit Paul Ricard,France,2021-06-20,latifi,Nicholas Latifi,Canadian,Williams,16.0,18,0.0,52,+1 Lap,12.0,1:38.313
2021,7,French Grand Prix,Circuit Paul Ricard,France,2021-06-20,mick_schumacher,Mick Schumacher,German,Haas F1 Team,15.0,19,0.0,52,+1 Lap,17.0,1:38.847
2021,7,French Grand Prix,Circuit Paul Ricard,France,2021-06-20,mazepin,Nikita Mazepin,Russian,Haas F1 Team,18.0,20,0.0,52,+1 Lap,20.0,1:39.317
2021,8,Styrian Grand Prix,Red Bull Ring,Austria,2021-06-27,max_verstappen,Max Verstappen,Dutch,Red Bull,1.0,1,25.0,71,Finished,3.0,1:08.017
2021,8,Styrian Grand Prix,Red Bull Ring,Austria,2021-06-27,hamilton,Lewis Hamilton,British,Mercedes,2.0,2,19.0,71,Finished,1.0,1:07.058
2021,8,Styrian Grand Prix,Red Bull Ring,Austria,2021-06-27,bottas,Valtteri Bottas,Finnish,Mercedes,5.0,3,15.0,71,Finished,5.0,1:08.619
2021,8,Styrian Grand Prix,Red Bull Ring,Austria,2021-06-27,perez,Sergio Pérez,Mexican,Red Bull,4.0,4,12.0,71,Finished,2.0,1:07.894
2021,8,Styrian Grand Prix,Red Bull Ring,Austria,2021-06-27,norris,Lando Norris,British,McLaren,3.0,5,10.0,70,+1 Lap,7.0,1:08.903
2021,8,Styrian Grand Prix,Red Bull Ring,Austria,2021-06-27,sainz,Carlos Sainz,Spanish,Ferrari,12.0,6,8.0,70,+1 Lap,4.0,1:08.609
2021,8,Styrian Grand Prix,Red Bull Ring,Austria,2021-06-27,leclerc,Charles Leclerc,Monegasque,Ferrari,7.0,7,6.0,70,+1 Lap,6.0,1:08.738
2021,8,Styrian Grand Prix,Red Bull Ring,Austria,2021-06-27,stroll,Lance Stroll,Canadian,Aston Martin,9.0,8,4.0,70,+1 Lap,14.0,1:09.787
2021,8,Styrian Grand Prix,Red Bull Ring,Austria,2021-06-27,alonso,Fernando Alonso,Spanish,Alpine F1 Team,8.0,9,2.0,70,+1 Lap,13.0,1:09.749
2021,8,Styrian Grand Prix,Red Bull Ring,Austria,2021-06-27,tsunoda,Yuki Tsunoda,Japanese,AlphaTauri,11.0,10,1.0,70,+1 Lap,11.0,1:09.650
2021,8,Styrian Grand Prix,Red Bull Ring,Austria,2021-06-27,raikkonen,Kimi Räikkönen,Finnish,Alfa Romeo,18.0,11,0.0,70,+1 Lap,8.0,1:09.128
2021,8,Styrian Grand Prix,Red Bull Ring,Austria,2021-06-27,vettel,Sebastian Vettel,German,Aston Martin,14.0,12,0.0,70,+1 Lap,15.0,1:09.821
2021,8,Styrian Grand Prix,Red Bull Ring,Austria,2021-06-27,ricciardo,Daniel Ricciardo,Australian,McLaren,13.0,13,0.0,70,+1 Lap,9.0,1:09.305
2021,8,Styrian Grand Prix,Red Bull Ring,Austria,2021-06-27,ocon,Esteban Ocon,French,Alpine F1 Team,17.0,14,0.0,70,+1 Lap,10.0,1:09.576
2021,8,Styrian Grand Prix,Red Bull Ring,Austria,2021-06-27,giovinazzi,Antonio Giovinazzi,Italian,Alfa Romeo,15.0,15,0.0,70,+1 Lap,12.0,1:09.723
2021,8,Styrian Grand Prix,Red Bull Ring,Austria,2021-06-27,mick_schumacher,Mick Schumacher,German,Haas F1 Team,19.0,16,0.0,69,+2 Laps,16.0,1:10.005
2021,8,Styrian Grand Prix,Red Bull Ring,Austria,2021-06-27,latifi,Nicholas Latifi,Canadian,Williams,16.0,17,0.0,68,+3 Laps,17.0,1:10.104
2021,8,Styrian Grand Prix,Red Bull Ring,Austria,2021-06-27,mazepin,Nikita Mazepin,Russian,Haas F1 Team,20.0,18,0.0,68,+3 Laps,19.0,1:10.951
2021,8,Styrian Grand Prix,Red Bull Ring,Austria,2021-06-27,russell,George Russell,British,Williams,10.0,19,0.0,36,Engine,18.0,1:10.499
2021,8,Styrian Grand Prix,Red Bull Ring,Austria,2021-06-27,gasly,Pierre Gasly,French,AlphaTauri,6.0,20,0.0,1,Collision,,
2021,9,Austrian Grand Prix,Red Bull Ring,Austria,2021-07-04,max_verstappen,Max Verstappen,Dutch,Red Bull,1.0,1,26.0,71,Finished,1.0,1:06.200
2021,9,Austrian Grand Prix,Red Bull Ring,Austria,2021-07-04,bottas,Valtteri Bottas,Finnish,Mercedes,5.0,2,18.0,71,Finished,6.0,1:08.374
2021,9,Austrian Grand Prix,Red Bull Ring,Austria,2021-07-04,norris,Lando Norris,British,McLaren,2.0,3,15.0,71,Finished,10.0,1:08.471
2021,9,Austrian Grand Prix,Red Bull Ring,Austria,2021-07-04,hamilton,Lewis Hamilton,British,Mercedes,4.0,4,12.0,71,Finished,3.0,1:08.126
2021,9,Austrian Grand Prix,Red Bull Ring,Austria,2021-07-04,sainz,Carlos Sainz,Spanish,Ferrari,10.0,5,10.0,71,Finished,2.0,1:07.762
2021,9,Austrian Grand Prix,Red Bull Ring,Austria,2021-07-04,perez,Sergio Pérez,Mexican,Red Bull,3.0,6,8.0,71,Finished,5.0,1:08.192
2021,9,Austrian Grand Prix,Red Bull Ring,Austria,2021-07-04,ricciardo,Daniel Ricciardo,Australian,McLaren,13.0,7,6.0,71,Finished,14.0,1:08.820
2021,9,Austrian Grand Prix,Red Bull Ring,Austria,2021-07-04,leclerc,Charles Leclerc,Monegasque,Ferrari,12.0,8,4.0,71,Finished,13.0,1:08.698
2021,9,Austrian Grand Prix,Red Bull Ring,Austria,2021-07-04,gasly,Pierre Gasly,French,AlphaTauri,6.0,9,2.0,71,Finished,4.0,1:08.146
2021,9,Austrian Grand Prix,Red Bull Ring,Austria,2021-07-04,alonso,Fernando Alonso,Spanish,Alpine F1 Team,14.0,10,1.0,70,+1 Lap,7.0,1:08.405
2021,9,Austrian Grand Prix,Red Bull Ring,Austria,2021-07-04,russell,George Russell,British,Williams,8.0,11,0.0,70,+1 Lap,16.0,1:08.900
2021,9,Austrian Grand Prix,Red Bull Ring,Austria,2021-07-04,tsunoda,Yuki Tsunoda,Japanese,AlphaTauri,7.0,12,0.0,70,+1 Lap,9.0,1:08.455
2021,9,Austrian Grand Prix,Red Bull Ring,Austria,2021-07-04,stroll,Lance Stroll,Canadian,Aston Martin,9.0,13,0.0,70,+1 Lap,12.0,1:08.659
2021,9,Austrian Grand Prix,Red Bull Ring,Austria,2021-07-04,giovinazzi,Antonio Giovinazzi,Italian,Alfa Romeo,15.0,14,0.0,70,+1 Lap,17.0,1:09.042
2021,9,Austrian Grand Prix,Red Bull Ring,Austria,2021-07-04,raikkonen,Kimi Räikkönen,Finnish,Alfa Romeo,16.0,15,0.0,70,+1 Lap,15.0,1:08.874
2021,9,Austrian Grand Prix,Red Bull Ring,Austria,2021-07-04,latifi,Nicholas Latifi,Canadian,Williams,18.0,16,0.0,70,+1 Lap,11.0,1:08.520
2021,9,Austrian Grand Prix,Red Bull Ring,Austria,2021-07-04,vettel,Sebastian Vettel,German,Aston Martin,11.0,17,0.0,69,Collision,8.0,1:08.420
2021,9,Austrian Grand Prix,Red Bull Ring,Austria,2021-07-04,mick_schumacher,Mick Schumacher,German,Haas F1 Team,19.0,18,0.0,69,+2 Laps,18.0,1:09.394
2021,9,Austrian Grand Prix,Red Bull Ring,Austria,2021-07-04,mazepin,Nikita Mazepin,Russian,Haas F1 Team,20.0,19,0.0,69,+2 Laps,19.0,1:09.757
2021,9,Austrian Grand Prix,Red Bull Ring,Austria,2021-07-04,ocon,Esteban Ocon,French,Alpine F1 Team,17.0,20,0.0,0,Collision,,
2021,10,British Grand Prix,Silverstone Circuit,UK,2021-07-18,hamilton,Lewis Hamilton,British,Mercedes,2.0,1,25.0,52,Finished,2.0,1:29.699
2021,10,British Grand Prix,Silverstone Circuit,UK,2021-07-18,leclerc,Charles Leclerc,Monegasque,Ferrari,4.0,2,18.0,52,Finished,5.0,1:30.569
2021,10,British Grand Prix,Silverstone Circuit,UK,2021-07-18,bottas,Valtteri Bottas,Finnish,Mercedes,3.0,3,15.0,52,Finished,4.0,1:30.524
2021,10,British Grand Prix,Silverstone Circuit,UK,2021-07-18,norris,Lando Norris,British,McLaren,5.0,4,12.0,52,Finished,9.0,1:31.420
2021,10,British Grand Prix,Silverstone Circuit,UK,2021-07-18,ricciardo,Daniel Ricciardo,Australian,McLaren,6.0,5,10.0,52,Finished,8.0,1:31.284
2021,10,British Grand Prix,Silverstone Circuit,UK,2021-07-18,sainz,Carlos Sainz,Spanish,Ferrari,10.0,6,8.0,52,Finished,7.0,1:31.223
2021,10,British Grand Prix,Silverstone Circuit,UK,2021-07-18,alonso,Fernando Alonso,Spanish,Alpine F1 Team,7.0,7,6.0,52,Finished,10.0,1:31.698
2021,10,British Grand Prix,Silverstone Circuit,UK,2021-07-18,stroll,Lance Stroll,Canadian,Aston Martin,14.0,8,4.0,52,Finished,12.0,1:31.992
2021,10,British Grand Prix,Silverstone Circuit,UK,2021-07-18,ocon,Esteban Ocon,French,Alpine F1 Team,9.0,9,2.0,52,Finished,14.0,1:32.210
2021,10,British Grand Prix,Silverstone Circuit,UK,2021-07-18,tsunoda,Yuki Tsunoda,Japanese,AlphaTauri,16.0,10,1.0,52,Finished,6.0,1:30.826
2021,10,British Grand Prix,Silverstone Circuit,UK,2021-07-18,gasly,Pierre Gasly,French,AlphaTauri,11.0,11,0.0,52,Finished,3.0,1:30.266
2021,10,British Grand Prix,Silverstone Circuit,UK,2021-07-18,russell,George Russell,British,Williams,12.0,12,0.0,51,+1 Lap,13.0,1:32.049
2021,10,British Grand Prix,Silverstone Circuit,UK,2021-07-18,giovinazzi,Antonio Giovinazzi,Italian,Alfa Romeo,15.0,13,0.0,51,+1 Lap,15.0,1:32.346
2021,10,British Grand Prix,Silverstone Circuit,UK,2021-07-18,latifi,Nicholas Latifi,Canadian,Williams,17.0,14,0.0,51,+1 Lap,16.0,1:32.477
2021,10,British Grand Prix,Silverstone Circuit,UK,2021-07-18,raikkonen,Kimi Räikkönen,Finnish,Alfa Romeo,13.0,15,0.0,51,+1 Lap,11.0,1:31.895
2021,10,British Grand Prix,Silverstone Circuit,UK,2021-07-18,perez,Sergio Pérez,Mexican,Red Bull,,16,0.0,51,+1 Lap,1.0,1:28.617
2021,10,British Grand Prix,Silverstone Circuit,UK,2021-07-18,mazepin,Nikita Mazepin,Russian,Haas F1 Team,19.0,17,0.0,51,+1 Lap,18.0,1:32.909
2021,10,British Grand Prix,Silverstone Circuit,UK,2021-07-18,mick_schumacher,Mick Schumacher,German,Haas F1 Team,18.0,18,0.0,51,+1 Lap,17.0,1:32.862
2021,10,British Grand Prix,Silverstone Circuit,UK,2021-07-18,vettel,Sebastian Vettel,German,Aston Martin,8.0,19,0.0,40,Retired,19.0,1:33.059
2021,10,British Grand Prix,Silverstone Circuit,UK,2021-07-18,max_verstappen,Max Verstappen,Dutch,Red Bull,1.0,20,0.0,0,Collision,,
2021,11,Hungarian Grand Prix,Hungaroring,Hungary,2021-08-01,ocon,Esteban Ocon,French,Alpine F1 Team,8.0,1,25.0,70,Finished,5.0,1:21.421
2021,11,Hungarian Grand Prix,Hungaroring,Hungary,2021-08-01,hamilton,Lewis Hamilton,British,Mercedes,1.0,2,18.0,70,Finished,2.0,1:18.715
2021,11,Hungarian Grand Prix,Hungaroring,Hungary,2021-08-01,sainz,Carlos Sainz,Spanish,Ferrari,15.0,3,15.0,70,Finished,6.0,1:21.423
2021,11,Hungarian Grand Prix,Hungaroring,Hungary,2021-08-01,alonso,Fernando Alonso,Spanish,Alpine F1 Team,9.0,4,12.0,70,Finished,3.0,1:20.359
2021,11,Hungarian Grand Prix,Hungaroring,Hungary,2021-08-01,gasly,Pierre Gasly,French,AlphaTauri,5.0,5,11.0,70,Finished,1.0,1:18.394
2021,11,Hungarian Grand Prix,Hungaroring,Hungary,2021-08-01,tsunoda,Yuki Tsunoda,Japanese,AlphaTauri,16.0,6,8.0,70,Finished,10.0,1:22.450
2021,11,Hungarian Grand Prix,Hungaroring,Hungary,2021-08-01,latifi,Nicholas Latifi,Canadian,Williams,18.0,7,6.0,70,Finished,14.0,1:22.831
2021,11,Hungarian Grand Prix,Hungaroring,Hungary,2021-08-01,russell,George Russell,British,Williams,17.0,8,4.0,70,Finished,9.0,1:22.112
2021,11,Hungarian Grand Prix,Hungaroring,Hungary,2021-08-01,max_verstappen,Max Verstappen,Dutch,Red Bull,3.0,9,2.0,70,Finished,4.0,1:20.945
2021,11,Hungarian Grand Prix,Hungaroring,Hungary,2021-08-01,raikkonen,Kimi Räikkönen,Finnish,Alfa Romeo,13.0,10,1.0,69,+1 Lap,8.0,1:21.518
2021,11,Hungarian Grand Prix,Hungaroring,Hungary,2021-08-01,ricciardo,Daniel Ricciardo,Australian,McLaren,11.0,11,0.0,69,+1 Lap,13.0,1:22.802
2021,11,Hungarian Grand Prix,Hungaroring,Hungary,2021-08-01,mick_schumacher,Mick Schumacher,German,Haas F1 Team,20.0,12,0.0,69,+1 Lap,11.0,1:22.711
2021,11,Hungarian Grand Prix,Hungaroring,Hungary,2021-08-01,giovinazzi,Antonio Giovinazzi,Italian,Alfa Romeo,,13,0.0,69,+1 Lap,12.0,1:22.736
2021,11,Hungarian Grand Prix,Hungaroring,Hungary,2021-08-01,mazepin,Nikita Mazepin,Russian,Haas F1 Team,19.0,14,0.0,3,Collision,,
2021,11,Hungarian Grand Prix,Hungaroring,Hungary,2021-08-01,norris,Lando Norris,British,McLaren,6.0,15,0.0,2,Collision,,
2021,11,Hungarian Grand Prix,Hungaroring,Hungary,2021-08-01,bottas,Valtteri Bottas,Finnish,Mercedes,2.0,16,0.0,0,Collision,,
2021,11,Hungarian Grand Prix,Hungaroring,Hungary,2021-08-01,perez,Sergio Pérez,Mexican,Red Bull,4.0,17,0.0,0,Collision,,
2021,11,Hungarian Grand Prix,Hungaroring,Hungary,2021-08-01,leclerc,Charles Leclerc,Monegasque,Ferrari,7.0,18,0.0,0,Collision,,
2021,11,Hungarian Grand Prix,Hungaroring,Hungary,2021-08-01,stroll,Lance Stroll,Canadian,Aston Martin,12.0,19,0.0,0,Collision,,
2021,11,Hungarian Grand Prix,Hungaroring,Hungary,2021-08-01,vettel,Sebastian Vettel,German,Aston Martin,10.0,20,0.0,70,Disqualified,7.0,1:21.459
2021,12,Belgian Grand Prix,Circuit de Spa-Francorchamps,Belgium,2021-08-29,max_verstappen,Max Verstappen,Dutch,Red Bull,1.0,1,12.5,1,Finished,,
2021,12,Belgian Grand Prix,Circuit de Spa-Francorchamps,Belgium,2021-08-29,russell,George Russell,British,Williams,2.0,2,9.0,1,Finished,,
2021,12,Belgian Grand Prix,Circuit de Spa-Francorchamps,Belgium,2021-08-29,hamilton,Lewis Hamilton,British,Mercedes,3.0,3,7.5,1,Finished,,
2021,12,Belgian Grand Prix,Circuit de Spa-Francorchamps,Belgium,2021-08-29,ricciardo,Daniel Ricciardo,Australian,McLaren,4.0,4,6.0,1,Finished,,
2021,12,Belgian Grand Prix,Circuit de Spa-Francorchamps,Belgium,2021-08-29,vettel,Sebastian Vettel,German,Aston Martin,5.0,5,5.0,1,Finished,,
2021,12,Belgian Grand Prix,Circuit de Spa-Francorchamps,Belgium,2021-08-29,gasly,Pierre Gasly,French,AlphaTauri,6.0,6,4.0,1,Finished,,
2021,12,Belgian Grand Prix,Circuit de Spa-Francorchamps,Belgium,2021-08-29,ocon,Esteban Ocon,French,Alpine F1 Team,8.0,7,3.0,1,Finished,,
2021,12,Belgian Grand Prix,Circuit de Spa-Francorchamps,Belgium,2021-08-29,leclerc,Charles Leclerc,Monegasque,Ferrari,9.0,8,2.0,1,Finished,,
2021,12,Belgian Grand Prix,Circuit de Spa-Francorchamps,Belgium,2021-08-29,latifi,Nicholas Latifi,Canadian,Williams,10.0,9,1.0,1,Finished,,
2021,12,Belgian Grand Prix,Circuit de Spa-Francorchamps,Belgium,2021-08-29,sainz,Carlos Sainz,Spanish,Ferrari,11.0,10,0.5,1,Finished,,
2021,12,Belgian Grand Prix,Circuit de Spa-Francorchamps,Belgium,2021-08-29,alonso,Fernando Alonso,Spanish,Alpine F1 Team,12.0,11,0.0,1,Finished,,
2021,12,Belgian Grand Prix,Circuit de Spa-Francorchamps,Belgium,2021-08-29,bottas,Valtteri Bottas,Finnish,Mercedes,13.0,12,0.0,1,Finished,,
2021,12,Belgian Grand Prix,Circuit de Spa-Francorchamps,Belgium,2021-08-29,giovinazzi,Antonio Giovinazzi,Italian,Alfa Romeo,14.0,13,0.0,1,Finished,,
2021,12,Belgian Grand Prix,Circuit de Spa-Francorchamps,Belgium,2021-08-29,norris,Lando Norris,British,McLaren,15.0,14,0.0,1,Finished,,
2021,12,Belgian Grand Prix,Circuit de Spa-Francorchamps,Belgium,2021-08-29,tsunoda,Yuki Tsunoda,Japanese,AlphaTauri,16.0,15,0.0,1,Finished,,
2021,12,Belgian Grand Prix,Circuit de Spa-Francorchamps,Belgium,2021-08-29,mick_schumacher,Mick Schumacher,German,Haas F1 Team,17.0,16,0.0,1,Finished,,
2021,12,Belgian Grand Prix,Circuit de Spa-Francorchamps,Belgium,2021-08-29,mazepin,Nikita Mazepin,Russian,Haas F1 Team,18.0,17,0.0,1,Finished,,
2021,12,Belgian Grand Prix,Circuit de Spa-Francorchamps,Belgium,2021-08-29,raikkonen,Kimi Räikkönen,Finnish,Alfa Romeo,,18,0.0,1,Finished,,
2021,12,Belgian Grand Prix,Circuit de Spa-Francorchamps,Belgium,2021-08-29,perez,Sergio Pérez,Mexican,Red Bull,,19,0.0,1,Finished,,
2021,12,Belgian Grand Prix,Circuit de Spa-Francorchamps,Belgium,2021-08-29,stroll,Lance Stroll,Canadian,Aston Martin,19.0,20,0.0,1,Finished,,
2021,13,Dutch Grand Prix,Circuit Park Zandvoort,Netherlands,2021-09-05,max_verstappen,Max Verstappen,Dutch,Red Bull,1.0,1,25.0,72,Finished,3.0,1:13.275
2021,13,Dutch Grand Prix,Circuit Park Zandvoort,Netherlands,2021-09-05,hamilton,Lewis Hamilton,British,Mercedes,2.0,2,19.0,72,Finished,1.0,1:11.097
2021,13,Dutch Grand Prix,Circuit Park Zandvoort,Netherlands,2021-09-05,bottas,Valtteri Bottas,Finnish,Mercedes,3.0,3,15.0,72,Finished,2.0,1:12.549
2021,13,Dutch Grand Prix,Circuit Park Zandvoort,Netherlands,2021-09-05,gasly,Pierre Gasly,French,AlphaTauri,4.0,4,12.0,71,+1 Lap,10.0,1:14.818
2021,13,Dutch Grand Prix,Circuit Park Zandvoort,Netherlands,2021-09-05,leclerc,Charles Leclerc,Monegasque,Ferrari,5.0,5,10.0,71,+1 Lap,9.0,1:14.780
2021,13,Dutch Grand Prix,Circuit Park Zandvoort,Netherlands,2021-09-05,alonso,Fernando Alonso,Spanish,Alpine F1 Team,9.0,6,8.0,71,+1 Lap,7.0,1:14.323
2021,13,Dutch Grand Prix,Circuit Park Zandvoort,Netherlands,2021-09-05,sainz,Carlos Sainz,Spanish,Ferrari,6.0,7,6.0,71,+1 Lap,13.0,1:15.260
2021,13,Dutch Grand Prix,Circuit Park Zandvoort,Netherlands,2021-09-05,perez,Sergio Pérez,Mexican,Red Bull,,8,4.0,71,+1 Lap,4.0,1:13.461
2021,13,Dutch Grand Prix,Circuit Park Zandvoort,Netherlands,2021-09-05,ocon,Esteban Ocon,French,Alpine F1 Team,8.0,9,2.0,71,+1 Lap,8.0,1:14.675
2021,13,Dutch Grand Prix,Circuit Park Zandvoort,Netherlands,2021-09-05,norris,Lando Norris,British,McLaren,13.0,10,1.0,71,+1 Lap,6.0,1:14.236
2021,13,Dutch Grand Prix,Circuit Park Zandvoort,Netherlands,2021-09-05,ricciardo,Daniel Ricciardo,Australian,McLaren,10.0,11,0.0,71,+1 Lap,11.0,1:14.920
2021,13,Dutch Grand Prix,Circuit Park Zandvoort,Netherlands,2021-09-05,stroll,Lance Stroll,Canadian,Aston Martin,12.0,12,0.0,70,+2 Laps,15.0,1:15.611
2021,13,Dutch Grand Prix,Circuit Park Zandvoort,Netherlands,2021-09-05,vettel,Sebastian Vettel,German,Aston Martin,15.0,13,0.0,70,+2 Laps,5.0,1:13.958
2021,13,Dutch Grand Prix,Circuit Park Zandvoort,Netherlands,2021-09-05,giovinazzi,Antonio Giovinazzi,Italian,Alfa Romeo,7.0,14,0.0,70,+2 Laps,12.0,1:15.125
2021,13,Dutch Grand Prix,Circuit Park Zandvoort,Netherlands,2021-09-05,kubica,Robert Kubica,Polish,Alfa Romeo,16.0,15,0.0,70,+2 Laps,14.0,1:15.442
2021,13,Dutch Grand Prix,Circuit Park Zandvoort,Netherlands,2021-09-05,latifi,Nicholas Latifi,Canadian,Williams,,16,0.0,70,+2 Laps,18.0,1:15.790
2021,13,Dutch Grand Prix,Circuit Park Zandvoort,Netherlands,2021-09-05,russell,George Russell,British,Williams,11.0,17,0.0,69,Gearbox,16.0,1:15.628
2021,13,Dutch Grand Prix,Circuit Park Zandvoort,Netherlands,2021-09-05,mick_schumacher,Mick Schumacher,German,Haas F1 Team,17.0,18,0.0,69,+3 Laps,19.0,1:15.927
2021,13,Dutch Grand Prix,Circuit Park Zandvoort,Netherlands,2021-09-05,tsunoda,Yuki Tsunoda,Japanese,AlphaTauri,14.0,19,0.0,48,Power Unit,17.0,1:15.783
2021,13,Dutch Grand Prix,Circuit Park Zandvoort,Netherlands,2021-09-05,mazepin,Nikita Mazepin,Russian,Haas F1 Team,18.0,20,0.0,41,Hydraulics,20.0,1:16.066
2021,14,Italian Grand Prix,Autodromo Nazionale di Monza,Italy,2021-09-12,ricciardo,Daniel Ricciardo,Australian,McLaren,2.0,1,26.0,53,Finished,1.0,1:24.812
2021,14,Italian Grand Prix,Autodromo Nazionale di Monza,Italy,2021-09-12,norris,Lando Norris,British,McLaren,3.0,2,18.0,53,Finished,3.0,1:24.971
2021,14,Italian Grand Prix,Autodromo Nazionale di Monza,Italy,2021-09-12,bottas,Valtteri Bottas,Finnish,Mercedes,19.0,3,15.0,53,Finished,2.0,1:24.827
2021,14,Italian Grand Prix,Autodromo Nazionale di Monza,Italy,2021-09-12,leclerc,Charles Leclerc,Monegasque,Ferrari,5.0,4,12.0,53,Finished,6.0,1:25.319
2021,14,Italian Grand Prix,Autodromo Nazionale di Monza,Italy,2021-09-12,perez,Sergio Pérez,Mexican,Red Bull,8.0,5,10.0,53,Finished,4.0,1:25.156
2021,14,Italian Grand Prix,Autodromo Nazionale di Monza,Italy,2021-09-12,sainz,Carlos Sainz,Spanish,Ferrari,6.0,6,8.0,53,Finished,8.0,1:25.559
2021,14,Italian Grand Prix,Autodromo Nazionale di Monza,Italy,2021-09-12,stroll,Lance Stroll,Canadian,Aston Martin,9.0,7,6.0,53,Finished,13.0,1:25.853
2021,14,Italian Grand Prix,Autodromo Nazionale di Monza,Italy,2021-09-12,alonso,Fernando Alonso,Spanish,Alpine F1 Team,10.0,8,4.0,53,Finished,7.0,1:25.472
2021,14,Italian Grand Prix,Autodromo Nazionale di Monza,Italy,2021-09-12,russell,George Russell,British,Williams,14.0,9,2.0,53,Finished,11.0,1:25.835
2021,14,Italian Grand Prix,Autodromo Nazionale di Monza,Italy,2021-09-12,ocon,Esteban Ocon,French,Alpine F1 Team,12.0,10,1.0,53,Finished,9.0,1:25.566
2021,14,Italian Grand Prix,Autodromo Nazionale di Monza,Italy,2021-09-12,latifi,Nicholas Latifi,Canadian,Williams,13.0,11,0.0,53,Finished,16.0,1:25.953
2021,14,Italian Grand Prix,Autodromo Nazionale di Monza,Italy,2021-09-12,vettel,Sebastian Vettel,German,Aston Martin,11.0,12,0.0,53,Finished,15.0,1:25.938
2021,14,Italian Grand Prix,Autodromo Nazionale di Monza,Italy,2021-09-12,giovinazzi,Antonio Giovinazzi,Italian,Alfa Romeo,7.0,13,0.0,53,Finished,10.0,1:25.718
2021,14,Italian Grand Prix,Autodromo Nazionale di Monza,Italy,2021-09-12,kubica,Robert Kubica,Polish,Alfa Romeo,17.0,14,0.0,53,Finished,12.0,1:25.849
2021,14,Italian Grand Prix,Autodromo Nazionale di Monza,Italy,2021-09-12,mick_schumacher,Mick Schumacher,German,Haas F1 Team,18.0,15,0.0,53,Finished,17.0,1:26.707
2021,14,Italian Grand Prix,Autodromo Nazionale di Monza,Italy,2021-09-12,mazepin,Nikita Mazepin,Russian,Haas F1 Team,16.0,16,0.0,41,Power Unit,18.0,1:27.202
2021,14,Italian Grand Prix,Autodromo Nazionale di Monza,Italy,2021-09-12,hamilton,Lewis Hamilton,British,Mercedes,4.0,17,0.0,25,Collision,14.0,1:25.870
2021,14,Italian Grand Prix,Autodromo Nazionale di Monza,Italy,2021-09-12,max_verstappen,Max Verstappen,Dutch,Red Bull,1.0,18,0.0,25,Collision,5.0,1:25.173
2021,14,Italian Grand Prix,Autodromo Nazionale di Monza,Italy,2021-09-12,gasly,Pierre Gasly,French,AlphaTauri,,19,0.0,3,Suspension,19.0,1:29.005
2021,14,Italian Grand Prix,Autodromo Nazionale di Monza,Italy,2021-09-12,tsunoda,Yuki Tsunoda,Japanese,AlphaTauri,,20,0.0,0,Brakes,,
2021,15,Russian Grand Prix,Sochi Autodrom,Russia,2021-09-26,hamilton,Lewis Hamilton,British,Mercedes,4.0,1,25.0,53,Finished,2.0,1:37.575
2021,15,Russian Grand Prix,Sochi Autodrom,Russia,2021-09-26,max_verstappen,Max Verstappen,Dutch,Red Bull,20.0,2,18.0,53,Finished,5.0,1:38.396
2021,15,Russian Grand Prix,Sochi Autodrom,Russia,2021-09-26,sainz,Carlos Sainz,Spanish,Ferrari,2.0,3,15.0,53,Finished,12.0,1:39.294
2021,15,Russian Grand Prix,Sochi Autodrom,Russia,2021-09-26,ricciardo,Daniel Ricciardo,Australian,McLaren,5.0,4,12.0,53,Finished,9.0,1:39.124
2021,15,Russian Grand Prix,Sochi Autodrom,Russia,2021-09-26,bottas,Valtteri Bottas,Finnish,Mercedes,16.0,5,10.0,53,Finished,3.0,1:38.216
2021,15,Russian Grand Prix,Sochi Autodrom,Russia,2021-09-26,alonso,Fernando Alonso,Spanish,Alpine F1 Team,6.0,6,8.0,53,Finished,6.0,1:38.686
2021,15,Russian Grand Prix,Sochi Autodrom,Russia,2021-09-26,norris,Lando Norris,British,McLaren,1.0,7,7.0,53,Finished,1.0,1:37.423
2021,15,Russian Grand Prix,Sochi Autodrom,Russia,2021-09-26,raikkonen,Kimi Räikkönen,Finnish,Alfa Romeo,13.0,8,4.0,53,Finished,16.0,1:40.289
2021,15,Russian Grand Prix,Sochi Autodrom,Russia,2021-09-26,perez,Sergio Pérez,Mexican,Red Bull,8.0,9,2.0,53,Finished,10.0,1:39.215
2021,15,Russian Grand Prix,Sochi Autodrom,Russia,2021-09-26,russell,George Russell,British,Williams,3.0,10,1.0,53,Finished,18.0,1:40.596
2021,15,Russian Grand Prix,Sochi Autodrom,Russia,2021-09-26,stroll,Lance Stroll,Canadian,Aston Martin,7.0,11,0.0,53,Finished,17.0,1:40.464
2021,15,Russian Grand Prix,Sochi Autodrom,Russia,2021-09-26,vettel,Sebastian Vettel,German,Aston Martin,10.0,12,0.0,52,+1 Lap,11.0,1:39.251
2021,15,Russian Grand Prix,Sochi Autodrom,Russia,2021-09-26,gasly,Pierre Gasly,French,AlphaTauri,11.0,13,0.0,52,+1 Lap,4.0,1:38.279
2021,15,Russian Grand Prix,Sochi Autodrom,Russia,2021-09-26,ocon,Esteban Ocon,French,Alpine F1 Team,9.0,14,0.0,52,+1 Lap,19.0,1:40.598
2021,15,Russian Grand Prix,Sochi Autodrom,Russia,2021-09-26,leclerc,Charles Leclerc,Monegasque,Ferrari,19.0,15,0.0,52,+1 Lap,7.0,1:38.994
2021,15,Russian Grand Prix,Sochi Autodrom,Russia,2021-09-26,giovinazzi,Antonio Giovinazzi,Italian,Alfa Romeo,17.0,16,0.0,52,+1 Lap,8.0,1:39.058
2021,15,Russian Grand Prix,Sochi Autodrom,Russia,2021-09-26,tsunoda,Yuki Tsunoda,Japanese,AlphaTauri,12.0,17,0.0,52,+1 Lap,13.0,1:39.960
2021,15,Russian Grand Prix,Sochi Autodrom,Russia,2021-09-26,mazepin,Nikita Mazepin,Russian,Haas F1 Team,15.0,18,0.0,51,+2 Laps,20.0,1:41.713
2021,15,Russian Grand Prix,Sochi Autodrom,Russia,2021-09-26,latifi,Nicholas Latifi,Canadian,Williams,18.0,19,0.0,47,Accident,14.0,1:40.000
2021,15,Russian Grand Prix,Sochi Autodrom,Russia,2021-09-26,mick_schumacher,Mick Schumacher,German,Haas F1 Team,14.0,20,0.0,32,Oil leak,15.0,1:40.276
2021,16,Turkish Grand Prix,Istanbul Park,Turkey,2021-10-10,bottas,Valtteri Bottas,Finnish,Mercedes,1.0,1,26.0,58,Finished,1.0,1:30.432
2021,16,Turkish Grand Prix,Istanbul Park,Turkey,2021-10-10,max_verstappen,Max Verstappen,Dutch,Red Bull,2.0,2,18.0,58,Finished,9.0,1:32.759
2021,16,Turkish Grand Prix,Istanbul Park,Turkey,2021-10-10,perez,Sergio Pérez,Mexican,Red Bull,6.0,3,15.0,58,Finished,4.0,1:32.459
2021,16,Turkish Grand Prix,Istanbul Park,Turkey,2021-10-10,leclerc,Charles Leclerc,Monegasque,Ferrari,3.0,4,12.0,58,Finished,8.0,1:32.737
2021,16,Turkish Grand Prix,Istanbul Park,Turkey,2021-10-10,hamilton,Lewis Hamilton,British,Mercedes,11.0,5,10.0,58,Finished,10.0,1:32.763
2021,16,Turkish Grand Prix,Istanbul Park,Turkey,2021-10-10,gasly,Pierre Gasly,French,AlphaTauri,4.0,6,8.0,58,Finished,11.0,1:32.814
2021,16,Turkish Grand Prix,Istanbul Park,Turkey,2021-10-10,norris,Lando Norris,British,McLaren,7.0,7,6.0,58,Finished,3.0,1:32.446
2021,16,Turkish Grand Prix,Istanbul Park,Turkey,2021-10-10,sainz,Carlos Sainz,Spanish,Ferrari,19.0,8,4.0,58,Finished,2.0,1:31.921
2021,16,Turkish Grand Prix,Istanbul Park,Turkey,2021-10-10,stroll,Lance Stroll,Canadian,Aston Martin,8.0,9,2.0,58,Finished,6.0,1:32.608
2021,16,Turkish Grand Prix,Istanbul Park,Turkey,2021-10-10,ocon,Esteban Ocon,French,Alpine F1 Team,12.0,10,1.0,57,+1 Lap,19.0,1:34.584
2021,16,Turkish Grand Prix,Istanbul Park,Turkey,2021-10-10,giovinazzi,Antonio Giovinazzi,Italian,Alfa Romeo,16.0,11,0.0,57,+1 Lap,13.0,1:32.904
2021,16,Turkish Grand Prix,Istanbul Park,Turkey,2021-10-10,raikkonen,Kimi Räikkönen,Finnish,Alfa Romeo,17.0,12,0.0,57,+1 Lap,5.0,1:32.586
2021,16,Turkish Grand Prix,Istanbul Park,Turkey,2021-10-10,ricciardo,Daniel Ricciardo,Australian,McLaren,20.0,13,0.0,57,+1 Lap,15.0,1:33.255
2021,16,Turkish Grand Prix,Istanbul Park,Turkey,2021-10-10,tsunoda,Yuki Tsunoda,Japanese,AlphaTauri,9.0,14,0.0,57,+1 Lap,12.0,1:32.844
2021,16,Turkish Grand Prix,Istanbul Park,Turkey,2021-10-10,russell,George Russell,British,Williams,13.0,15,0.0,57,+1 Lap,16.0,1:33.399
2021,16,Turkish Grand Prix,Istanbul Park,Turkey,2021-10-10,alonso,Fernando Alonso,Spanish,Alpine F1 Team,5.0,16,0.0,57,+1 Lap,14.0,1:33.252
2021,16,Turkish Grand Prix,Istanbul Park,Turkey,2021-10-10,latifi,Nicholas Latifi,Canadian,Williams,15.0,17,0.0,57,+1 Lap,17.0,1:33.672
2021,16,Turkish Grand Prix,Istanbul Park,Turkey,2021-10-10,vettel,Sebastian Vettel,German,Aston Martin,10.0,18,0.0,57,+1 Lap,7.0,1:32.730
2021,16,Turkish Grand Prix,Istanbul Park,Turkey,2021-10-10,mick_schumacher,Mick Schumacher,German,Haas F1 Team,14.0,19,0.0,56,+2 Laps,18.0,1:34.209
2021,16,Turkish Grand Prix,Istanbul Park,Turkey,2021-10-10,mazepin,Nikita Mazepin,Russian,Haas F1 Team,18.0,20,0.0,56,+2 Laps,20.0,1:35.438
2021,17,United States Grand Prix,Circuit of the Americas,USA,2021-10-24,max_verstappen,Max Verstappen,Dutch,Red Bull,1.0,1,25.0,56,Finished,2.0,1:39.096
2021,17,United States Grand Prix,Circuit of the Americas,USA,2021-10-24,hamilton,Lewis Hamilton,British,Mercedes,2.0,2,19.0,56,Finished,1.0,1:38.485
2021,17,United States Grand Prix,Circuit of the Americas,USA,2021-10-24,perez,Sergio Pérez,Mexican,Red Bull,3.0,3,15.0,56,Finished,4.0,1:39.566
2021,17,United States Grand Prix,Circuit of the Americas,USA,2021-10-24,leclerc,Charles Leclerc,Monegasque,Ferrari,4.0,4,12.0,56,Finished,3.0,1:39.303
2021,17,United States Grand Prix,Circuit of the Americas,USA,2021-10-24,ricciardo,Daniel Ricciardo,Australian,McLaren,6.0,5,10.0,56,Finished,8.0,1:40.345
2021,17,United States Grand Prix,Circuit of the Americas,USA,2021-10-24,bottas,Valtteri Bottas,Finnish,Mercedes,9.0,6,8.0,56,Finished,6.0,1:40.147
2021,17,United States Grand Prix,Circuit of the Americas,USA,2021-10-24,sainz,Carlos Sainz,Spanish,Ferrari,5.0,7,6.0,56,Finished,9.0,1:40.377
2021,17,United States Grand Prix,Circuit of the Americas,USA,2021-10-24,norris,Lando Norris,British,McLaren,7.0,8,4.0,56,Finished,7.0,1:40.228
2021,17,United States Grand Prix,Circuit of the Americas,USA,2021-10-24,tsunoda,Yuki Tsunoda,Japanese,AlphaTauri,10.0,9,2.0,55,+1 Lap,13.0,1:41.151
2021,17,United States Grand Prix,Circuit of the Americas,USA,2021-10-24,vettel,Sebastian Vettel,German,Aston Martin,18.0,10,1.0,55,+1 Lap,10.0,1:40.481
2021,17,United States Grand Prix,Circuit of the Americas,USA,2021-10-24,giovinazzi,Antonio Giovinazzi,Italian,Alfa Romeo,12.0,11,0.0,55,+1 Lap,12.0,1:41.145
2021,17,United States Grand Prix,Circuit of the Americas,USA,2021-10-24,stroll,Lance Stroll,Canadian,Aston Martin,13.0,12,0.0,55,+1 Lap,14.0,1:41.189
2021,17,United States Grand Prix,Circuit of the Americas,USA,2021-10-24,raikkonen,Kimi Räikkönen,Finnish,Alfa Romeo,15.0,13,0.0,55,+1 Lap,15.0,1:41.340
2021,17,United States Grand Prix,Circuit of the Americas,USA,2021-10-24,russell,George Russell,British,Williams,20.0,14,0.0,55,+1 Lap,11.0,1:41.120
2021,17,United States Grand Prix,Circuit of the Americas,USA,2021-10-24,latifi,Nicholas Latifi,Canadian,Williams,14.0,15,0.0,55,+1 Lap,17.0,1:41.818
2021,17,United States Grand Prix,Circuit of the Americas,USA,2021-10-24,mick_schumacher,Mick Schumacher,German,Haas F1 Team,16.0,16,0.0,54,+2 Laps,16.0,1:41.395
2021,17,United States Grand Prix,Circuit of the Americas,USA,2021-10-24,mazepin,Nikita Mazepin,Russian,Haas F1 Team,17.0,17,0.0,54,+2 Laps,20.0,1:42.886
2021,17,United States Grand Prix,Circuit of the Americas,USA,2021-10-24,alonso,Fernando Alonso,Spanish,Alpine F1 Team,19.0,18,0.0,49,Rear wing,5.0,1:40.067
2021,17,United States Grand Prix,Circuit of the Americas,USA,2021-10-24,ocon,Esteban Ocon,French,Alpine F1 Team,11.0,19,0.0,40,Mechanical,19.0,1:42.194
2021,17,United States Grand Prix,Circuit of the Americas,USA,2021-10-24,gasly,Pierre Gasly,French,AlphaTauri,8.0,20,0.0,14,Suspension,18.0,1:42.015
2021,18,Mexico City Grand Prix,Autódromo Hermanos Rodríguez,Mexico,2021-11-07,max_verstappen,Max Verstappen,Dutch,Red Bull,3.0,1,25.0,71,Finished,2.0,1:18.999
2021,18,Mexico City Grand Prix,Autódromo Hermanos Rodríguez,Mexico,2021-11-07,hamilton,Lewis Hamilton,British,Mercedes,2.0,2,18.0,71,Finished,4.0,1:19.820
2021,18,Mexico City Grand Prix,Autódromo Hermanos Rodríguez,Mexico,2021-11-07,perez,Sergio Pérez,Mexican,Red Bull,4.0,3,15.0,71,Finished,3.0,1:19.468
2021,18,Mexico City Grand Prix,Autódromo Hermanos Rodríguez,Mexico,2021-11-07,gasly,Pierre Gasly,French,AlphaTauri,5.0,4,12.0,71,Finished,7.0,1:20.510
2021,18,Mexico City Grand Prix,Autódromo Hermanos Rodríguez,Mexico,2021-11-07,leclerc,Charles Leclerc,Monegasque,Ferrari,8.0,5,10.0,71,Finished,9.0,1:20.665
2021,18,Mexico City Grand Prix,Autódromo Hermanos Rodríguez,Mexico,2021-11-07,sainz,Carlos Sainz,Spanish,Ferrari,6.0,6,8.0,70,+1 Lap,5.0,1:20.081
2021,18,Mexico City Grand Prix,Autódromo Hermanos Rodríguez,Mexico,2021-11-07,vettel,Sebastian Vettel,German,Aston Martin,9.0,7,6.0,70,+1 Lap,6.0,1:20.460
2021,18,Mexico City Grand Prix,Autódromo Hermanos Rodríguez,Mexico,2021-11-07,raikkonen,Kimi Räikkönen,Finnish,Alfa Romeo,10.0,8,4.0,70,+1 Lap,11.0,1:20.713
2021,18,Mexico City Grand Prix,Autódromo Hermanos Rodríguez,Mexico,2021-11-07,alonso,Fernando Alonso,Spanish,Alpine F1 Team,12.0,9,2.0,70,+1 Lap,10.0,1:20.711
2021,18,Mexico City Grand Prix,Autódromo Hermanos Rodríguez,Mexico,2021-11-07,norris,Lando Norris,British,McLaren,18.0,10,1.0,70,+1 Lap,8.0,1:20.617
2021,18,Mexico City Grand Prix,Autódromo Hermanos Rodríguez,Mexico,2021-11-07,giovinazzi,Antonio Giovinazzi,Italian,Alfa Romeo,11.0,11,0.0,70,+1 Lap,16.0,1:21.523
2021,18,Mexico City Grand Prix,Autódromo Hermanos Rodríguez,Mexico,2021-11-07,ricciardo,Daniel Ricciardo,Australian,McLaren,7.0,12,0.0,70,+1 Lap,13.0,1:21.069
2021,18,Mexico City Grand Prix,Autódromo Hermanos Rodríguez,Mexico,2021-11-07,ocon,Esteban Ocon,French,Alpine F1 Team,19.0,13,0.0,70,+1 Lap,14.0,1:21.348
2021,18,Mexico City Grand Prix,Autódromo Hermanos Rodríguez,Mexico,2021-11-07,stroll,Lance Stroll,Canadian,Aston Martin,20.0,14,0.0,69,+2 Laps,12.0,1:20.930
2021,18,Mexico City Grand Prix,Autódromo Hermanos Rodríguez,Mexico,2021-11-07,bottas,Valtteri Bottas,Finnish,Mercedes,1.0,15,0.0,69,+2 Laps,1.0,1:17.774
2021,18,Mexico City Grand Prix,Autódromo Hermanos Rodríguez,Mexico,2021-11-07,russell,George Russell,British,Williams,16.0,16,0.0,69,+2 Laps,18.0,1:22.016
2021,18,Mexico City Grand Prix,Autódromo Hermanos Rodríguez,Mexico,2021-11-07,latifi,Nicholas Latifi,Canadian,Williams,13.0,17,0.0,69,+2 Laps,17.0,1:21.546
2021,18,Mexico City Grand Prix,Autódromo Hermanos Rodríguez,Mexico,2021-11-07,mazepin,Nikita Mazepin,Russian,Haas F1 Team,15.0,18,0.0,68,+3 Laps,15.0,1:21.402
2021,18,Mexico City Grand Prix,Autódromo Hermanos Rodríguez,Mexico,2021-11-07,mick_schumacher,Mick Schumacher,German,Haas F1 Team,14.0,19,0.0,0,Collision,,
2021,18,Mexico City Grand Prix,Autódromo Hermanos Rodríguez,Mexico,2021-11-07,tsunoda,Yuki Tsunoda,Japanese,AlphaTauri,17.0,20,0.0,0,Collision,,
2021,19,São Paulo Grand Prix,Autódromo José Carlos Pace,Brazil,2021-11-14,hamilton,Lewis Hamilton,British,Mercedes,10.0,1,25.0,71,Finished,2.0,1:11.982
2021,19,São Paulo Grand Prix,Autódromo José Carlos Pace,Brazil,2021-11-14,max_verstappen,Max Verstappen,Dutch,Red Bull,2.0,2,18.0,71,Finished,3.0,1:12.486
2021,19,São Paulo Grand Prix,Autódromo José Carlos Pace,Brazil,2021-11-14,bottas,Valtteri Bottas,Finnish,Mercedes,1.0,3,15.0,71,Finished,4.0,1:12.526
2021,19,São Paulo Grand Prix,Autódromo José Carlos Pace,Brazil,2021-11-14,perez,Sergio Pérez,Mexican,Red Bull,4.0,4,13.0,71,Finished,1.0,1:11.010
2021,19,São Paulo Grand Prix,Autódromo José Carlos Pace,Brazil,2021-11-14,leclerc,Charles Leclerc,Monegasque,Ferrari,6.0,5,10.0,71,Finished,7.0,1:12.822
2021,19,São Paulo Grand Prix,Autódromo José Carlos Pace,Brazil,2021-11-14,sainz,Carlos Sainz,Spanish,Ferrari,3.0,6,8.0,71,Finished,6.0,1:12.710
2021,19,São Paulo Grand Prix,Autódromo José Carlos Pace,Brazil,2021-11-14,gasly,Pierre Gasly,French,AlphaTauri,7.0,7,6.0,70,+1 Lap,8.0,1:13.227
2021,19,São Paulo Grand Prix,Autódromo José Carlos Pace,Brazil,2021-11-14,ocon,Esteban Ocon,French,Alpine F1 Team,8.0,8,4.0,70,+1 Lap,16.0,1:14.430
2021,19,São Paulo Grand Prix,Autódromo José Carlos Pace,Brazil,2021-11-14,alonso,Fernando Alonso,Spanish,Alpine F1 Team,12.0,9,2.0,70,+1 Lap,12.0,1:13.922
2021,19,São Paulo Grand Prix,Autódromo José Carlos Pace,Brazil,2021-11-14,norris,Lando Norris,British,McLaren,5.0,10,1.0,70,+1 Lap,10.0,1:13.761
2021,19,São Paulo Grand Prix,Autódromo José Carlos Pace,Brazil,2021-11-14,vettel,Sebastian Vettel,German,Aston Martin,9.0,11,0.0,70,+1 Lap,9.0,1:13.634
2021,19,São Paulo Grand Prix,Autódromo José Carlos Pace,Brazil,2021-11-14,raikkonen,Kimi Räikkönen,Finnish,Alfa Romeo,,12,0.0,70,+1 Lap,5.0,1:12.621
2021,19,São Paulo Grand Prix,Autódromo José Carlos Pace,Brazil,2021-11-14,russell,George Russell,British,Williams,17.0,13,0.0,70,+1 Lap,15.0,1:14.355
2021,19,São Paulo Grand Prix,Autódromo José Carlos Pace,Brazil,2021-11-14,giovinazzi,Antonio Giovinazzi,Italian,Alfa Romeo,13.0,14,0.0,70,+1 Lap,14.0,1:14.227
2021,19,São Paulo Grand Prix,Autódromo José Carlos Pace,Brazil,2021-11-14,tsunoda,Yuki Tsunoda,Japanese,AlphaTauri,15.0,15,0.0,70,+1 Lap,13.0,1:14.204
2021,19,São Paulo Grand Prix,Autódromo José Carlos Pace,Brazil,2021-11-14,latifi,Nicholas Latifi,Canadian,Williams,16.0,16,0.0,70,+1 Lap,18.0,1:14.616
2021,19,São Paulo Grand Prix,Autódromo José Carlos Pace,Brazil,2021-11-14,mazepin,Nikita Mazepin,Russian,Haas F1 Team,19.0,17,0.0,69,+2 Laps,19.0,1:14.954
2021,19,São Paulo Grand Prix,Autódromo José Carlos Pace,Brazil,2021-11-14,mick_schumacher,Mick Schumacher,German,Haas F1 Team,18.0,18,0.0,69,+2 Laps,11.0,1:13.793
2021,19,São Paulo Grand Prix,Autódromo José Carlos Pace,Brazil,2021-11-14,ricciardo,Daniel Ricciardo,Australian,McLaren,11.0,19,0.0,49,Power loss,17.0,1:14.443
2021,19,São Paulo Grand Prix,Autódromo José Carlos Pace,Brazil,2021-11-14,stroll,Lance Stroll,Canadian,Aston Martin,14.0,20,0.0,47,Collision damage,20.0,1:15.344
2021,20,Qatar Grand Prix,Losail International Circuit,Qatar,2021-11-21,hamilton,Lewis Hamilton,British,Mercedes,1.0,1,25.0,57,Finished,2.0,1:25.084
2021,20,Qatar Grand Prix,Losail International Circuit,Qatar,2021-11-21,max_verstappen,Max Verstappen,Dutch,Red Bull,7.0,2,19.0,57,Finished,1.0,1:23.196
2021,20,Qatar Grand Prix,Losail International Circuit,Qatar,2021-11-21,alonso,Fernando Alonso,Spanish,Alpine F1 Team,3.0,3,15.0,57,Finished,10.0,1:26.682
2021,20,Qatar Grand Prix,Losail International Circuit,Qatar,2021-11-21,perez,Sergio Pérez,Mexican,Red Bull,11.0,4,12.0,57,Finished,3.0,1:25.613
2021,20,Qatar Grand Prix,Losail International Circuit,Qatar,2021-11-21,ocon,Esteban Ocon,French,Alpine F1 Team,9.0,5,10.0,57,Finished,13.0,1:27.061
2021,20,Qatar Grand Prix,Losail International Circuit,Qatar,2021-11-21,stroll,Lance Stroll,Canadian,Aston Martin,12.0,6,8.0,57,Finished,17.0,1:27.356
2021,20,Qatar Grand Prix,Losail International Circuit,Qatar,2021-11-21,sainz,Carlos Sainz,Spanish,Ferrari,5.0,7,6.0,57,Finished,9.0,1:26.570
2021,20,Qatar Grand Prix,Losail International Circuit,Qatar,2021-11-21,leclerc,Charles Leclerc,Monegasque,Ferrari,13.0,8,4.0,57,Finished,8.0,1:26.555
2021,20,Qatar Grand Prix,Losail International Circuit,Qatar,2021-11-21,norris,Lando Norris,British,McLaren,4.0,9,2.0,56,+1 Lap,4.0,1:25.746
2021,20,Qatar Grand Prix,Losail International Circuit,Qatar,2021-11-21,vettel,Sebastian Vettel,German,Aston Martin,10.0,10,1.0,56,+1 Lap,7.0,1:26.434
2021,20,Qatar Grand Prix,Losail International Circuit,Qatar,2021-11-21,gasly,Pierre Gasly,French,AlphaTauri,2.0,11,0.0,56,+1 Lap,11.0,1:27.019
2021,20,Qatar Grand Prix,Losail International Circuit,Qatar,2021-11-21,ricciardo,Daniel Ricciardo,Australian,McLaren,14.0,12,0.0,56,+1 Lap,14.0,1:27.198
2021,20,Qatar Grand Prix,Losail International Circuit,Qatar,2021-11-21,tsunoda,Yuki Tsunoda,Japanese,AlphaTauri,8.0,13,0.0,56,+1 Lap,12.0,1:27.043
2021,20,Qatar Grand Prix,Losail International Circuit,Qatar,2021-11-21,raikkonen,Kimi Räikkönen,Finnish,Alfa Romeo,16.0,14,0.0,56,+1 Lap,6.0,1:26.358
2021,20,Qatar Grand Prix,Losail International Circuit,Qatar,2021-11-21,giovinazzi,Antonio Giovinazzi,Italian,Alfa Romeo,18.0,15,0.0,56,+1 Lap,18.0,1:27.823
2021,20,Qatar Grand Prix,Losail International Circuit,Qatar,2021-11-21,mick_schumacher,Mick Schumacher,German,Haas F1 Team,19.0,16,0.0,56,+1 Lap,19.0,1:28.412
2021,20,Qatar Grand Prix,Losail International Circuit,Qatar,2021-11-21,russell,George Russell,British,Williams,15.0,17,0.0,55,+2 Laps,5.0,1:25.768
2021,20,Qatar Grand Prix,Losail International Circuit,Qatar,2021-11-21,mazepin,Nikita Mazepin,Russian,Haas F1 Team,20.0,18,0.0,55,+2 Laps,16.0,1:27.340
2021,20,Qatar Grand Prix,Losail International Circuit,Qatar,2021-11-21,latifi,Nicholas Latifi,Canadian,Williams,17.0,19,0.0,50,Puncture,20.0,1:28.732
2021,20,Qatar Grand Prix,Losail International Circuit,Qatar,2021-11-21,bottas,Valtteri Bottas,Finnish,Mercedes,6.0,20,0.0,48,Damage,15.0,1:27.246
2021,21,Saudi Arabian Grand Prix,Jeddah Corniche Circuit,Saudi Arabia,2021-12-05,hamilton,Lewis Hamilton,British,Mercedes,1.0,1,26.0,50,Finished,1.0,1:30.734
2021,21,Saudi Arabian Grand Prix,Jeddah Corniche Circuit,Saudi Arabia,2021-12-05,max_verstappen,Max Verstappen,Dutch,Red Bull,3.0,2,18.0,50,Finished,3.0,1:31.488
2021,21,Saudi Arabian Grand Prix,Jeddah Corniche Circuit,Saudi Arabia,2021-12-05,bottas,Valtteri Bottas,Finnish,Mercedes,2.0,3,15.0,50,Finished,2.0,1:31.408
2021,21,Saudi Arabian Grand Prix,Jeddah Corniche Circuit,Saudi Arabia,2021-12-05,ocon,Esteban Ocon,French,Alpine F1 Team,9.0,4,12.0,50,Finished,6.0,1:31.797
2021,21,Saudi Arabian Grand Prix,Jeddah Corniche Circuit,Saudi Arabia,2021-12-05,ricciardo,Daniel Ricciardo,Australian,McLaren,11.0,5,10.0,50,Finished,11.0,1:32.716
2021,21,Saudi Arabian Grand Prix,Jeddah Corniche Circuit,Saudi Arabia,2021-12-05,gasly,Pierre Gasly,French,AlphaTauri,6.0,6,8.0,50,Finished,9.0,1:32.297
2021,21,Saudi Arabian Grand Prix,Jeddah Corniche Circuit,Saudi Arabia,2021-12-05,leclerc,Charles Leclerc,Monegasque,Ferrari,4.0,7,6.0,50,Finished,4.0,1:31.601
2021,21,Saudi Arabian Grand Prix,Jeddah Corniche Circuit,Saudi Arabia,2021-12-05,sainz,Carlos Sainz,Spanish,Ferrari,15.0,8,4.0,50,Finished,7.0,1:31.851
2021,21,Saudi Arabian Grand Prix,Jeddah Corniche Circuit,Saudi Arabia,2021-12-05,giovinazzi,Antonio Giovinazzi,Italian,Alfa Romeo,10.0,9,2.0,50,Finished,15.0,1:32.865
2021,21,Saudi Arabian Grand Prix,Jeddah Corniche Circuit,Saudi Arabia,2021-12-05,norris,Lando Norris,British,McLaren,7.0,10,1.0,50,Finished,8.0,1:31.914
2021,21,Saudi Arabian Grand Prix,Jeddah Corniche Circuit,Saudi Arabia,2021-12-05,stroll,Lance Stroll,Canadian,Aston Martin,18.0,11,0.0,50,Finished,14.0,1:32.804
2021,21,Saudi Arabian Grand Prix,Jeddah Corniche Circuit,Saudi Arabia,2021-12-05,latifi,Nicholas Latifi,Canadian,Williams,16.0,12,0.0,50,Finished,12.0,1:32.751
2021,21,Saudi Arabian Grand Prix,Jeddah Corniche Circuit,Saudi Arabia,2021-12-05,alonso,Fernando Alonso,Spanish,Alpine F1 Team,13.0,13,0.0,49,+1 Lap,5.0,1:31.633
2021,21,Saudi Arabian Grand Prix,Jeddah Corniche Circuit,Saudi Arabia,2021-12-05,tsunoda,Yuki Tsunoda,Japanese,AlphaTauri,8.0,14,0.0,49,+1 Lap,10.0,1:32.506
2021,21,Saudi Arabian Grand Prix,Jeddah Corniche Circuit,Saudi Arabia,2021-12-05,raikkonen,Kimi Räikkönen,Finnish,Alfa Romeo,12.0,15,0.0,49,+1 Lap,13.0,1:32.778
2021,21,Saudi Arabian Grand Prix,Jeddah Corniche Circuit,Saudi Arabia,2021-12-05,vettel,Sebastian Vettel,German,Aston Martin,17.0,16,0.0,44,Collision damage,16.0,1:34.030
2021,21,Saudi Arabian Grand Prix,Jeddah Corniche Circuit,Saudi Arabia,2021-12-05,perez,Sergio Pérez,Mexican,Red Bull,5.0,17,0.0,14,Collision,17.0,1:34.138
2021,21,Saudi Arabian Grand Prix,Jeddah Corniche Circuit,Saudi Arabia,2021-12-05,mazepin,Nikita Mazepin,Russian,Haas F1 Team,20.0,18,0.0,14,Collision,20.0,1:37.043
2021,21,Saudi Arabian Grand Prix,Jeddah Corniche Circuit,Saudi Arabia,2021-12-05,russell,George Russell,British,Williams,14.0,19,0.0,14,Collision,19.0,1:36.130
2021,21,Saudi Arabian Grand Prix,Jeddah Corniche Circuit,Saudi Arabia,2021-12-05,mick_schumacher,Mick Schumacher,German,Haas F1 Team,19.0,20,0.0,8,Accident,18.0,1:36.043
2021,22,Abu Dhabi Grand Prix,Yas Marina Circuit,UAE,2021-12-12,max_verstappen,Max Verstappen,Dutch,Red Bull,1.0,1,26.0,58,Finished,1.0,1:26.103
2021,22,Abu Dhabi Grand Prix,Yas Marina Circuit,UAE,2021-12-12,hamilton,Lewis Hamilton,British,Mercedes,2.0,2,18.0,58,Finished,3.0,1:26.615
2021,22,Abu Dhabi Grand Prix,Yas Marina Circuit,UAE,2021-12-12,sainz,Carlos Sainz,Spanish,Ferrari,5.0,3,15.0,58,Finished,9.0,1:27.618
2021,22,Abu Dhabi Grand Prix,Yas Marina Circuit,UAE,2021-12-12,tsunoda,Yuki Tsunoda,Japanese,AlphaTauri,8.0,4,12.0,58,Finished,7.0,1:27.496
2021,22,Abu Dhabi Grand Prix,Yas Marina Circuit,UAE,2021-12-12,gasly,Pierre Gasly,French,AlphaTauri,12.0,5,10.0,58,Finished,6.0,1:27.342
2021,22,Abu Dhabi Grand Prix,Yas Marina Circuit,UAE,2021-12-12,bottas,Valtteri Bottas,Finnish,Mercedes,6.0,6,8.0,58,Finished,5.0,1:26.862
2021,22,Abu Dhabi Grand Prix,Yas Marina Circuit,UAE,2021-12-12,norris,Lando Norris,British,McLaren,3.0,7,6.0,58,Finished,4.0,1:26.762
2021,22,Abu Dhabi Grand Prix,Yas Marina Circuit,UAE,2021-12-12,alonso,Fernando Alonso,Spanish,Alpine F1 Team,11.0,8,4.0,58,Finished,8.0,1:27.607
2021,22,Abu Dhabi Grand Prix,Yas Marina Circuit,UAE,2021-12-12,ocon,Esteban Ocon,French,Alpine F1 Team,9.0,9,2.0,58,Finished,10.0,1:28.249
2021,22,Abu Dhabi Grand Prix,Yas Marina Circuit,UAE,2021-12-12,leclerc,Charles Leclerc,Monegasque,Ferrari,7.0,10,1.0,58,Finished,12.0,1:28.433
2021,22,Abu Dhabi Grand Prix,Yas Marina Circuit,UAE,2021-12-12,vettel,Sebastian Vettel,German,Aston Martin,15.0,11,0.0,58,Finished,11.0,1:28.303
2021,22,Abu Dhabi Grand Prix,Yas Marina Circuit,UAE,2021-12-12,ricciardo,Daniel Ricciardo,Australian,McLaren,10.0,12,0.0,57,+1 Lap,14.0,1:28.723
2021,22,Abu Dhabi Grand Prix,Yas Marina Circuit,UAE,2021-12-12,stroll,Lance Stroll,Canadian,Aston Martin,13.0,13,0.0,57,+1 Lap,13.0,1:28.567
2021,22,Abu Dhabi Grand Prix,Yas Marina Circuit,UAE,2021-12-12,mick_schumacher,Mick Schumacher,German,Haas F1 Team,19.0,14,0.0,57,+1 Lap,17.0,1:29.457
2021,22,Abu Dhabi Grand Prix,Yas Marina Circuit,UAE,2021-12-12,perez,Sergio Pérez,Mexican,Red Bull,4.0,15,0.0,55,Engine,2.0,1:26.419
2021,22,Abu Dhabi Grand Prix,Yas Marina Circuit,UAE,2021-12-12,latifi,Nicholas Latifi,Canadian,Williams,16.0,16,0.0,50,Accident,15.0,1:29.293
2021,22,Abu Dhabi Grand Prix,Yas Marina Circuit,UAE,2021-12-12,giovinazzi,Antonio Giovinazzi,Italian,Alfa Romeo,14.0,17,0.0,33,Gearbox,16.0,1:29.442
2021,22,Abu Dhabi Grand Prix,Yas Marina Circuit,UAE,2021-12-12,russell,George Russell,British,Williams,17.0,18,0.0,26,Gearbox,19.0,1:30.647
2021,22,Abu Dhabi Grand Prix,Yas Marina Circuit,UAE,2021-12-12,raikkonen,Kimi Räikkönen,Finnish,Alfa Romeo,18.0,19,0.0,25,Brakes,18.0,1:29.698
2021,22,Abu Dhabi Grand Prix,Yas Marina Circuit,UAE,2021-12-12,mazepin,Nikita Mazepin,Russian,Haas F1 Team,20.0,20,0.0,0,Illness,,
2022,1,Bahrain Grand Prix,Bahrain International Circuit,Bahrain,2022-03-20,leclerc,Charles Leclerc,Monegasque,Ferrari,1.0,1,26.0,57,Finished,1.0,1:34.570
2022,1,Bahrain Grand Prix,Bahrain International Circuit,Bahrain,2022-03-20,sainz,Carlos Sainz,Spanish,Ferrari,3.0,2,18.0,57,Finished,3.0,1:35.740
2022,1,Bahrain Grand Prix,Bahrain International Circuit,Bahrain,2022-03-20,hamilton,Lewis Hamilton,British,Mercedes,5.0,3,15.0,57,Finished,5.0,1:36.228
2022,1,Bahrain Grand Prix,Bahrain International Circuit,Bahrain,2022-03-20,russell,George Russell,British,Mercedes,9.0,4,12.0,57,Finished,6.0,1:36.302
2022,1,Bahrain Grand Prix,Bahrain International Circuit,Bahrain,2022-03-20,kevin_magnussen,Kevin Magnussen,Danish,Haas F1 Team,7.0,5,10.0,57,Finished,8.0,1:36.623
2022,1,Bahrain Grand Prix,Bahrain International Circuit,Bahrain,2022-03-20,bottas,Valtteri Bottas,Finnish,Alfa Romeo,6.0,6,8.0,57,Finished,7.0,1:36.599
2022,1,Bahrain Grand Prix,Bahrain International Circuit,Bahrain,2022-03-20,ocon,Esteban Ocon,French,Alpine F1 Team,11.0,7,6.0,57,Finished,14.0,1:37.110
2022,1,Bahrain Grand Prix,Bahrain International Circuit,Bahrain,2022-03-20,tsunoda,Yuki Tsunoda,Japanese,AlphaTauri,16.0,8,4.0,57,Finished,13.0,1:37.104
2022,1,Bahrain Grand Prix,Bahrain International Circuit,Bahrain,2022-03-20,alonso,Fernando Alonso,Spanish,Alpine F1 Team,8.0,9,2.0,57,Finished,10.0,1:36.733
2022,1,Bahrain Grand Prix,Bahrain International Circuit,Bahrain,2022-03-20,zhou,Guanyu Zhou,Chinese,Alfa Romeo,15.0,10,1.0,57,Finished,9.0,1:36.685
2022,1,Bahrain Grand Prix,Bahrain International Circuit,Bahrain,2022-03-20,mick_schumacher,Mick Schumacher,German,Haas F1 Team,12.0,11,0.0,57,Finished,11.0,1:36.956
2022,1,Bahrain Grand Prix,Bahrain International Circuit,Bahrain,2022-03-20,stroll,Lance Stroll,Canadian,Aston Martin,19.0,12,0.0,57,Finished,15.0,1:37.146
2022,1,Bahrain Grand Prix,Bahrain International Circuit,Bahrain,2022-03-20,albon,Alexander Albon,Thai,Williams,14.0,13,0.0,57,Finished,18.0,1:37.355
2022,1,Bahrain Grand Prix,Bahrain International Circuit,Bahrain,2022-03-20,ricciardo,Daniel Ricciardo,Australian,McLaren,18.0,14,0.0,57,Finished,16.0,1:37.261
2022,1,Bahrain Grand Prix,Bahrain International Circuit,Bahrain,2022-03-20,norris,Lando Norris,British,McLaren,13.0,15,0.0,57,Finished,12.0,1:36.988
2022,1,Bahrain Grand Prix,Bahrain International Circuit,Bahrain,2022-03-20,latifi,Nicholas Latifi,Canadian,Williams,20.0,16,0.0,57,Finished,20.0,1:38.251
2022,1,Bahrain Grand Prix,Bahrain International Circuit,Bahrain,2022-03-20,hulkenberg,Nico Hülkenberg,German,Aston Martin,17.0,17,0.0,57,Finished,19.0,1:38.201
2022,1,Bahrain Grand Prix,Bahrain International Circuit,Bahrain,2022-03-20,perez,Sergio Pérez,Mexican,Red Bull,4.0,18,0.0,56,Fuel pressure,4.0,1:36.089
2022,1,Bahrain Grand Prix,Bahrain International Circuit,Bahrain,2022-03-20,max_verstappen,Max Verstappen,Dutch,Red Bull,2.0,19,0.0,54,Fuel pressure,2.0,1:35.440
2022,1,Bahrain Grand Prix,Bahrain International Circuit,Bahrain,2022-03-20,gasly,Pierre Gasly,French,AlphaTauri,10.0,20,0.0,44,Power Unit,17.0,1:37.324
2022,2,Saudi Arabian Grand Prix,Jeddah Corniche Circuit,Saudi Arabia,2022-03-27,max_verstappen,Max Verstappen,Dutch,Red Bull,4.0,1,25.0,50,Finished,2.0,1:31.772
2022,2,Saudi Arabian Grand Prix,Jeddah Corniche Circuit,Saudi Arabia,2022-03-27,leclerc,Charles Leclerc,Monegasque,Ferrari,2.0,2,19.0,50,Finished,1.0,1:31.634
2022,2,Saudi Arabian Grand Prix,Jeddah Corniche Circuit,Saudi Arabia,2022-03-27,sainz,Carlos Sainz,Spanish,Ferrari,3.0,3,15.0,50,Finished,3.0,1:31.905
2022,2,Saudi Arabian Grand Prix,Jeddah Corniche Circuit,Saudi Arabia,2022-03-27,perez,Sergio Pérez,Mexican,Red Bull,1.0,4,12.0,50,Finished,4.0,1:32.042
2022,2,Saudi Arabian Grand Prix,Jeddah Corniche Circuit,Saudi Arabia,2022-03-27,russell,George Russell,British,Mercedes,6.0,5,10.0,50,Finished,7.0,1:32.821
2022,2,Saudi Arabian Grand Prix,Jeddah Corniche Circuit,Saudi Arabia,2022-03-27,ocon,Esteban Ocon,French,Alpine F1 Team,5.0,6,8.0,50,Finished,9.0,1:33.103
2022,2,Saudi Arabian Grand Prix,Jeddah Corniche Circuit,Saudi Arabia,2022-03-27,norris,Lando Norris,British,McLaren,11.0,7,6.0,50,Finished,5.0,1:32.753
2022,2,Saudi Arabian Grand Prix,Jeddah Corniche Circuit,Saudi Arabia,2022-03-27,gasly,Pierre Gasly,French,AlphaTauri,9.0,8,4.0,50,Finished,10.0,1:33.468
2022,2,Saudi Arabian Grand Prix,Jeddah Corniche Circuit,Saudi Arabia,2022-03-27,kevin_magnussen,Kevin Magnussen,Danish,Haas F1 Team,10.0,9,2.0,50,Finished,6.0,1:32.779
2022,2,Saudi Arabian Grand Prix,Jeddah Corniche Circuit,Saudi Arabia,2022-03-27,hamilton,Lewis Hamilton,British,Mercedes,15.0,10,1.0,50,Finished,8.0,1:32.997
2022,2,Saudi Arabian Grand Prix,Jeddah Corniche Circuit,Saudi Arabia,2022-03-27,zhou,Guanyu Zhou,Chinese,Alfa Romeo,12.0,11,0.0,50,Finished,13.0,1:33.924
2022,2,Saudi Arabian Grand Prix,Jeddah Corniche Circuit,Saudi Arabia,2022-03-27,hulkenberg,Nico Hülkenberg,German,Aston Martin,17.0,12,0.0,50,Finished,11.0,1:33.651
2022,2,Saudi Arabian Grand Prix,Jeddah Corniche Circuit,Saudi Arabia,2022-03-27,stroll,Lance Stroll,Canadian,Aston Martin,13.0,13,0.0,49,+1 Lap,16.0,1:34.446
2022,2,Saudi Arabian Grand Prix,Jeddah Corniche Circuit,Saudi Arabia,2022-03-27,albon,Alexander Albon,Thai,Williams,16.0,14,0.0,47,Collision damage,15.0,1:34.368
2022,2,Saudi Arabian Grand Prix,Jeddah Corniche Circuit,Saudi Arabia,2022-03-27,bottas,Valtteri Bottas,Finnish,Alfa Romeo,8.0,15,0.0,36,Cooling system,14.0,1:33.979
2022,2,Saudi Arabian Grand Prix,Jeddah Corniche Circuit,Saudi Arabia,2022-03-27,alonso,Fernando Alonso,Spanish,Alpine F1 Team,7.0,16,0.0,35,Water pump,12.0,1:33.831
2022,2,Saudi Arabian Grand Prix,Jeddah Corniche Circuit,Saudi Arabia,2022-03-27,ricciardo,Daniel Ricciardo,Australian,McLaren,14.0,17,0.0,35,Gearbox,17.0,1:34.487
2022,2,Saudi Arabian Grand Prix,Jeddah Corniche Circuit,Saudi Arabia,2022-03-27,latifi,Nicholas Latifi,Canadian,Williams,18.0,18,0.0,14,Accident,18.0,1:37.530
2022,2,Saudi Arabian Grand Prix,Jeddah Corniche Circuit,Saudi Arabia,2022-03-27,tsunoda,Yuki Tsunoda,Japanese,AlphaTauri,19.0,19,0.0,0,Power Unit,,
2022,2,Saudi Arabian Grand Prix,Jeddah Corniche Circuit,Saudi Arabia,2022-03-27,mick_schumacher,Mick Schumacher,German,Haas F1 Team,,20,0.0,0,Withdrew,,
2022,3,Australian Grand Prix,Albert Park Grand Prix Circuit,Australia,2022-04-10,leclerc,Charles Leclerc,Monegasque,Ferrari,1.0,1,26.0,58,Finished,1.0,1:20.260
2022,3,Australian Grand Prix,Albert Park Grand Prix Circuit,Australia,2022-04-10,perez,Sergio Pérez,Mexican,Red Bull,3.0,2,18.0,58,Finished,3.0,1:21.094
2022,3,Australian Grand Prix,Albert Park Grand Prix Circuit,Australia,2022-04-10,russell,George Russell,British,Mercedes,6.0,3,15.0,58,Finished,4.0,1:21.495
2022,3,Australian Grand Prix,Albert Park Grand Prix Circuit,Australia,2022-04-10,hamilton,Lewis Hamilton,British,Mercedes,5.0,4,12.0,58,Finished,7.0,1:21.886
2022,3,Australian Grand Prix,Albert Park Grand Prix Circuit,Australia,2022-04-10,norris,Lando Norris,British,McLaren,4.0,5,10.0,58,Finished,8.0,1:22.248
2022,3,Australian Grand Prix,Albert Park Grand Prix Circuit,Australia,2022-04-10,ricciardo,Daniel Ricciardo,Australian,McLaren,7.0,6,8.0,58,Finished,9.0,1:22.451
2022,3,Australian Grand Prix,Albert Park Grand Prix Circuit,Australia,2022-04-10,ocon,Esteban Ocon,French,Alpine F1 Team,8.0,7,6.0,58,Finished,10.0,1:22.469
2022,3,Australian Grand Prix,Albert Park Grand Prix Circuit,Australia,2022-04-10,bottas,Valtteri Bottas,Finnish,Alfa Romeo,12.0,8,4.0,58,Finished,5.0,1:21.651
2022,3,Australian Grand Prix,Albert Park Grand Prix Circuit,Australia,2022-04-10,gasly,Pierre Gasly,French,AlphaTauri,11.0,9,2.0,58,Finished,13.0,1:22.731
2022,3,Australian Grand Prix,Albert Park Grand Prix Circuit,Australia,2022-04-10,albon,Alexander Albon,Thai,Williams,20.0,10,1.0,58,Finished,12.0,1:22.589
2022,3,Australian Grand Prix,Albert Park Grand Prix Circuit,Australia,2022-04-10,zhou,Guanyu Zhou,Chinese,Alfa Romeo,14.0,11,0.0,58,Finished,11.0,1:22.541
2022,3,Australian Grand Prix,Albert Park Grand Prix Circuit,Australia,2022-04-10,stroll,Lance Stroll,Canadian,Aston Martin,19.0,12,0.0,58,Finished,17.0,1:23.592
2022,3,Australian Grand Prix,Albert Park Grand Prix Circuit,Australia,2022-04-10,mick_schumacher,Mick Schumacher,German,Haas F1 Team,15.0,13,0.0,57,+1 Lap,14.0,1:23.006
2022,3,Australian Grand Prix,Albert Park Grand Prix Circuit,Australia,2022-04-10,kevin_magnussen,Kevin Magnussen,Danish,Haas F1 Team,16.0,14,0.0,57,+1 Lap,15.0,1:23.071
2022,3,Australian Grand Prix,Albert Park Grand Prix Circuit,Australia,2022-04-10,tsunoda,Yuki Tsunoda,Japanese,AlphaTauri,13.0,15,0.0,57,+1 Lap,16.0,1:23.342
2022,3,Australian Grand Prix,Albert Park Grand Prix Circuit,Australia,2022-04-10,latifi,Nicholas Latifi,Canadian,Williams,18.0,16,0.0,57,+1 Lap,18.0,1:23.882
2022,3,Australian Grand Prix,Albert Park Grand Prix Circuit,Australia,2022-04-10,alonso,Fernando Alonso,Spanish,Alpine F1 Team,10.0,17,0.0,57,+1 Lap,2.0,1:20.846
2022,3,Australian Grand Prix,Albert Park Grand Prix Circuit,Australia,2022-04-10,max_verstappen,Max Verstappen,Dutch,Red Bull,2.0,18,0.0,38,Fuel leak,6.0,1:21.677
2022,3,Australian Grand Prix,Albert Park Grand Prix Circuit,Australia,2022-04-10,vettel,Sebastian Vettel,German,Aston Martin,17.0,19,0.0,22,Accident,19.0,1:25.189
2022,3,Australian Grand Prix,Albert Park Grand Prix Circuit,Australia,2022-04-10,sainz,Carlos Sainz,Spanish,Ferrari,9.0,20,0.0,1,Spun off,,
2022,4,Emilia Romagna Grand Prix,Autodromo Enzo e Dino Ferrari,Italy,2022-04-24,max_verstappen,Max Verstappen,Dutch,Red Bull,1.0,1,26.0,63,Finished,1.0,1:18.446
2022,4,Emilia Romagna Grand Prix,Autodromo Enzo e Dino Ferrari,Italy,2022-04-24,perez,Sergio Pérez,Mexican,Red Bull,3.0,2,18.0,63,Finished,3.0,1:18.949
2022,4,Emilia Romagna Grand Prix,Autodromo Enzo e Dino Ferrari,Italy,2022-04-24,norris,Lando Norris,British,McLaren,5.0,3,15.0,63,Finished,7.0,1:20.903
2022,4,Emilia Romagna Grand Prix,Autodromo Enzo e Dino Ferrari,Italy,2022-04-24,russell,George Russell,British,Mercedes,11.0,4,12.0,63,Finished,8.0,1:20.962
2022,4,Emilia Romagna Grand Prix,Autodromo Enzo e Dino Ferrari,Italy,2022-04-24,bottas,Valtteri Bottas,Finnish,Alfa Romeo,7.0,5,10.0,63,Finished,6.0,1:20.758
2022,4,Emilia Romagna Grand Prix,Autodromo Enzo e Dino Ferrari,Italy,2022-04-24,leclerc,Charles Leclerc,Monegasque,Ferrari,2.0,6,8.0,63,Finished,2.0,1:18.574
2022,4,Emilia Romagna Grand Prix,Autodromo Enzo e Dino Ferrari,Italy,2022-04-24,tsunoda,Yuki Tsunoda,Japanese,AlphaTauri,12.0,7,6.0,63,Finished,5.0,1:20.544
2022,4,Emilia Romagna Grand Prix,Autodromo Enzo e Dino Ferrari,Italy,2022-04-24,vettel,Sebastian Vettel,German,Aston Martin,13.0,8,4.0,63,Finished,9.0,1:21.211
2022,4,Emilia Romagna Grand Prix,Autodromo Enzo e Dino Ferrari,Italy,2022-04-24,kevin_magnussen,Kevin Magnussen,Danish,Haas F1 Team,8.0,9,2.0,63,Finished,10.0,1:21.238
2022,4,Emilia Romagna Grand Prix,Autodromo Enzo e Dino Ferrari,Italy,2022-04-24,stroll,Lance Stroll,Canadian,Aston Martin,15.0,10,1.0,62,+1 Lap,16.0,1:21.750
2022,4,Emilia Romagna Grand Prix,Autodromo Enzo e Dino Ferrari,Italy,2022-04-24,albon,Alexander Albon,Thai,Williams,18.0,11,0.0,62,+1 Lap,17.0,1:21.757
2022,4,Emilia Romagna Grand Prix,Autodromo Enzo e Dino Ferrari,Italy,2022-04-24,gasly,Pierre Gasly,French,AlphaTauri,17.0,12,0.0,62,+1 Lap,15.0,1:21.713
2022,4,Emilia Romagna Grand Prix,Autodromo Enzo e Dino Ferrari,Italy,2022-04-24,hamilton,Lewis Hamilton,British,Mercedes,14.0,13,0.0,62,+1 Lap,13.0,1:21.419
2022,4,Emilia Romagna Grand Prix,Autodromo Enzo e Dino Ferrari,Italy,2022-04-24,ocon,Esteban Ocon,French,Alpine F1 Team,16.0,14,0.0,62,+1 Lap,18.0,1:21.887
2022,4,Emilia Romagna Grand Prix,Autodromo Enzo e Dino Ferrari,Italy,2022-04-24,zhou,Guanyu Zhou,Chinese,Alfa Romeo,,15,0.0,62,+1 Lap,11.0,1:21.286
2022,4,Emilia Romagna Grand Prix,Autodromo Enzo e Dino Ferrari,Italy,2022-04-24,latifi,Nicholas Latifi,Canadian,Williams,19.0,16,0.0,62,+1 Lap,12.0,1:21.338
2022,4,Emilia Romagna Grand Prix,Autodromo Enzo e Dino Ferrari,Italy,2022-04-24,mick_schumacher,Mick Schumacher,German,Haas F1 Team,10.0,17,0.0,62,+1 Lap,4.0,1:18.999
2022,4,Emilia Romagna Grand Prix,Autodromo Enzo e Dino Ferrari,Italy,2022-04-24,ricciardo,Daniel Ricciardo,Australian,McLaren,6.0,18,0.0,62,+1 Lap,14.0,1:21.577
2022,4,Emilia Romagna Grand Prix,Autodromo Enzo e Dino Ferrari,Italy,2022-04-24,alonso,Fernando Alonso,Spanish,Alpine F1 Team,9.0,19,0.0,6,Collision damage,19.0,1:39.685
2022,4,Emilia Romagna Grand Prix,Autodromo Enzo e Dino Ferrari,Italy,2022-04-24,sainz,Carlos Sainz,Spanish,Ferrari,4.0,20,0.0,0,Collision,,
2022,5,Miami Grand Prix,Miami International Autodrome,USA,2022-05-08,max_verstappen,Max Verstappen,Dutch,Red Bull,3.0,1,26.0,57,Finished,1.0,1:31.361
2022,5,Miami Grand Prix,Miami International Autodrome,USA,2022-05-08,leclerc,Charles Leclerc,Monegasque,Ferrari,1.0,2,18.0,57,Finished,2.0,1:31.488
2022,5,Miami Grand Prix,Miami International Autodrome,USA,2022-05-08,sainz,Carlos Sainz,Spanish,Ferrari,2.0,3,15.0,57,Finished,3.0,1:31.790
2022,5,Miami Grand Prix,Miami International Autodrome,USA,2022-05-08,perez,Sergio Pérez,Mexican,Red Bull,4.0,4,12.0,57,Finished,4.0,1:31.819
2022,5,Miami Grand Prix,Miami International Autodrome,USA,2022-05-08,russell,George Russell,British,Mercedes,12.0,5,10.0,57,Finished,5.0,1:32.195
2022,5,Miami Grand Prix,Miami International Autodrome,USA,2022-05-08,hamilton,Lewis Hamilton,British,Mercedes,6.0,6,8.0,57,Finished,7.0,1:32.941
2022,5,Miami Grand Prix,Miami International Autodrome,USA,2022-05-08,bottas,Valtteri Bottas,Finnish,Alfa Romeo,5.0,7,6.0,57,Finished,10.0,1:33.184
2022,5,Miami Grand Prix,Miami International Autodrome,USA,2022-05-08,ocon,Esteban Ocon,French,Alpine F1 Team,20.0,8,4.0,57,Finished,9.0,1:33.163
2022,5,Miami Grand Prix,Miami International Autodrome,USA,2022-05-08,albon,Alexander Albon,Thai,Williams,18.0,9,2.0,57,Finished,15.0,1:33.447
2022,5,Miami Grand Prix,Miami International Autodrome,USA,2022-05-08,stroll,Lance Stroll,Canadian,Aston Martin,,10,1.0,57,Finished,12.0,1:33.312
2022,5,Miami Grand Prix,Miami International Autodrome,USA,2022-05-08,alonso,Fernando Alonso,Spanish,Alpine F1 Team,11.0,11,0.0,57,Finished,13.0,1:33.331
2022,5,Miami Grand Prix,Miami International Autodrome,USA,2022-05-08,tsunoda,Yuki Tsunoda,Japanese,AlphaTauri,9.0,12,0.0,57,Finished,8.0,1:33.035
2022,5,Miami Grand Prix,Miami International Autodrome,USA,2022-05-08,ricciardo,Daniel Ricciardo,Australian,McLaren,14.0,13,0.0,57,Finished,11.0,1:33.265
2022,5,Miami Grand Prix,Miami International Autodrome,USA,2022-05-08,latifi,Nicholas Latifi,Canadian,Williams,19.0,14,0.0,57,Finished,18.0,1:34.169
2022,5,Miami Grand Prix,Miami International Autodrome,USA,2022-05-08,mick_schumacher,Mick Schumacher,German,Haas F1 Team,15.0,15,0.0,57,Finished,6.0,1:32.528
2022,5,Miami Grand Prix,Miami International Autodrome,USA,2022-05-08,kevin_magnussen,Kevin Magnussen,Danish,Haas F1 Team,16.0,16,0.0,56,Front wing,17.0,1:33.511
2022,5,Miami Grand Prix,Miami International Autodrome,USA,2022-05-08,vettel,Sebastian Vettel,German,Aston Martin,,17,0.0,54,Collision,16.0,1:33.479
2022,5,Miami Grand Prix,Miami International Autodrome,USA,2022-05-08,gasly,Pierre Gasly,French,AlphaTauri,7.0,18,0.0,45,Suspension,19.0,1:34.487
2022,5,Miami Grand Prix,Miami International Autodrome,USA,2022-05-08,norris,Lando Norris,British,McLaren,8.0,19,0.0,39,Collision,14.0,1:33.411
2022,5,Miami Grand Prix,Miami International Autodrome,USA,2022-05-08,zhou,Guanyu Zhou,Chinese,Alfa Romeo,17.0,20,0.0,6,Water leak,20.0,1:35.731
2022,6,Spanish Grand Prix,Circuit de Barcelona-Catalunya,Spain,2022-05-22,max_verstappen,Max Verstappen,Dutch,Red Bull,2.0,1,25.0,66,Finished,4.0,1:25.456
2022,6,Spanish Grand Prix,Circuit de Barcelona-Catalunya,Spain,2022-05-22,perez,Sergio Pérez,Mexican,Red Bull,5.0,2,19.0,66,Finished,1.0,1:24.108
2022,6,Spanish Grand Prix,Circuit de Barcelona-Catalunya,Spain,2022-05-22,russell,George Russell,British,Mercedes,4.0,3,15.0,66,Finished,3.0,1:24.636
2022,6,Spanish Grand Prix,Circuit de Barcelona-Catalunya,Spain,2022-05-22,sainz,Carlos Sainz,Spanish,Ferrari,3.0,4,12.0,66,Finished,7.0,1:25.985
2022,6,Spanish Grand Prix,Circuit de Barcelona-Catalunya,Spain,2022-05-22,hamilton,Lewis Hamilton,British,Mercedes,6.0,5,10.0,66,Finished,2.0,1:24.253
2022,6,Spanish Grand Prix,Circuit de Barcelona-Catalunya,Spain,2022-05-22,bottas,Valtteri Bottas,Finnish,Alfa Romeo,7.0,6,8.0,66,Finished,8.0,1:26.395
2022,6,Spanish Grand Prix,Circuit de Barcelona-Catalunya,Spain,2022-05-22,ocon,Esteban Ocon,French,Alpine F1 Team,12.0,7,6.0,66,Finished,6.0,1:25.935
2022,6,Spanish Grand Prix,Circuit de Barcelona-Catalunya,Spain,2022-05-22,norris,Lando Norris,British,McLaren,11.0,8,4.0,66,Finished,5.0,1:25.619
2022,6,Spanish Grand Prix,Circuit de Barcelona-Catalunya,Spain,2022-05-22,alonso,Fernando Alonso,Spanish,Alpine F1 Team,20.0,9,2.0,65,+1 Lap,9.0,1:26.599
2022,6,Spanish Grand Prix,Circuit de Barcelona-Catalunya,Spain,2022-05-22,tsunoda,Yuki Tsunoda,Japanese,AlphaTauri,13.0,10,1.0,65,+1 Lap,10.0,1:26.828
2022,6,Spanish Grand Prix,Circuit de Barcelona-Catalunya,Spain,2022-05-22,vettel,Sebastian Vettel,German,Aston Martin,16.0,11,0.0,65,+1 Lap,18.0,1:27.629
2022,6,Spanish Grand Prix,Circuit de Barcelona-Catalunya,Spain,2022-05-22,ricciardo,Daniel Ricciardo,Australian,McLaren,9.0,12,0.0,65,+1 Lap,15.0,1:27.285
2022,6,Spanish Grand Prix,Circuit de Barcelona-Catalunya,Spain,2022-05-22,gasly,Pierre Gasly,French,AlphaTauri,14.0,13,0.0,65,+1 Lap,12.0,1:26.987
2022,6,Spanish Grand Prix,Circuit de Barcelona-Catalunya,Spain,2022-05-22,mick_schumacher,Mick Schumacher,German,Haas F1 Team,10.0,14,0.0,65,+1 Lap,16.0,1:27.447
2022,6,Spanish Grand Prix,Circuit de Barcelona-Catalunya,Spain,2022-05-22,stroll,Lance Stroll,Canadian,Aston Martin,17.0,15,0.0,65,+1 Lap,11.0,1:26.876
2022,6,Spanish Grand Prix,Circuit de Barcelona-Catalunya,Spain,2022-05-22,latifi,Nicholas Latifi,Canadian,Williams,19.0,16,0.0,64,+2 Laps,14.0,1:27.246
2022,6,Spanish Grand Prix,Circuit de Barcelona-Catalunya,Spain,2022-05-22,kevin_magnussen,Kevin Magnussen,Danish,Haas F1 Team,8.0,17,0.0,64,+2 Laps,17.0,1:27.537
2022,6,Spanish Grand Prix,Circuit de Barcelona-Catalunya,Spain,2022-05-22,albon,Alexander Albon,Thai,Williams,18.0,18,0.0,64,+2 Laps,19.0,1:28.281
2022,6,Spanish Grand Prix,Circuit de Barcelona-Catalunya,Spain,2022-05-22,zhou,Guanyu Zhou,Chinese,Alfa Romeo,15.0,19,0.0,28,Power loss,20.0,1:28.415
2022,6,Spanish Grand Prix,Circuit de Barcelona-Catalunya,Spain,2022-05-22,leclerc,Charles Leclerc,Monegasque,Ferrari,1.0,20,0.0,27,Turbo,13.0,1:27.030
2022,7,Monaco Grand Prix,Circuit de Monaco,Monaco,2022-05-29,perez,Sergio Pérez,Mexican,Red Bull,3.0,1,25.0,64,Finished,4.0,1:16.028
2022,7,Monaco Grand Prix,Circuit de Monaco,Monaco,2022-05-29,sainz,Carlos Sainz,Spanish,Ferrari,2.0,2,18.0,64,Finished,7.0,1:16.421
2022,7,Monaco Grand Prix,Circuit de Monaco,Monaco,2022-05-29,max_verstappen,Max Verstappen,Dutch,Red Bull,4.0,3,15.0,64,Finished,5.0,1:16.052
2022,7,Monaco Grand Prix,Circuit de Monaco,Monaco,2022-05-29,leclerc,Charles Leclerc,Monegasque,Ferrari,1.0,4,12.0,64,Finished,6.0,1:16.249
2022,7,Monaco Grand Prix,Circuit de Monaco,Monaco,2022-05-29,russell,George Russell,British,Mercedes,6.0,5,10.0,64,Finished,8.0,1:16.830
2022,7,Monaco Grand Prix,Circuit de Monaco,Monaco,2022-05-29,norris,Lando Norris,British,McLaren,5.0,6,9.0,64,Finished,1.0,1:14.693
2022,7,Monaco Grand Prix,Circuit de Monaco,Monaco,2022-05-29,alonso,Fernando Alonso,Spanish,Alpine F1 Team,7.0,7,6.0,64,Finished,3.0,1:15.882
2022,7,Monaco Grand Prix,Circuit de Monaco,Monaco,2022-05-29,hamilton,Lewis Hamilton,British,Mercedes,8.0,8,4.0,64,Finished,9.0,1:17.203
2022,7,Monaco Grand Prix,Circuit de Monaco,Monaco,2022-05-29,bottas,Valtteri Bottas,Finnish,Alfa Romeo,12.0,9,2.0,64,Finished,14.0,1:17.600
2022,7,Monaco Grand Prix,Circuit de Monaco,Monaco,2022-05-29,vettel,Sebastian Vettel,German,Aston Martin,9.0,10,1.0,64,Finished,12.0,1:17.558
2022,7,Monaco Grand Prix,Circuit de Monaco,Monaco,2022-05-29,gasly,Pierre Gasly,French,AlphaTauri,17.0,11,0.0,64,Finished,10.0,1:17.344
2022,7,Monaco Grand Prix,Circuit de Monaco,Monaco,2022-05-29,ocon,Esteban Ocon,French,Alpine F1 Team,10.0,12,0.0,64,Finished,13.0,1:17.571
2022,7,Monaco Grand Prix,Circuit de Monaco,Monaco,2022-05-29,ricciardo,Daniel Ricciardo,Australian,McLaren,14.0,13,0.0,64,Finished,11.0,1:17.532
2022,7,Monaco Grand Prix,Circuit de Monaco,Monaco,2022-05-29,stroll,Lance Stroll,Canadian,Aston Martin,18.0,14,0.0,64,Finished,15.0,1:17.672
2022,7,Monaco Grand Prix,Circuit de Monaco,Monaco,2022-05-29,latifi,Nicholas Latifi,Canadian,Williams,19.0,15,0.0,63,+1 Lap,18.0,1:18.579
2022,7,Monaco Grand Prix,Circuit de Monaco,Monaco,2022-05-29,zhou,Guanyu Zhou,Chinese,Alfa Romeo,20.0,16,0.0,63,+1 Lap,17.0,1:18.200
2022,7,Monaco Grand Prix,Circuit de Monaco,Monaco,2022-05-29,tsunoda,Yuki Tsunoda,Japanese,AlphaTauri,11.0,17,0.0,63,+1 Lap,2.0,1:15.334
2022,7,Monaco Grand Prix,Circuit de Monaco,Monaco,2022-05-29,albon,Alexander Albon,Thai,Williams,16.0,18,0.0,48,Mechanical,16.0,1:18.023
2022,7,Monaco Grand Prix,Circuit de Monaco,Monaco,2022-05-29,mick_schumacher,Mick Schumacher,German,Haas F1 Team,15.0,19,0.0,24,Accident,19.0,1:24.778
2022,7,Monaco Grand Prix,Circuit de Monaco,Monaco,2022-05-29,kevin_magnussen,Kevin Magnussen,Danish,Haas F1 Team,13.0,20,0.0,19,Water pressure,20.0,1:33.754
2022,8,Azerbaijan Grand Prix,Baku City Circuit,Azerbaijan,2022-06-12,max_verstappen,Max Verstappen,Dutch,Red Bull,3.0,1,25.0,51,Finished,2.0,1:46.050
2022,8,Azerbaijan Grand Prix,Baku City Circuit,Azerbaijan,2022-06-12,perez,Sergio Pérez,Mexican,Red Bull,2.0,2,19.0,51,Finished,1.0,1:46.046
2022,8,Azerbaijan Grand Prix,Baku City Circuit,Azerbaijan,2022-06-12,russell,George Russell,British,Mercedes,5.0,3,15.0,51,Finished,4.0,1:47.177
2022,8,Azerbaijan Grand Prix,Baku City Circuit,Azerbaijan,2022-06-12,hamilton,Lewis Hamilton,British,Mercedes,7.0,4,12.0,51,Finished,3.0,1:47.044
2022,8,Azerbaijan Grand Prix,Baku City Circuit,Azerbaijan,2022-06-12,gasly,Pierre Gasly,French,AlphaTauri,6.0,5,10.0,51,Finished,16.0,1:48.519
2022,8,Azerbaijan Grand Prix,Baku City Circuit,Azerbaijan,2022-06-12,vettel,Sebastian Vettel,German,Aston Martin,9.0,6,8.0,51,Finished,12.0,1:48.206
2022,8,Azerbaijan Grand Prix,Baku City Circuit,Azerbaijan,2022-06-12,alonso,Fernando Alonso,Spanish,Alpine F1 Team,10.0,7,6.0,51,Finished,8.0,1:47.989
2022,8,Azerbaijan Grand Prix,Baku City Circuit,Azerbaijan,2022-06-12,ricciardo,Daniel Ricciardo,Australian,McLaren,12.0,8,4.0,51,Finished,13.0,1:48.276
2022,8,Azerbaijan Grand Prix,Baku City Circuit,Azerbaijan,2022-06-12,norris,Lando Norris,British,McLaren,11.0,9,2.0,51,Finished,9.0,1:47.997
2022,8,Azerbaijan Grand Prix,Baku City Circuit,Azerbaijan,2022-06-12,ocon,Esteban Ocon,French,Alpine F1 Team,13.0,10,1.0,51,Finished,14.0,1:48.297
2022,8,Azerbaijan Grand Prix,Baku City Circuit,Azerbaijan,2022-06-12,bottas,Valtteri Bottas,Finnish,Alfa Romeo,15.0,11,0.0,50,+1 Lap,11.0,1:48.179
2022,8,Azerbaijan Grand Prix,Baku City Circuit,Azerbaijan,2022-06-12,albon,Alexander Albon,Thai,Williams,17.0,12,0.0,50,+1 Lap,7.0,1:47.966
2022,8,Azerbaijan Grand Prix,Baku City Circuit,Azerbaijan,2022-06-12,tsunoda,Yuki Tsunoda,Japanese,AlphaTauri,8.0,13,0.0,50,+1 Lap,5.0,1:47.523
2022,8,Azerbaijan Grand Prix,Baku City Circuit,Azerbaijan,2022-06-12,mick_schumacher,Mick Schumacher,German,Haas F1 Team,20.0,14,0.0,50,+1 Lap,15.0,1:48.410
2022,8,Azerbaijan Grand Prix,Baku City Circuit,Azerbaijan,2022-06-12,latifi,Nicholas Latifi,Canadian,Williams,18.0,15,0.0,50,+1 Lap,20.0,1:49.583
2022,8,Azerbaijan Grand Prix,Baku City Circuit,Azerbaijan,2022-06-12,stroll,Lance Stroll,Canadian,Aston Martin,19.0,16,0.0,46,Vibrations,10.0,1:48.038
2022,8,Azerbaijan Grand Prix,Baku City Circuit,Azerbaijan,2022-06-12,kevin_magnussen,Kevin Magnussen,Danish,Haas F1 Team,16.0,17,0.0,31,Power Unit,18.0,1:48.789
2022,8,Azerbaijan Grand Prix,Baku City Circuit,Azerbaijan,2022-06-12,zhou,Guanyu Zhou,Chinese,Alfa Romeo,14.0,18,0.0,23,Hydraulics,17.0,1:48.723
2022,8,Azerbaijan Grand Prix,Baku City Circuit,Azerbaijan,2022-06-12,leclerc,Charles Leclerc,Monegasque,Ferrari,1.0,19,0.0,21,Power Unit,6.0,1:47.531
2022,8,Azerbaijan Grand Prix,Baku City Circuit,Azerbaijan,2022-06-12,sainz,Carlos Sainz,Spanish,Ferrari,4.0,20,0.0,8,Hydraulics,19.0,1:48.978
2022,9,Canadian Grand Prix,Circuit Gilles Villeneuve,Canada,2022-06-19,max_verstappen,Max Verstappen,Dutch,Red Bull,1.0,1,25.0,70,Finished,2.0,1:15.839
2022,9,Canadian Grand Prix,Circuit Gilles Villeneuve,Canada,2022-06-19,sainz,Carlos Sainz,Spanish,Ferrari,3.0,2,19.0,70,Finished,1.0,1:15.749
2022,9,Canadian Grand Prix,Circuit Gilles Villeneuve,Canada,2022-06-19,hamilton,Lewis Hamilton,British,Mercedes,4.0,3,15.0,70,Finished,4.0,1:16.167
2022,9,Canadian Grand Prix,Circuit Gilles Villeneuve,Canada,2022-06-19,russell,George Russell,British,Mercedes,8.0,4,12.0,70,Finished,5.0,1:16.418
2022,9,Canadian Grand Prix,Circuit Gilles Villeneuve,Canada,2022-06-19,leclerc,Charles Leclerc,Monegasque,Ferrari,19.0,5,10.0,70,Finished,3.0,1:15.901
2022,9,Canadian Grand Prix,Circuit Gilles Villeneuve,Canada,2022-06-19,ocon,Esteban Ocon,French,Alpine F1 Team,7.0,6,8.0,70,Finished,9.0,1:17.110
2022,9,Canadian Grand Prix,Circuit Gilles Villeneuve,Canada,2022-06-19,bottas,Valtteri Bottas,Finnish,Alfa Romeo,11.0,7,6.0,70,Finished,8.0,1:17.010
2022,9,Canadian Grand Prix,Circuit Gilles Villeneuve,Canada,2022-06-19,zhou,Guanyu Zhou,Chinese,Alfa Romeo,10.0,8,4.0,70,Finished,7.0,1:16.927
2022,9,Canadian Grand Prix,Circuit Gilles Villeneuve,Canada,2022-06-19,alonso,Fernando Alonso,Spanish,Alpine F1 Team,2.0,9,2.0,70,Finished,6.0,1:16.578
2022,9,Canadian Grand Prix,Circuit Gilles Villeneuve,Canada,2022-06-19,stroll,Lance Stroll,Canadian,Aston Martin,17.0,10,1.0,70,Finished,10.0,1:17.421
2022,9,Canadian Grand Prix,Circuit Gilles Villeneuve,Canada,2022-06-19,ricciardo,Daniel Ricciardo,Australian,McLaren,9.0,11,0.0,70,Finished,13.0,1:17.932
2022,9,Canadian Grand Prix,Circuit Gilles Villeneuve,Canada,2022-06-19,vettel,Sebastian Vettel,German,Aston Martin,16.0,12,0.0,70,Finished,15.0,1:17.956
2022,9,Canadian Grand Prix,Circuit Gilles Villeneuve,Canada,2022-06-19,albon,Alexander Albon,Thai,Williams,12.0,13,0.0,70,Finished,14.0,1:17.951
2022,9,Canadian Grand Prix,Circuit Gilles Villeneuve,Canada,2022-06-19,gasly,Pierre Gasly,French,AlphaTauri,15.0,14,0.0,70,Finished,12.0,1:17.810
2022,9,Canadian Grand Prix,Circuit Gilles Villeneuve,Canada,2022-06-19,norris,Lando Norris,British,McLaren,14.0,15,0.0,70,Finished,11.0,1:17.495
2022,9,Canadian Grand Prix,Circuit Gilles Villeneuve,Canada,2022-06-19,latifi,Nicholas Latifi,Canadian,Williams,18.0,16,0.0,70,Finished,18.0,1:18.540
2022,9,Canadian Grand Prix,Circuit Gilles Villeneuve,Canada,2022-06-19,kevin_magnussen,Kevin Magnussen,Danish,Haas F1 Team,5.0,17,0.0,70,Finished,16.0,1:18.046
2022,9,Canadian Grand Prix,Circuit Gilles Villeneuve,Canada,2022-06-19,tsunoda,Yuki Tsunoda,Japanese,AlphaTauri,20.0,18,0.0,47,Accident,17.0,1:18.309
2022,9,Canadian Grand Prix,Circuit Gilles Villeneuve,Canada,2022-06-19,mick_schumacher,Mick Schumacher,German,Haas F1 Team,6.0,19,0.0,18,Engine,20.0,1:18.967
2022,9,Canadian Grand Prix,Circuit Gilles Villeneuve,Canada,2022-06-19,perez,Sergio Pérez,Mexican,Red Bull,13.0,20,0.0,7,Gearbox,19.0,1:18.844
2022,10,British Grand Prix,Silverstone Circuit,UK,2022-07-03,sainz,Carlos Sainz,Spanish,Ferrari,1.0,1,25.0,52,Finished,2.0,1:30.813
2022,10,British Grand Prix,Silverstone Circuit,UK,2022-07-03,perez,Sergio Pérez,Mexican,Red Bull,4.0,2,18.0,52,Finished,3.0,1:30.937
2022,10,British Grand Prix,Silverstone Circuit,UK,2022-07-03,hamilton,Lewis Hamilton,British,Mercedes,5.0,3,16.0,52,Finished,1.0,1:30.510
2022,10,British Grand Prix,Silverstone Circuit,UK,2022-07-03,leclerc,Charles Leclerc,Monegasque,Ferrari,3.0,4,12.0,52,Finished,4.0,1:31.282
2022,10,British Grand Prix,Silverstone Circuit,UK,2022-07-03,alonso,Fernando Alonso,Spanish,Alpine F1 Team,7.0,5,10.0,52,Finished,5.0,1:31.609
2022,10,British Grand Prix,Silverstone Circuit,UK,2022-07-03,norris,Lando Norris,British,McLaren,6.0,6,8.0,52,Finished,6.0,1:31.645
2022,10,British Grand Prix,Silverstone Circuit,UK,2022-07-03,max_verstappen,Max Verstappen,Dutch,Red Bull,2.0,7,6.0,52,Finished,8.0,1:32.354
2022,10,British Grand Prix,Silverstone Circuit,UK,2022-07-03,mick_schumacher,Mick Schumacher,German,Haas F1 Team,19.0,8,4.0,52,Finished,7.0,1:32.109
2022,10,British Grand Prix,Silverstone Circuit,UK,2022-07-03,vettel,Sebastian Vettel,German,Aston Martin,18.0,9,2.0,52,Finished,10.0,1:32.471
2022,10,British Grand Prix,Silverstone Circuit,UK,2022-07-03,kevin_magnussen,Kevin Magnussen,Danish,Haas F1 Team,17.0,10,1.0,52,Finished,12.0,1:32.661
2022,10,British Grand Prix,Silverstone Circuit,UK,2022-07-03,stroll,Lance Stroll,Canadian,Aston Martin,20.0,11,0.0,52,Finished,9.0,1:32.379
2022,10,British Grand Prix,Silverstone Circuit,UK,2022-07-03,latifi,Nicholas Latifi,Canadian,Williams,10.0,12,0.0,52,Finished,13.0,1:33.286
2022,10,British Grand Prix,Silverstone Circuit,UK,2022-07-03,ricciardo,Daniel Ricciardo,Australian,McLaren,14.0,13,0.0,52,Finished,11.0,1:32.644
2022,10,British Grand Prix,Silverstone Circuit,UK,2022-07-03,tsunoda,Yuki Tsunoda,Japanese,AlphaTauri,13.0,14,0.0,52,Finished,15.0,1:33.832
2022,10,British Grand Prix,Silverstone Circuit,UK,2022-07-03,ocon,Esteban Ocon,French,Alpine F1 Team,15.0,15,0.0,37,Fuel pump,14.0,1:33.537
2022,10,British Grand Prix,Silverstone Circuit,UK,2022-07-03,gasly,Pierre Gasly,French,AlphaTauri,11.0,16,0.0,26,Collision damage,16.0,1:34.614
2022,10,British Grand Prix,Silverstone Circuit,UK,2022-07-03,bottas,Valtteri Bottas,Finnish,Alfa Romeo,12.0,17,0.0,20,Gearbox,17.0,1:35.103
2022,10,British Grand Prix,Silverstone Circuit,UK,2022-07-03,russell,George Russell,British,Mercedes,8.0,18,0.0,0,Collision,,
2022,10,British Grand Prix,Silverstone Circuit,UK,2022-07-03,zhou,Guanyu Zhou,Chinese,Alfa Romeo,9.0,19,0.0,0,Collision,,
2022,10,British Grand Prix,Silverstone Circuit,UK,2022-07-03,albon,Alexander Albon,Thai,Williams,16.0,20,0.0,0,Collision,,
2022,11,Austrian Grand Prix,Red Bull Ring,Austria,2022-07-10,leclerc,Charles Leclerc,Monegasque,Ferrari,2.0,1,25.0,71,Finished,2.0,1:07.583
2022,11,Austrian Grand Prix,Red Bull Ring,Austria,2022-07-10,max_verstappen,Max Verstappen,Dutch,Red Bull,1.0,2,19.0,71,Finished,1.0,1:07.275
2022,11,Austrian Grand Prix,Red Bull Ring,Austria,2022-07-10,hamilton,Lewis Hamilton,British,Mercedes,8.0,3,15.0,71,Finished,5.0,1:09.000
2022,11,Austrian Grand Prix,Red Bull Ring,Austria,2022-07-10,russell,George Russell,British,Mercedes,4.0,4,12.0,71,Finished,6.0,1:09.075
2022,11,Austrian Grand Prix,Red Bull Ring,Austria,2022-07-10,ocon,Esteban Ocon,French,Alpine F1 Team,6.0,5,10.0,71,Finished,10.0,1:09.559
2022,11,Austrian Grand Prix,Red Bull Ring,Austria,2022-07-10,mick_schumacher,Mick Schumacher,German,Haas F1 Team,9.0,6,8.0,70,+1 Lap,11.0,1:09.625
2022,11,Austrian Grand Prix,Red Bull Ring,Austria,2022-07-10,norris,Lando Norris,British,McLaren,10.0,7,6.0,70,+1 Lap,8.0,1:09.304
2022,11,Austrian Grand Prix,Red Bull Ring,Austria,2022-07-10,kevin_magnussen,Kevin Magnussen,Danish,Haas F1 Team,7.0,8,4.0,70,+1 Lap,14.0,1:09.938
2022,11,Austrian Grand Prix,Red Bull Ring,Austria,2022-07-10,ricciardo,Daniel Ricciardo,Australian,McLaren,11.0,9,2.0,70,+1 Lap,13.0,1:09.924
2022,11,Austrian Grand Prix,Red Bull Ring,Austria,2022-07-10,alonso,Fernando Alonso,Spanish,Alpine F1 Team,19.0,10,1.0,70,+1 Lap,3.0,1:08.558
2022,11,Austrian Grand Prix,Red Bull Ring,Austria,2022-07-10,bottas,Valtteri Bottas,Finnish,Alfa Romeo,,11,0.0,70,+1 Lap,7.0,1:09.266
2022,11,Austrian Grand Prix,Red Bull Ring,Austria,2022-07-10,albon,Alexander Albon,Thai,Williams,15.0,12,0.0,70,+1 Lap,12.0,1:09.669
2022,11,Austrian Grand Prix,Red Bull Ring,Austria,2022-07-10,stroll,Lance Stroll,Canadian,Aston Martin,12.0,13,0.0,70,+1 Lap,17.0,1:10.048
2022,11,Austrian Grand Prix,Red Bull Ring,Austria,2022-07-10,zhou,Guanyu Zhou,Chinese,Alfa Romeo,13.0,14,0.0,70,+1 Lap,9.0,1:09.380
2022,11,Austrian Grand Prix,Red Bull Ring,Austria,2022-07-10,gasly,Pierre Gasly,French,AlphaTauri,14.0,15,0.0,70,+1 Lap,18.0,1:10.104
2022,11,Austrian Grand Prix,Red Bull Ring,Austria,2022-07-10,tsunoda,Yuki Tsunoda,Japanese,AlphaTauri,16.0,16,0.0,70,+1 Lap,16.0,1:10.023
2022,11,Austrian Grand Prix,Red Bull Ring,Austria,2022-07-10,vettel,Sebastian Vettel,German,Aston Martin,18.0,17,0.0,70,+1 Lap,15.0,1:10.001
2022,11,Austrian Grand Prix,Red Bull Ring,Austria,2022-07-10,sainz,Carlos Sainz,Spanish,Ferrari,3.0,18,0.0,56,Power Unit,4.0,1:08.649
2022,11,Austrian Grand Prix,Red Bull Ring,Austria,2022-07-10,latifi,Nicholas Latifi,Canadian,Williams,17.0,19,0.0,48,Undertray,19.0,1:10.890
2022,11,Austrian Grand Prix,Red Bull Ring,Austria,2022-07-10,perez,Sergio Pérez,Mexican,Red Bull,5.0,20,0.0,24,Collision damage,20.0,1:11.843
2022,12,French Grand Prix,Circuit Paul Ricard,France,2022-07-24,max_verstappen,Max Verstappen,Dutch,Red Bull,2.0,1,25.0,53,Finished,2.0,1:37.491
2022,12,French Grand Prix,Circuit Paul Ricard,France,2022-07-24,hamilton,Lewis Hamilton,British,Mercedes,4.0,2,18.0,53,Finished,4.0,1:37.668
2022,12,French Grand Prix,Circuit Paul Ricard,France,2022-07-24,russell,George Russell,British,Mercedes,6.0,3,15.0,53,Finished,3.0,1:37.548
2022,12,French Grand Prix,Circuit Paul Ricard,France,2022-07-24,perez,Sergio Pérez,Mexican,Red Bull,3.0,4,12.0,53,Finished,5.0,1:37.780
2022,12,French Grand Prix,Circuit Paul Ricard,France,2022-07-24,sainz,Carlos Sainz,Spanish,Ferrari,19.0,5,11.0,53,Finished,1.0,1:35.781
2022,12,French Grand Prix,Circuit Paul Ricard,France,2022-07-24,alonso,Fernando Alonso,Spanish,Alpine F1 Team,7.0,6,8.0,53,Finished,8.0,1:38.160
2022,12,French Grand Prix,Circuit Paul Ricard,France,2022-07-24,norris,Lando Norris,British,McLaren,5.0,7,6.0,53,Finished,11.0,1:39.037
2022,12,French Grand Prix,Circuit Paul Ricard,France,2022-07-24,ocon,Esteban Ocon,French,Alpine F1 Team,10.0,8,4.0,53,Finished,9.0,1:38.684
2022,12,French Grand Prix,Circuit Paul Ricard,France,2022-07-24,ricciardo,Daniel Ricciardo,Australian,McLaren,9.0,9,2.0,53,Finished,14.0,1:39.133
2022,12,French Grand Prix,Circuit Paul Ricard,France,2022-07-24,stroll,Lance Stroll,Canadian,Aston Martin,15.0,10,1.0,53,Finished,15.0,1:39.185
2022,12,French Grand Prix,Circuit Paul Ricard,France,2022-07-24,vettel,Sebastian Vettel,German,Aston Martin,12.0,11,0.0,53,Finished,12.0,1:39.044
2022,12,French Grand Prix,Circuit Paul Ricard,France,2022-07-24,gasly,Pierre Gasly,French,AlphaTauri,14.0,12,0.0,53,Finished,10.0,1:38.786
2022,12,French Grand Prix,Circuit Paul Ricard,France,2022-07-24,albon,Alexander Albon,Thai,Williams,13.0,13,0.0,53,Finished,16.0,1:39.199
2022,12,French Grand Prix,Circuit Paul Ricard,France,2022-07-24,bottas,Valtteri Bottas,Finnish,Alfa Romeo,11.0,14,0.0,53,Finished,6.0,1:37.963
2022,12,French Grand Prix,Circuit Paul Ricard,France,2022-07-24,mick_schumacher,Mick Schumacher,German,Haas F1 Team,17.0,15,0.0,53,Finished,13.0,1:39.068
2022,12,French Grand Prix,Circuit Paul Ricard,France,2022-07-24,zhou,Guanyu Zhou,Chinese,Alfa Romeo,16.0,16,0.0,47,+6 Laps,18.0,1:39.368
2022,12,French Grand Prix,Circuit Paul Ricard,France,2022-07-24,latifi,Nicholas Latifi,Canadian,Williams,18.0,17,0.0,40,Collision damage,19.0,1:39.650
2022,12,French Grand Prix,Circuit Paul Ricard,France,2022-07-24,kevin_magnussen,Kevin Magnussen,Danish,Haas F1 Team,20.0,18,0.0,37,Collision damage,17.0,1:39.265
2022,12,French Grand Prix,Circuit Paul Ricard,France,2022-07-24,leclerc,Charles Leclerc,Monegasque,Ferrari,1.0,19,0.0,17,Accident,7.0,1:38.088
2022,12,French Grand Prix,Circuit Paul Ricard,France,2022-07-24,tsunoda,Yuki Tsunoda,Japanese,AlphaTauri,8.0,20,0.0,17,Undertray,20.0,1:40.216
2022,13,Hungarian Grand Prix,Hungaroring,Hungary,2022-07-31,max_verstappen,Max Verstappen,Dutch,Red Bull,10.0,1,25.0,70,Finished,6.0,1:22.126
2022,13,Hungarian Grand Prix,Hungaroring,Hungary,2022-07-31,hamilton,Lewis Hamilton,British,Mercedes,7.0,2,19.0,70,Finished,1.0,1:21.386
2022,13,Hungarian Grand Prix,Hungaroring,Hungary,2022-07-31,russell,George Russell,British,Mercedes,1.0,3,15.0,70,Finished,9.0,1:22.766
2022,13,Hungarian Grand Prix,Hungaroring,Hungary,2022-07-31,sainz,Carlos Sainz,Spanish,Ferrari,2.0,4,12.0,70,Finished,4.0,1:22.000
2022,13,Hungarian Grand Prix,Hungaroring,Hungary,2022-07-31,perez,Sergio Pérez,Mexican,Red Bull,11.0,5,10.0,70,Finished,3.0,1:21.940
2022,13,Hungarian Grand Prix,Hungaroring,Hungary,2022-07-31,leclerc,Charles Leclerc,Monegasque,Ferrari,3.0,6,8.0,70,Finished,2.0,1:21.622
2022,13,Hungarian Grand Prix,Hungaroring,Hungary,2022-07-31,norris,Lando Norris,British,McLaren,4.0,7,6.0,70,Finished,11.0,1:23.043
2022,13,Hungarian Grand Prix,Hungaroring,Hungary,2022-07-31,alonso,Fernando Alonso,Spanish,Alpine F1 Team,6.0,8,4.0,69,+1 Lap,18.0,1:23.979
2022,13,Hungarian Grand Prix,Hungaroring,Hungary,2022-07-31,ocon,Esteban Ocon,French,Alpine F1 Team,5.0,9,2.0,69,+1 Lap,20.0,1:24.149
2022,13,Hungarian Grand Prix,Hungaroring,Hungary,2022-07-31,vettel,Sebastian Vettel,German,Aston Martin,18.0,10,1.0,69,+1 Lap,10.0,1:22.824
2022,13,Hungarian Grand Prix,Hungaroring,Hungary,2022-07-31,stroll,Lance Stroll,Canadian,Aston Martin,14.0,11,0.0,69,+1 Lap,7.0,1:22.437
2022,13,Hungarian Grand Prix,Hungaroring,Hungary,2022-07-31,gasly,Pierre Gasly,French,AlphaTauri,,12,0.0,69,+1 Lap,14.0,1:23.199
2022,13,Hungarian Grand Prix,Hungaroring,Hungary,2022-07-31,zhou,Guanyu Zhou,Chinese,Alfa Romeo,12.0,13,0.0,69,+1 Lap,5.0,1:22.029
2022,13,Hungarian Grand Prix,Hungaroring,Hungary,2022-07-31,mick_schumacher,Mick Schumacher,German,Haas F1 Team,15.0,14,0.0,69,+1 Lap,13.0,1:23.151
2022,13,Hungarian Grand Prix,Hungaroring,Hungary,2022-07-31,ricciardo,Daniel Ricciardo,Australian,McLaren,9.0,15,0.0,69,+1 Lap,17.0,1:23.654
2022,13,Hungarian Grand Prix,Hungaroring,Hungary,2022-07-31,kevin_magnussen,Kevin Magnussen,Danish,Haas F1 Team,13.0,16,0.0,69,+1 Lap,15.0,1:23.511
2022,13,Hungarian Grand Prix,Hungaroring,Hungary,2022-07-31,albon,Alexander Albon,Thai,Williams,17.0,17,0.0,69,+1 Lap,12.0,1:23.047
2022,13,Hungarian Grand Prix,Hungaroring,Hungary,2022-07-31,latifi,Nicholas Latifi,Canadian,Williams,19.0,18,0.0,69,+1 Lap,8.0,1:22.478
2022,13,Hungarian Grand Prix,Hungaroring,Hungary,2022-07-31,tsunoda,Yuki Tsunoda,Japanese,AlphaTauri,16.0,19,0.0,68,+2 Laps,16.0,1:23.538
2022,13,Hungarian Grand Prix,Hungaroring,Hungary,2022-07-31,bottas,Valtteri Bottas,Finnish,Alfa Romeo,8.0,20,0.0,65,Power Unit,19.0,1:24.002
2022,14,Belgian Grand Prix,Circuit de Spa-Francorchamps,Belgium,2022-08-28,max_verstappen,Max Verstappen,Dutch,Red Bull,14.0,1,26.0,44,Finished,1.0,1:49.354
2022,14,Belgian Grand Prix,Circuit de Spa-Francorchamps,Belgium,2022-08-28,perez,Sergio Pérez,Mexican,Red Bull,2.0,2,18.0,44,Finished,3.0,1:50.764
2022,14,Belgian Grand Prix,Circuit de Spa-Francorchamps,Belgium,2022-08-28,sainz,Carlos Sainz,Spanish,Ferrari,1.0,3,15.0,44,Finished,7.0,1:51.977
2022,14,Belgian Grand Prix,Circuit de Spa-Francorchamps,Belgium,2022-08-28,russell,George Russell,British,Mercedes,5.0,4,12.0,44,Finished,4.0,1:50.793
2022,14,Belgian Grand Prix,Circuit de Spa-Francorchamps,Belgium,2022-08-28,alonso,Fernando Alonso,Spanish,Alpine F1 Team,3.0,5,10.0,44,Finished,13.0,1:52.868
2022,14,Belgian Grand Prix,Circuit de Spa-Francorchamps,Belgium,2022-08-28,leclerc,Charles Leclerc,Monegasque,Ferrari,15.0,6,8.0,44,Finished,2.0,1:49.984
2022,14,Belgian Grand Prix,Circuit de Spa-Francorchamps,Belgium,2022-08-28,ocon,Esteban Ocon,French,Alpine F1 Team,16.0,7,6.0,44,Finished,6.0,1:51.717
2022,14,Belgian Grand Prix,Circuit de Spa-Francorchamps,Belgium,2022-08-28,vettel,Sebastian Vettel,German,Aston Martin,10.0,8,4.0,44,Finished,11.0,1:52.515
2022,14,Belgian Grand Prix,Circuit de Spa-Francorchamps,Belgium,2022-08-28,gasly,Pierre Gasly,French,AlphaTauri,,9,2.0,44,Finished,15.0,1:53.002
2022,14,Belgian Grand Prix,Circuit de Spa-Francorchamps,Belgium,2022-08-28,albon,Alexander Albon,Thai,Williams,6.0,10,1.0,44,Finished,16.0,1:53.055
2022,14,Belgian Grand Prix,Circuit de Spa-Francorchamps,Belgium,2022-08-28,stroll,Lance Stroll,Canadian,Aston Martin,9.0,11,0.0,44,Finished,14.0,1:52.880
2022,14,Belgian Grand Prix,Circuit de Spa-Francorchamps,Belgium,2022-08-28,norris,Lando Norris,British,McLaren,17.0,12,0.0,44,Finished,5.0,1:51.678
2022,14,Belgian Grand Prix,Circuit de Spa-Francorchamps,Belgium,2022-08-28,tsunoda,Yuki Tsunoda,Japanese,AlphaTauri,,13,0.0,44,Finished,10.0,1:52.436
2022,14,Belgian Grand Prix,Circuit de Spa-Francorchamps,Belgium,2022-08-28,zhou,Guanyu Zhou,Chinese,Alfa Romeo,18.0,14,0.0,44,Finished,9.0,1:52.317
2022,14,Belgian Grand Prix,Circuit de Spa-Francorchamps,Belgium,2022-08-28,ricciardo,Daniel Ricciardo,Australian,McLaren,7.0,15,0.0,44,Finished,17.0,1:53.080
2022,14,Belgian Grand Prix,Circuit de Spa-Francorchamps,Belgium,2022-08-28,kevin_magnussen,Kevin Magnussen,Danish,Haas F1 Team,12.0,16,0.0,43,+1 Lap,18.0,1:53.332
2022,14,Belgian Grand Prix,Circuit de Spa-Francorchamps,Belgium,2022-08-28,mick_schumacher,Mick Schumacher,German,Haas F1 Team,19.0,17,0.0,43,+1 Lap,12.0,1:52.646
2022,14,Belgian Grand Prix,Circuit de Spa-Francorchamps,Belgium,2022-08-28,latifi,Nicholas Latifi,Canadian,Williams,11.0,18,0.0,43,+1 Lap,8.0,1:52.256
2022,14,Belgian Grand Prix,Circuit de Spa-Francorchamps,Belgium,2022-08-28,bottas,Valtteri Bottas,Finnish,Alfa Romeo,13.0,19,0.0,1,Accident,,
2022,14,Belgian Grand Prix,Circuit de Spa-Francorchamps,Belgium,2022-08-28,hamilton,Lewis Hamilton,British,Mercedes,4.0,20,0.0,0,Collision damage,,
2022,15,Dutch Grand Prix,Circuit Park Zandvoort,Netherlands,2022-09-04,max_verstappen,Max Verstappen,Dutch,Red Bull,1.0,1,26.0,72,Finished,1.0,1:13.652
2022,15,Dutch Grand Prix,Circuit Park Zandvoort,Netherlands,2022-09-04,russell,George Russell,British,Mercedes,6.0,2,18.0,72,Finished,2.0,1:13.671
2022,15,Dutch Grand Prix,Circuit Park Zandvoort,Netherlands,2022-09-04,leclerc,Charles Leclerc,Monegasque,Ferrari,2.0,3,15.0,72,Finished,6.0,1:14.413
2022,15,Dutch Grand Prix,Circuit Park Zandvoort,Netherlands,2022-09-04,hamilton,Lewis Hamilton,British,Mercedes,4.0,4,12.0,72,Finished,3.0,1:13.854
2022,15,Dutch Grand Prix,Circuit Park Zandvoort,Netherlands,2022-09-04,perez,Sergio Pérez,Mexican,Red Bull,5.0,5,10.0,72,Finished,5.0,1:14.404
2022,15,Dutch Grand Prix,Circuit Park Zandvoort,Netherlands,2022-09-04,alonso,Fernando Alonso,Spanish,Alpine F1 Team,13.0,6,8.0,72,Finished,4.0,1:14.144
2022,15,Dutch Grand Prix,Circuit Park Zandvoort,Netherlands,2022-09-04,norris,Lando Norris,British,McLaren,7.0,7,6.0,72,Finished,8.0,1:14.706
2022,15,Dutch Grand Prix,Circuit Park Zandvoort,Netherlands,2022-09-04,sainz,Carlos Sainz,Spanish,Ferrari,3.0,8,4.0,72,Finished,7.0,1:14.643
2022,15,Dutch Grand Prix,Circuit Park Zandvoort,Netherlands,2022-09-04,ocon,Esteban Ocon,French,Alpine F1 Team,12.0,9,2.0,72,Finished,11.0,1:15.084
2022,15,Dutch Grand Prix,Circuit Park Zandvoort,Netherlands,2022-09-04,stroll,Lance Stroll,Canadian,Aston Martin,10.0,10,1.0,72,Finished,10.0,1:15.043
2022,15,Dutch Grand Prix,Circuit Park Zandvoort,Netherlands,2022-09-04,gasly,Pierre Gasly,French,AlphaTauri,11.0,11,0.0,72,Finished,12.0,1:15.165
2022,15,Dutch Grand Prix,Circuit Park Zandvoort,Netherlands,2022-09-04,albon,Alexander Albon,Thai,Williams,15.0,12,0.0,72,Finished,15.0,1:15.534
2022,15,Dutch Grand Prix,Circuit Park Zandvoort,Netherlands,2022-09-04,mick_schumacher,Mick Schumacher,German,Haas F1 Team,8.0,13,0.0,72,Finished,13.0,1:15.233
2022,15,Dutch Grand Prix,Circuit Park Zandvoort,Netherlands,2022-09-04,vettel,Sebastian Vettel,German,Aston Martin,19.0,14,0.0,72,Finished,9.0,1:14.862
2022,15,Dutch Grand Prix,Circuit Park Zandvoort,Netherlands,2022-09-04,kevin_magnussen,Kevin Magnussen,Danish,Haas F1 Team,18.0,15,0.0,72,Finished,14.0,1:15.369
2022,15,Dutch Grand Prix,Circuit Park Zandvoort,Netherlands,2022-09-04,zhou,Guanyu Zhou,Chinese,Alfa Romeo,14.0,16,0.0,72,Finished,17.0,1:15.940
2022,15,Dutch Grand Prix,Circuit Park Zandvoort,Netherlands,2022-09-04,ricciardo,Daniel Ricciardo,Australian,McLaren,17.0,17,0.0,72,Finished,16.0,1:15.577
2022,15,Dutch Grand Prix,Circuit Park Zandvoort,Netherlands,2022-09-04,latifi,Nicholas Latifi,Canadian,Williams,20.0,18,0.0,71,+1 Lap,18.0,1:16.066
2022,15,Dutch Grand Prix,Circuit Park Zandvoort,Netherlands,2022-09-04,bottas,Valtteri Bottas,Finnish,Alfa Romeo,16.0,19,0.0,53,Engine,19.0,1:16.844
2022,15,Dutch Grand Prix,Circuit Park Zandvoort,Netherlands,2022-09-04,tsunoda,Yuki Tsunoda,Japanese,AlphaTauri,9.0,20,0.0,43,Differential,20.0,1:17.138
2022,16,Italian Grand Prix,Autodromo Nazionale di Monza,Italy,2022-09-11,max_verstappen,Max Verstappen,Dutch,Red Bull,7.0,1,25.0,53,Finished,6.0,1:24.745
2022,16,Italian Grand Prix,Autodromo Nazionale di Monza,Italy,2022-09-11,leclerc,Charles Leclerc,Monegasque,Ferrari,1.0,2,18.0,53,Finished,2.0,1:24.336
2022,16,Italian Grand Prix,Autodromo Nazionale di Monza,Italy,2022-09-11,russell,George Russell,British,Mercedes,2.0,3,15.0,53,Finished,7.0,1:25.288
2022,16,Italian Grand Prix,Autodromo Nazionale di Monza,Italy,2022-09-11,sainz,Carlos Sainz,Spanish,Ferrari,18.0,4,12.0,53,Finished,4.0,1:24.446
2022,16,Italian Grand Prix,Autodromo Nazionale di Monza,Italy,2022-09-11,hamilton,Lewis Hamilton,British,Mercedes,19.0,5,10.0,53,Finished,3.0,1:24.434
2022,16,Italian Grand Prix,Autodromo Nazionale di Monza,Italy,2022-09-11,perez,Sergio Pérez,Mexican,Red Bull,13.0,6,9.0,53,Finished,1.0,1:24.030
2022,16,Italian Grand Prix,Autodromo Nazionale di Monza,Italy,2022-09-11,norris,Lando Norris,British,McLaren,3.0,7,6.0,53,Finished,5.0,1:24.718
2022,16,Italian Grand Prix,Autodromo Nazionale di Monza,Italy,2022-09-11,gasly,Pierre Gasly,French,AlphaTauri,5.0,8,4.0,53,Finished,14.0,1:26.718
2022,16,Italian Grand Prix,Autodromo Nazionale di Monza,Italy,2022-09-11,de_vries,Nyck de Vries,Dutch,Williams,8.0,9,2.0,53,Finished,13.0,1:26.624
2022,16,Italian Grand Prix,Autodromo Nazionale di Monza,Italy,2022-09-11,zhou,Guanyu Zhou,Chinese,Alfa Romeo,9.0,10,1.0,53,Finished,10.0,1:26.361
2022,16,Italian Grand Prix,Autodromo Nazionale di Monza,Italy,2022-09-11,ocon,Esteban Ocon,French,Alpine F1 Team,14.0,11,0.0,53,Finished,11.0,1:26.593
2022,16,Italian Grand Prix,Autodromo Nazionale di Monza,Italy,2022-09-11,mick_schumacher,Mick Schumacher,German,Haas F1 Team,17.0,12,0.0,53,Finished,8.0,1:25.298
2022,16,Italian Grand Prix,Autodromo Nazionale di Monza,Italy,2022-09-11,bottas,Valtteri Bottas,Finnish,Alfa Romeo,15.0,13,0.0,52,+1 Lap,9.0,1:25.706
2022,16,Italian Grand Prix,Autodromo Nazionale di Monza,Italy,2022-09-11,tsunoda,Yuki Tsunoda,Japanese,AlphaTauri,20.0,14,0.0,52,+1 Lap,17.0,1:26.857
2022,16,Italian Grand Prix,Autodromo Nazionale di Monza,Italy,2022-09-11,latifi,Nicholas Latifi,Canadian,Williams,10.0,15,0.0,52,+1 Lap,15.0,1:26.798
2022,16,Italian Grand Prix,Autodromo Nazionale di Monza,Italy,2022-09-11,kevin_magnussen,Kevin Magnussen,Danish,Haas F1 Team,16.0,16,0.0,52,+1 Lap,16.0,1:26.798
2022,16,Italian Grand Prix,Autodromo Nazionale di Monza,Italy,2022-09-11,ricciardo,Daniel Ricciardo,Australian,McLaren,4.0,17,0.0,45,Oil leak,12.0,1:26.603
2022,16,Italian Grand Prix,Autodromo Nazionale di Monza,Italy,2022-09-11,stroll,Lance Stroll,Canadian,Aston Martin,12.0,18,0.0,39,Engine,19.0,1:27.467
2022,16,Italian Grand Prix,Autodromo Nazionale di Monza,Italy,2022-09-11,alonso,Fernando Alonso,Spanish,Alpine F1 Team,6.0,19,0.0,31,Water pressure,18.0,1:27.203
2022,16,Italian Grand Prix,Autodromo Nazionale di Monza,Italy,2022-09-11,vettel,Sebastian Vettel,German,Aston Martin,11.0,20,0.0,10,Engine,20.0,1:27.501
2022,17,Singapore Grand Prix,Marina Bay Street Circuit,Singapore,2022-10-02,perez,Sergio Pérez,Mexican,Red Bull,2.0,1,25.0,59,Finished,2.0,1:48.165
2022,17,Singapore Grand Prix,Marina Bay Street Circuit,Singapore,2022-10-02,leclerc,Charles Leclerc,Monegasque,Ferrari,1.0,2,18.0,59,Finished,4.0,1:48.753
2022,17,Singapore Grand Prix,Marina Bay Street Circuit,Singapore,2022-10-02,sainz,Carlos Sainz,Spanish,Ferrari,4.0,3,15.0,59,Finished,3.0,1:48.414
2022,17,Singapore Grand Prix,Marina Bay Street Circuit,Singapore,2022-10-02,norris,Lando Norris,British,McLaren,6.0,4,12.0,59,Finished,6.0,1:49.212
2022,17,Singapore Grand Prix,Marina Bay Street Circuit,Singapore,2022-10-02,ricciardo,Daniel Ricciardo,Australian,McLaren,16.0,5,10.0,59,Finished,12.0,1:51.006
2022,17,Singapore Grand Prix,Marina Bay Street Circuit,Singapore,2022-10-02,stroll,Lance Stroll,Canadian,Aston Martin,11.0,6,8.0,59,Finished,7.0,1:50.283
2022,17,Singapore Grand Prix,Marina Bay Street Circuit,Singapore,2022-10-02,max_verstappen,Max Verstappen,Dutch,Red Bull,8.0,7,6.0,59,Finished,5.0,1:49.142
2022,17,Singapore Grand Prix,Marina Bay Street Circuit,Singapore,2022-10-02,vettel,Sebastian Vettel,German,Aston Martin,13.0,8,4.0,59,Finished,11.0,1:50.669
2022,17,Singapore Grand Prix,Marina Bay Street Circuit,Singapore,2022-10-02,hamilton,Lewis Hamilton,British,Mercedes,3.0,9,2.0,59,Finished,10.0,1:50.622
2022,17,Singapore Grand Prix,Marina Bay Street Circuit,Singapore,2022-10-02,gasly,Pierre Gasly,French,AlphaTauri,7.0,10,1.0,59,Finished,9.0,1:50.569
2022,17,Singapore Grand Prix,Marina Bay Street Circuit,Singapore,2022-10-02,bottas,Valtteri Bottas,Finnish,Alfa Romeo,15.0,11,0.0,59,Finished,13.0,1:51.864
2022,17,Singapore Grand Prix,Marina Bay Street Circuit,Singapore,2022-10-02,kevin_magnussen,Kevin Magnussen,Danish,Haas F1 Team,9.0,12,0.0,59,Finished,14.0,1:52.067
2022,17,Singapore Grand Prix,Marina Bay Street Circuit,Singapore,2022-10-02,mick_schumacher,Mick Schumacher,German,Haas F1 Team,12.0,13,0.0,58,+1 Lap,8.0,1:50.290
2022,17,Singapore Grand Prix,Marina Bay Street Circuit,Singapore,2022-10-02,russell,George Russell,British,Mercedes,,14,0.0,57,+2 Laps,1.0,1:46.458
2022,17,Singapore Grand Prix,Marina Bay Street Circuit,Singapore,2022-10-02,tsunoda,Yuki Tsunoda,Japanese,AlphaTauri,10.0,15,0.0,34,Accident,15.0,1:58.716
2022,17,Singapore Grand Prix,Marina Bay Street Circuit,Singapore,2022-10-02,ocon,Esteban Ocon,French,Alpine F1 Team,17.0,16,0.0,26,Engine,17.0,2:01.105
2022,17,Singapore Grand Prix,Marina Bay Street Circuit,Singapore,2022-10-02,albon,Alexander Albon,Thai,Williams,18.0,17,0.0,25,Collision damage,18.0,2:02.121
2022,17,Singapore Grand Prix,Marina Bay Street Circuit,Singapore,2022-10-02,alonso,Fernando Alonso,Spanish,Alpine F1 Team,5.0,18,0.0,20,Engine,16.0,2:00.463
2022,17,Singapore Grand Prix,Marina Bay Street Circuit,Singapore,2022-10-02,latifi,Nicholas Latifi,Canadian,Williams,19.0,19,0.0,7,Collision damage,20.0,2:05.585
2022,17,Singapore Grand Prix,Marina Bay Street Circuit,Singapore,2022-10-02,zhou,Guanyu Zhou,Chinese,Alfa Romeo,14.0,20,0.0,6,Collision,19.0,2:05.556
2022,18,Japanese Grand Prix,Suzuka Circuit,Japan,2022-10-09,max_verstappen,Max Verstappen,Dutch,Red Bull,1.0,1,25.0,28,Finished,4.0,1:44.911
2022,18,Japanese Grand Prix,Suzuka Circuit,Japan,2022-10-09,perez,Sergio Pérez,Mexican,Red Bull,4.0,2,18.0,28,Finished,9.0,1:46.120
2022,18,Japanese Grand Prix,Suzuka Circuit,Japan,2022-10-09,leclerc,Charles Leclerc,Monegasque,Ferrari,2.0,3,15.0,28,Finished,3.0,1:44.489
2022,18,Japanese Grand Prix,Suzuka Circuit,Japan,2022-10-09,ocon,Esteban Ocon,French,Alpine F1 Team,5.0,4,12.0,28,Finished,11.0,1:46.559
2022,18,Japanese Grand Prix,Suzuka Circuit,Japan,2022-10-09,hamilton,Lewis Hamilton,British,Mercedes,6.0,5,10.0,28,Finished,7.0,1:45.530
2022,18,Japanese Grand Prix,Suzuka Circuit,Japan,2022-10-09,vettel,Sebastian Vettel,German,Aston Martin,9.0,6,8.0,28,Finished,12.0,1:46.964
2022,18,Japanese Grand Prix,Suzuka Circuit,Japan,2022-10-09,alonso,Fernando Alonso,Spanish,Alpine F1 Team,7.0,7,6.0,28,Finished,2.0,1:44.412
2022,18,Japanese Grand Prix,Suzuka Circuit,Japan,2022-10-09,russell,George Russell,British,Mercedes,8.0,8,4.0,28,Finished,13.0,1:47.004
2022,18,Japanese Grand Prix,Suzuka Circuit,Japan,2022-10-09,latifi,Nicholas Latifi,Canadian,Williams,20.0,9,2.0,28,Finished,18.0,1:48.371
2022,18,Japanese Grand Prix,Suzuka Circuit,Japan,2022-10-09,norris,Lando Norris,British,McLaren,10.0,10,1.0,28,Finished,17.0,1:48.175
2022,18,Japanese Grand Prix,Suzuka Circuit,Japan,2022-10-09,ricciardo,Daniel Ricciardo,Australian,McLaren,11.0,11,0.0,28,Finished,15.0,1:47.843
2022,18,Japanese Grand Prix,Suzuka Circuit,Japan,2022-10-09,stroll,Lance Stroll,Canadian,Aston Martin,19.0,12,0.0,28,Finished,5.0,1:45.205
2022,18,Japanese Grand Prix,Suzuka Circuit,Japan,2022-10-09,tsunoda,Yuki Tsunoda,Japanese,AlphaTauri,13.0,13,0.0,28,Finished,8.0,1:45.893
2022,18,Japanese Grand Prix,Suzuka Circuit,Japan,2022-10-09,kevin_magnussen,Kevin Magnussen,Danish,Haas F1 Team,18.0,14,0.0,28,Finished,16.0,1:48.072
2022,18,Japanese Grand Prix,Suzuka Circuit,Japan,2022-10-09,bottas,Valtteri Bottas,Finnish,Alfa Romeo,12.0,15,0.0,28,Finished,14.0,1:47.820
2022,18,Japanese Grand Prix,Suzuka Circuit,Japan,2022-10-09,zhou,Guanyu Zhou,Chinese,Alfa Romeo,14.0,16,0.0,28,Finished,1.0,1:44.411
2022,18,Japanese Grand Prix,Suzuka Circuit,Japan,2022-10-09,mick_schumacher,Mick Schumacher,German,Haas F1 Team,15.0,17,0.0,28,Finished,6.0,1:45.387
2022,18,Japanese Grand Prix,Suzuka Circuit,Japan,2022-10-09,gasly,Pierre Gasly,French,AlphaTauri,17.0,18,0.0,28,Finished,10.0,1:46.545
2022,18,Japanese Grand Prix,Suzuka Circuit,Japan,2022-10-09,sainz,Carlos Sainz,Spanish,Ferrari,3.0,19,0.0,0,Accident,,
2022,18,Japanese Grand Prix,Suzuka Circuit,Japan,2022-10-09,albon,Alexander Albon,Thai,Williams,16.0,20,0.0,0,Hydraulics,,
2022,19,United States Grand Prix,Circuit of the Americas,USA,2022-10-23,max_verstappen,Max Verstappen,Dutch,Red Bull,2.0,1,25.0,56,Finished,2.0,1:39.541
2022,19,United States Grand Prix,Circuit of the Americas,USA,2022-10-23,hamilton,Lewis Hamilton,British,Mercedes,3.0,2,18.0,56,Finished,5.0,1:39.830
2022,19,United States Grand Prix,Circuit of the Americas,USA,2022-10-23,leclerc,Charles Leclerc,Monegasque,Ferrari,12.0,3,15.0,56,Finished,4.0,1:39.731
2022,19,United States Grand Prix,Circuit of the Americas,USA,2022-10-23,perez,Sergio Pérez,Mexican,Red Bull,9.0,4,12.0,56,Finished,3.0,1:39.563
2022,19,United States Grand Prix,Circuit of the Americas,USA,2022-10-23,russell,George Russell,British,Mercedes,4.0,5,11.0,56,Finished,1.0,1:38.788
2022,19,United States Grand Prix,Circuit of the Americas,USA,2022-10-23,norris,Lando Norris,British,McLaren,6.0,6,8.0,56,Finished,7.0,1:41.322
2022,19,United States Grand Prix,Circuit of the Americas,USA,2022-10-23,alonso,Fernando Alonso,Spanish,Alpine F1 Team,14.0,7,6.0,56,Finished,8.0,1:41.538
2022,19,United States Grand Prix,Circuit of the Americas,USA,2022-10-23,vettel,Sebastian Vettel,German,Aston Martin,10.0,8,4.0,56,Finished,16.0,1:42.546
2022,19,United States Grand Prix,Circuit of the Americas,USA,2022-10-23,kevin_magnussen,Kevin Magnussen,Danish,Haas F1 Team,13.0,9,2.0,56,Finished,11.0,1:42.206
2022,19,United States Grand Prix,Circuit of the Americas,USA,2022-10-23,tsunoda,Yuki Tsunoda,Japanese,AlphaTauri,19.0,10,1.0,56,Finished,6.0,1:41.243
2022,19,United States Grand Prix,Circuit of the Americas,USA,2022-10-23,ocon,Esteban Ocon,French,Alpine F1 Team,,11,0.0,56,Finished,13.0,1:42.394
2022,19,United States Grand Prix,Circuit of the Americas,USA,2022-10-23,zhou,Guanyu Zhou,Chinese,Alfa Romeo,18.0,12,0.0,56,Finished,15.0,1:42.471
2022,19,United States Grand Prix,Circuit of the Americas,USA,2022-10-23,albon,Alexander Albon,Thai,Williams,8.0,13,0.0,56,Finished,9.0,1:41.674
2022,19,United States Grand Prix,Circuit of the Americas,USA,2022-10-23,gasly,Pierre Gasly,French,AlphaTauri,11.0,14,0.0,56,Finished,12.0,1:42.320
2022,19,United States Grand Prix,Circuit of the Americas,USA,2022-10-23,mick_schumacher,Mick Schumacher,German,Haas F1 Team,16.0,15,0.0,56,Finished,10.0,1:41.804
2022,19,United States Grand Prix,Circuit of the Americas,USA,2022-10-23,ricciardo,Daniel Ricciardo,Australian,McLaren,15.0,16,0.0,56,Finished,14.0,1:42.420
2022,19,United States Grand Prix,Circuit of the Americas,USA,2022-10-23,latifi,Nicholas Latifi,Canadian,Williams,17.0,17,0.0,56,Finished,19.0,1:43.485
2022,19,United States Grand Prix,Circuit of the Americas,USA,2022-10-23,stroll,Lance Stroll,Canadian,Aston Martin,5.0,18,0.0,21,Collision,17.0,1:43.080
2022,19,United States Grand Prix,Circuit of the Americas,USA,2022-10-23,bottas,Valtteri Bottas,Finnish,Alfa Romeo,7.0,19,0.0,16,Spun off,18.0,1:43.391
2022,19,United States Grand Prix,Circuit of the Americas,USA,2022-10-23,sainz,Carlos Sainz,Spanish,Ferrari,1.0,20,0.0,1,Collision damage,,
2022,20,Mexico City Grand Prix,Autódromo Hermanos Rodríguez,Mexico,2022-10-30,max_verstappen,Max Verstappen,Dutch,Red Bull,1.0,1,25.0,71,Finished,4.0,1:22.046
2022,20,Mexico City Grand Prix,Autódromo Hermanos Rodríguez,Mexico,2022-10-30,hamilton,Lewis Hamilton,British,Mercedes,3.0,2,18.0,71,Finished,5.0,1:22.062
2022,20,Mexico City Grand Prix,Autódromo Hermanos Rodríguez,Mexico,2022-10-30,perez,Sergio Pérez,Mexican,Red Bull,4.0,3,15.0,71,Finished,2.0,1:21.775
2022,20,Mexico City Grand Prix,Autódromo Hermanos Rodríguez,Mexico,2022-10-30,russell,George Russell,British,Mercedes,2.0,4,13.0,71,Finished,1.0,1:20.153
2022,20,Mexico City Grand Prix,Autódromo Hermanos Rodríguez,Mexico,2022-10-30,sainz,Carlos Sainz,Spanish,Ferrari,5.0,5,10.0,71,Finished,6.0,1:22.199
2022,20,Mexico City Grand Prix,Autódromo Hermanos Rodríguez,Mexico,2022-10-30,leclerc,Charles Leclerc,Monegasque,Ferrari,7.0,6,8.0,71,Finished,10.0,1:22.603
2022,20,Mexico City Grand Prix,Autódromo Hermanos Rodríguez,Mexico,2022-10-30,ricciardo,Daniel Ricciardo,Australian,McLaren,11.0,7,6.0,70,+1 Lap,3.0,1:22.022
2022,20,Mexico City Grand Prix,Autódromo Hermanos Rodríguez,Mexico,2022-10-30,ocon,Esteban Ocon,French,Alpine F1 Team,10.0,8,4.0,70,+1 Lap,14.0,1:23.279
2022,20,Mexico City Grand Prix,Autódromo Hermanos Rodríguez,Mexico,2022-10-30,norris,Lando Norris,British,McLaren,8.0,9,2.0,70,+1 Lap,17.0,1:23.402
2022,20,Mexico City Grand Prix,Autódromo Hermanos Rodríguez,Mexico,2022-10-30,bottas,Valtteri Bottas,Finnish,Alfa Romeo,6.0,10,1.0,70,+1 Lap,16.0,1:23.363
2022,20,Mexico City Grand Prix,Autódromo Hermanos Rodríguez,Mexico,2022-10-30,gasly,Pierre Gasly,French,AlphaTauri,14.0,11,0.0,70,+1 Lap,8.0,1:22.277
2022,20,Mexico City Grand Prix,Autódromo Hermanos Rodríguez,Mexico,2022-10-30,albon,Alexander Albon,Thai,Williams,17.0,12,0.0,70,+1 Lap,12.0,1:22.914
2022,20,Mexico City Grand Prix,Autódromo Hermanos Rodríguez,Mexico,2022-10-30,zhou,Guanyu Zhou,Chinese,Alfa Romeo,12.0,13,0.0,70,+1 Lap,7.0,1:22.260
2022,20,Mexico City Grand Prix,Autódromo Hermanos Rodríguez,Mexico,2022-10-30,vettel,Sebastian Vettel,German,Aston Martin,16.0,14,0.0,70,+1 Lap,13.0,1:23.086
2022,20,Mexico City Grand Prix,Autódromo Hermanos Rodríguez,Mexico,2022-10-30,stroll,Lance Stroll,Canadian,Aston Martin,20.0,15,0.0,70,+1 Lap,9.0,1:22.463
2022,20,Mexico City Grand Prix,Autódromo Hermanos Rodríguez,Mexico,2022-10-30,mick_schumacher,Mick Schumacher,German,Haas F1 Team,15.0,16,0.0,70,+1 Lap,19.0,1:23.641
2022,20,Mexico City Grand Prix,Autódromo Hermanos Rodríguez,Mexico,2022-10-30,kevin_magnussen,Kevin Magnussen,Danish,Haas F1 Team,19.0,17,0.0,70,+1 Lap,15.0,1:23.300
2022,20,Mexico City Grand Prix,Autódromo Hermanos Rodríguez,Mexico,2022-10-30,latifi,Nicholas Latifi,Canadian,Williams,18.0,18,0.0,69,+2 Laps,20.0,1:23.709
2022,20,Mexico City Grand Prix,Autódromo Hermanos Rodríguez,Mexico,2022-10-30,alonso,Fernando Alonso,Spanish,Alpine F1 Team,9.0,19,0.0,63,Engine,11.0,1:22.866
2022,20,Mexico City Grand Prix,Autódromo Hermanos Rodríguez,Mexico,2022-10-30,tsunoda,Yuki Tsunoda,Japanese,AlphaTauri,13.0,20,0.0,50,Collision damage,18.0,1:23.403
2022,21,São Paulo Grand Prix,Autódromo José Carlos Pace,Brazil,2022-11-13,russell,George Russell,British,Mercedes,1.0,1,26.0,71,Finished,1.0,1:13.785
2022,21,São Paulo Grand Prix,Autódromo José Carlos Pace,Brazil,2022-11-13,hamilton,Lewis Hamilton,British,Mercedes,2.0,2,18.0,71,Finished,2.0,1:13.942
2022,21,São Paulo Grand Prix,Autódromo José Carlos Pace,Brazil,2022-11-13,sainz,Carlos Sainz,Spanish,Ferrari,7.0,3,15.0,71,Finished,3.0,1:13.953
2022,21,São Paulo Grand Prix,Autódromo José Carlos Pace,Brazil,2022-11-13,leclerc,Charles Leclerc,Monegasque,Ferrari,5.0,4,12.0,71,Finished,6.0,1:14.253
2022,21,São Paulo Grand Prix,Autódromo José Carlos Pace,Brazil,2022-11-13,alonso,Fernando Alonso,Spanish,Alpine F1 Team,17.0,5,10.0,71,Finished,4.0,1:14.164
2022,21,São Paulo Grand Prix,Autódromo José Carlos Pace,Brazil,2022-11-13,max_verstappen,Max Verstappen,Dutch,Red Bull,3.0,6,8.0,71,Finished,5.0,1:14.195
2022,21,São Paulo Grand Prix,Autódromo José Carlos Pace,Brazil,2022-11-13,perez,Sergio Pérez,Mexican,Red Bull,4.0,7,6.0,71,Finished,7.0,1:14.283
2022,21,São Paulo Grand Prix,Autódromo José Carlos Pace,Brazil,2022-11-13,ocon,Esteban Ocon,French,Alpine F1 Team,16.0,8,4.0,71,Finished,9.0,1:15.093
2022,21,São Paulo Grand Prix,Autódromo José Carlos Pace,Brazil,2022-11-13,bottas,Valtteri Bottas,Finnish,Alfa Romeo,14.0,9,2.0,71,Finished,14.0,1:15.511
2022,21,São Paulo Grand Prix,Autódromo José Carlos Pace,Brazil,2022-11-13,stroll,Lance Stroll,Canadian,Aston Martin,15.0,10,1.0,71,Finished,8.0,1:14.831
2022,21,São Paulo Grand Prix,Autódromo José Carlos Pace,Brazil,2022-11-13,vettel,Sebastian Vettel,German,Aston Martin,9.0,11,0.0,71,Finished,15.0,1:15.549
2022,21,São Paulo Grand Prix,Autódromo José Carlos Pace,Brazil,2022-11-13,zhou,Guanyu Zhou,Chinese,Alfa Romeo,13.0,12,0.0,71,Finished,17.0,1:15.802
2022,21,São Paulo Grand Prix,Autódromo José Carlos Pace,Brazil,2022-11-13,mick_schumacher,Mick Schumacher,German,Haas F1 Team,12.0,13,0.0,71,Finished,10.0,1:15.251
2022,21,São Paulo Grand Prix,Autódromo José Carlos Pace,Brazil,2022-11-13,gasly,Pierre Gasly,French,AlphaTauri,10.0,14,0.0,71,Finished,12.0,1:15.327
2022,21,São Paulo Grand Prix,Autódromo José Carlos Pace,Brazil,2022-11-13,albon,Alexander Albon,Thai,Williams,19.0,15,0.0,71,Finished,16.0,1:15.613
2022,21,São Paulo Grand Prix,Autódromo José Carlos Pace,Brazil,2022-11-13,latifi,Nicholas Latifi,Canadian,Williams,18.0,16,0.0,71,Finished,11.0,1:15.327
2022,21,São Paulo Grand Prix,Autódromo José Carlos Pace,Brazil,2022-11-13,tsunoda,Yuki Tsunoda,Japanese,AlphaTauri,,17,0.0,70,+1 Lap,13.0,1:15.508
2022,21,São Paulo Grand Prix,Autódromo José Carlos Pace,Brazil,2022-11-13,norris,Lando Norris,British,McLaren,6.0,18,0.0,50,Gearbox,18.0,1:15.855
2022,21,São Paulo Grand Prix,Autódromo José Carlos Pace,Brazil,2022-11-13,kevin_magnussen,Kevin Magnussen,Danish,Haas F1 Team,8.0,19,0.0,0,Collision,,
2022,21,São Paulo Grand Prix,Autódromo José Carlos Pace,Brazil,2022-11-13,ricciardo,Daniel Ricciardo,Australian,McLaren,11.0,20,0.0,0,Collision,,
2022,22,Abu Dhabi Grand Prix,Yas Marina Circuit,UAE,2022-11-20,max_verstappen,Max Verstappen,Dutch,Red Bull,1.0,1,25.0,58,Finished,6.0,1:29.392
2022,22,Abu Dhabi Grand Prix,Yas Marina Circuit,UAE,2022-11-20,leclerc,Charles Leclerc,Monegasque,Ferrari,3.0,2,18.0,58,Finished,10.0,1:29.719
2022,22,Abu Dhabi Grand Prix,Yas Marina Circuit,UAE,2022-11-20,perez,Sergio Pérez,Mexican,Red Bull,2.0,3,15.0,58,Finished,4.0,1:28.972
2022,22,Abu Dhabi Grand Prix,Yas Marina Circuit,UAE,2022-11-20,sainz,Carlos Sainz,Spanish,Ferrari,4.0,4,12.0,58,Finished,3.0,1:28.879
2022,22,Abu Dhabi Grand Prix,Yas Marina Circuit,UAE,2022-11-20,russell,George Russell,British,Mercedes,6.0,5,10.0,58,Finished,2.0,1:28.836
2022,22,Abu Dhabi Grand Prix,Yas Marina Circuit,UAE,2022-11-20,norris,Lando Norris,British,McLaren,7.0,6,9.0,58,Finished,1.0,1:28.391
2022,22,Abu Dhabi Grand Prix,Yas Marina Circuit,UAE,2022-11-20,ocon,Esteban Ocon,French,Alpine F1 Team,8.0,7,6.0,58,Finished,5.0,1:29.333
2022,22,Abu Dhabi Grand Prix,Yas Marina Circuit,UAE,2022-11-20,stroll,Lance Stroll,Canadian,Aston Martin,14.0,8,4.0,58,Finished,9.0,1:29.620
2022,22,Abu Dhabi Grand Prix,Yas Marina Circuit,UAE,2022-11-20,ricciardo,Daniel Ricciardo,Australian,McLaren,13.0,9,2.0,58,Finished,18.0,1:30.785
2022,22,Abu Dhabi Grand Prix,Yas Marina Circuit,UAE,2022-11-20,vettel,Sebastian Vettel,German,Aston Martin,9.0,10,1.0,58,Finished,15.0,1:30.312
2022,22,Abu Dhabi Grand Prix,Yas Marina Circuit,UAE,2022-11-20,tsunoda,Yuki Tsunoda,Japanese,AlphaTauri,11.0,11,0.0,58,Finished,7.0,1:29.489
2022,22,Abu Dhabi Grand Prix,Yas Marina Circuit,UAE,2022-11-20,zhou,Guanyu Zhou,Chinese,Alfa Romeo,15.0,12,0.0,57,+1 Lap,8.0,1:29.600
2022,22,Abu Dhabi Grand Prix,Yas Marina Circuit,UAE,2022-11-20,albon,Alexander Albon,Thai,Williams,19.0,13,0.0,57,+1 Lap,13.0,1:29.939
2022,22,Abu Dhabi Grand Prix,Yas Marina Circuit,UAE,2022-11-20,gasly,Pierre Gasly,French,AlphaTauri,17.0,14,0.0,57,+1 Lap,19.0,1:31.081
2022,22,Abu Dhabi Grand Prix,Yas Marina Circuit,UAE,2022-11-20,bottas,Valtteri Bottas,Finnish,Alfa Romeo,18.0,15,0.0,57,+1 Lap,16.0,1:30.352
2022,22,Abu Dhabi Grand Prix,Yas Marina Circuit,UAE,2022-11-20,mick_schumacher,Mick Schumacher,German,Haas F1 Team,12.0,16,0.0,57,+1 Lap,12.0,1:29.833
2022,22,Abu Dhabi Grand Prix,Yas Marina Circuit,UAE,2022-11-20,kevin_magnussen,Kevin Magnussen,Danish,Haas F1 Team,16.0,17,0.0,57,+1 Lap,20.0,1:31.158
2022,22,Abu Dhabi Grand Prix,Yas Marina Circuit,UAE,2022-11-20,hamilton,Lewis Hamilton,British,Mercedes,5.0,18,0.0,55,Hydraulics,11.0,1:29.788
2022,22,Abu Dhabi Grand Prix,Yas Marina Circuit,UAE,2022-11-20,latifi,Nicholas Latifi,Canadian,Williams,20.0,19,0.0,55,Collision damage,14.0,1:30.309
2022,22,Abu Dhabi Grand Prix,Yas Marina Circuit,UAE,2022-11-20,alonso,Fernando Alonso,Spanish,Alpine F1 Team,10.0,20,0.0,27,Water leak,17.0,1:30.579
2023,1,Bahrain Grand Prix,Bahrain International Circuit,Bahrain,2023-03-05,max_verstappen,Max Verstappen,Dutch,Red Bull,1.0,1,25.0,57,Finished,6.0,1:36.236
2023,1,Bahrain Grand Prix,Bahrain International Circuit,Bahrain,2023-03-05,perez,Sergio Pérez,Mexican,Red Bull,2.0,2,18.0,57,Finished,7.0,1:36.344
2023,1,Bahrain Grand Prix,Bahrain International Circuit,Bahrain,2023-03-05,alonso,Fernando Alonso,Spanish,Aston Martin,5.0,3,15.0,57,Finished,5.0,1:36.156
2023,1,Bahrain Grand Prix,Bahrain International Circuit,Bahrain,2023-03-05,sainz,Carlos Sainz,Spanish,Ferrari,4.0,4,12.0,57,Finished,14.0,1:37.130
2023,1,Bahrain Grand Prix,Bahrain International Circuit,Bahrain,2023-03-05,hamilton,Lewis Hamilton,British,Mercedes,7.0,5,10.0,57,Finished,10.0,1:36.546
2023,1,Bahrain Grand Prix,Bahrain International Circuit,Bahrain,2023-03-05,stroll,Lance Stroll,Canadian,Aston Martin,8.0,6,8.0,57,Finished,9.0,1:36.546
2023,1,Bahrain Grand Prix,Bahrain International Circuit,Bahrain,2023-03-05,russell,George Russell,British,Mercedes,6.0,7,6.0,57,Finished,17.0,1:37.221
2023,1,Bahrain Grand Prix,Bahrain International Circuit,Bahrain,2023-03-05,bottas,Valtteri Bottas,Finnish,Alfa Romeo,12.0,8,4.0,57,Finished,18.0,1:37.379
2023,1,Bahrain Grand Prix,Bahrain International Circuit,Bahrain,2023-03-05,gasly,Pierre Gasly,French,Alpine F1 Team,20.0,9,2.0,57,Finished,2.0,1:35.068
2023,1,Bahrain Grand Prix,Bahrain International Circuit,Bahrain,2023-03-05,albon,Alexander Albon,Thai,Williams,15.0,10,1.0,57,Finished,15.0,1:37.144
2023,1,Bahrain Grand Prix,Bahrain International Circuit,Bahrain,2023-03-05,tsunoda,Yuki Tsunoda,Japanese,AlphaTauri,14.0,11,0.0,57,Finished,12.0,1:36.637
2023,1,Bahrain Grand Prix,Bahrain International Circuit,Bahrain,2023-03-05,sargeant,Logan Sargeant,American,Williams,16.0,12,0.0,56,Lapped,4.0,1:36.037
2023,1,Bahrain Grand Prix,Bahrain International Circuit,Bahrain,2023-03-05,kevin_magnussen,Kevin Magnussen,Danish,Haas F1 Team,17.0,13,0.0,56,Lapped,8.0,1:36.471
2023,1,Bahrain Grand Prix,Bahrain International Circuit,Bahrain,2023-03-05,de_vries,Nyck de Vries,Dutch,AlphaTauri,19.0,14,0.0,56,Lapped,19.0,1:37.709
2023,1,Bahrain Grand Prix,Bahrain International Circuit,Bahrain,2023-03-05,hulkenberg,Nico Hülkenberg,German,Haas F1 Team,10.0,15,0.0,56,Lapped,11.0,1:36.616
2023,1,Bahrain Grand Prix,Bahrain International Circuit,Bahrain,2023-03-05,zhou,Guanyu Zhou,Chinese,Alfa Romeo,13.0,16,0.0,56,Lapped,1.0,1:33.996
2023,1,Bahrain Grand Prix,Bahrain International Circuit,Bahrain,2023-03-05,norris,Lando Norris,British,McLaren,11.0,17,0.0,55,Lapped,3.0,1:35.822
2023,1,Bahrain Grand Prix,Bahrain International Circuit,Bahrain,2023-03-05,ocon,Esteban Ocon,French,Alpine F1 Team,9.0,18,0.0,41,Retired,13.0,1:36.797
2023,1,Bahrain Grand Prix,Bahrain International Circuit,Bahrain,2023-03-05,leclerc,Charles Leclerc,Monegasque,Ferrari,3.0,19,0.0,39,Retired,16.0,1:37.170
2023,1,Bahrain Grand Prix,Bahrain International Circuit,Bahrain,2023-03-05,piastri,Oscar Piastri,Australian,McLaren,18.0,20,0.0,13,Retired,20.0,1:40.691
2023,2,Saudi Arabian Grand Prix,Jeddah Corniche Circuit,Saudi Arabia,2023-03-19,perez,Sergio Pérez,Mexican,Red Bull,1.0,1,25.0,50,Finished,2.0,1:32.188
2023,2,Saudi Arabian Grand Prix,Jeddah Corniche Circuit,Saudi Arabia,2023-03-19,max_verstappen,Max Verstappen,Dutch,Red Bull,15.0,2,19.0,50,Finished,1.0,1:31.906
2023,2,Saudi Arabian Grand Prix,Jeddah Corniche Circuit,Saudi Arabia,2023-03-19,alonso,Fernando Alonso,Spanish,Aston Martin,2.0,3,15.0,50,Finished,3.0,1:32.240
2023,2,Saudi Arabian Grand Prix,Jeddah Corniche Circuit,Saudi Arabia,2023-03-19,russell,George Russell,British,Mercedes,3.0,4,12.0,50,Finished,4.0,1:32.433
2023,2,Saudi Arabian Grand Prix,Jeddah Corniche Circuit,Saudi Arabia,2023-03-19,hamilton,Lewis Hamilton,British,Mercedes,7.0,5,10.0,50,Finished,6.0,1:32.941
2023,2,Saudi Arabian Grand Prix,Jeddah Corniche Circuit,Saudi Arabia,2023-03-19,sainz,Carlos Sainz,Spanish,Ferrari,4.0,6,8.0,50,Finished,5.0,1:32.822
2023,2,Saudi Arabian Grand Prix,Jeddah Corniche Circuit,Saudi Arabia,2023-03-19,leclerc,Charles Leclerc,Monegasque,Ferrari,12.0,7,6.0,50,Finished,7.0,1:33.056
2023,2,Saudi Arabian Grand Prix,Jeddah Corniche Circuit,Saudi Arabia,2023-03-19,ocon,Esteban Ocon,French,Alpine F1 Team,6.0,8,4.0,50,Finished,8.0,1:33.222
2023,2,Saudi Arabian Grand Prix,Jeddah Corniche Circuit,Saudi Arabia,2023-03-19,gasly,Pierre Gasly,French,Alpine F1 Team,9.0,9,2.0,50,Finished,10.0,1:33.392
2023,2,Saudi Arabian Grand Prix,Jeddah Corniche Circuit,Saudi Arabia,2023-03-19,kevin_magnussen,Kevin Magnussen,Danish,Haas F1 Team,13.0,10,1.0,50,Finished,9.0,1:33.374
2023,2,Saudi Arabian Grand Prix,Jeddah Corniche Circuit,Saudi Arabia,2023-03-19,tsunoda,Yuki Tsunoda,Japanese,AlphaTauri,16.0,11,0.0,50,Finished,14.0,1:33.931
2023,2,Saudi Arabian Grand Prix,Jeddah Corniche Circuit,Saudi Arabia,2023-03-19,hulkenberg,Nico Hülkenberg,German,Haas F1 Team,10.0,12,0.0,50,Finished,12.0,1:33.780
2023,2,Saudi Arabian Grand Prix,Jeddah Corniche Circuit,Saudi Arabia,2023-03-19,zhou,Guanyu Zhou,Chinese,Alfa Romeo,11.0,13,0.0,50,Finished,13.0,1:33.894
2023,2,Saudi Arabian Grand Prix,Jeddah Corniche Circuit,Saudi Arabia,2023-03-19,de_vries,Nyck de Vries,Dutch,AlphaTauri,18.0,14,0.0,50,Finished,11.0,1:33.609
2023,2,Saudi Arabian Grand Prix,Jeddah Corniche Circuit,Saudi Arabia,2023-03-19,piastri,Oscar Piastri,Australian,McLaren,8.0,15,0.0,50,Finished,16.0,1:34.287
2023,2,Saudi Arabian Grand Prix,Jeddah Corniche Circuit,Saudi Arabia,2023-03-19,sargeant,Logan Sargeant,American,Williams,20.0,16,0.0,50,Finished,18.0,1:34.469
2023,2,Saudi Arabian Grand Prix,Jeddah Corniche Circuit,Saudi Arabia,2023-03-19,norris,Lando Norris,British,McLaren,19.0,17,0.0,50,Finished,15.0,1:34.122
2023,2,Saudi Arabian Grand Prix,Jeddah Corniche Circuit,Saudi Arabia,2023-03-19,bottas,Valtteri Bottas,Finnish,Alfa Romeo,14.0,18,0.0,49,Lapped,17.0,1:34.384
2023,2,Saudi Arabian Grand Prix,Jeddah Corniche Circuit,Saudi Arabia,2023-03-19,albon,Alexander Albon,Thai,Williams,17.0,19,0.0,27,Retired,20.0,1:35.567
2023,2,Saudi Arabian Grand Prix,Jeddah Corniche Circuit,Saudi Arabia,2023-03-19,stroll,Lance Stroll,Canadian,Aston Martin,5.0,20,0.0,16,Retired,19.0,1:35.140
2023,3,Australian Grand Prix,Albert Park Grand Prix Circuit,Australia,2023-04-02,max_verstappen,Max Verstappen,Dutch,Red Bull,1.0,1,25.0,58,Finished,2.0,1:20.342
2023,3,Australian Grand Prix,Albert Park Grand Prix Circuit,Australia,2023-04-02,hamilton,Lewis Hamilton,British,Mercedes,3.0,2,18.0,58,Finished,5.0,1:20.613
2023,3,Australian Grand Prix,Albert Park Grand Prix Circuit,Australia,2023-04-02,alonso,Fernando Alonso,Spanish,Aston Martin,4.0,3,15.0,58,Finished,4.0,1:20.476
2023,3,Australian Grand Prix,Albert Park Grand Prix Circuit,Australia,2023-04-02,stroll,Lance Stroll,Canadian,Aston Martin,6.0,4,12.0,58,Finished,6.0,1:20.934
2023,3,Australian Grand Prix,Albert Park Grand Prix Circuit,Australia,2023-04-02,perez,Sergio Pérez,Mexican,Red Bull,20.0,5,11.0,58,Finished,1.0,1:20.235
2023,3,Australian Grand Prix,Albert Park Grand Prix Circuit,Australia,2023-04-02,norris,Lando Norris,British,McLaren,13.0,6,8.0,58,Finished,9.0,1:21.173
2023,3,Australian Grand Prix,Albert Park Grand Prix Circuit,Australia,2023-04-02,hulkenberg,Nico Hülkenberg,German,Haas F1 Team,10.0,7,6.0,58,Finished,8.0,1:21.124
2023,3,Australian Grand Prix,Albert Park Grand Prix Circuit,Australia,2023-04-02,piastri,Oscar Piastri,Australian,McLaren,16.0,8,4.0,58,Finished,12.0,1:21.335
2023,3,Australian Grand Prix,Albert Park Grand Prix Circuit,Australia,2023-04-02,zhou,Guanyu Zhou,Chinese,Alfa Romeo,17.0,9,2.0,58,Finished,16.0,1:21.819
2023,3,Australian Grand Prix,Albert Park Grand Prix Circuit,Australia,2023-04-02,tsunoda,Yuki Tsunoda,Japanese,AlphaTauri,12.0,10,1.0,58,Finished,15.0,1:21.789
2023,3,Australian Grand Prix,Albert Park Grand Prix Circuit,Australia,2023-04-02,bottas,Valtteri Bottas,Finnish,Alfa Romeo,19.0,11,0.0,58,Finished,17.0,1:22.233
2023,3,Australian Grand Prix,Albert Park Grand Prix Circuit,Australia,2023-04-02,sainz,Carlos Sainz,Spanish,Ferrari,5.0,12,0.0,58,Finished,3.0,1:20.467
2023,3,Australian Grand Prix,Albert Park Grand Prix Circuit,Australia,2023-04-02,gasly,Pierre Gasly,French,Alpine F1 Team,9.0,13,0.0,56,Retired,7.0,1:20.995
2023,3,Australian Grand Prix,Albert Park Grand Prix Circuit,Australia,2023-04-02,ocon,Esteban Ocon,French,Alpine F1 Team,11.0,14,0.0,56,Retired,11.0,1:21.203
2023,3,Australian Grand Prix,Albert Park Grand Prix Circuit,Australia,2023-04-02,de_vries,Nyck de Vries,Dutch,AlphaTauri,15.0,15,0.0,56,Retired,10.0,1:21.183
2023,3,Australian Grand Prix,Albert Park Grand Prix Circuit,Australia,2023-04-02,sargeant,Logan Sargeant,American,Williams,18.0,16,0.0,56,Retired,13.0,1:21.456
2023,3,Australian Grand Prix,Albert Park Grand Prix Circuit,Australia,2023-04-02,kevin_magnussen,Kevin Magnussen,Danish,Haas F1 Team,14.0,17,0.0,52,Retired,14.0,1:21.685
2023,3,Australian Grand Prix,Albert Park Grand Prix Circuit,Australia,2023-04-02,russell,George Russell,British,Mercedes,2.0,18,0.0,17,Retired,18.0,1:22.680
2023,3,Australian Grand Prix,Albert Park Grand Prix Circuit,Australia,2023-04-02,albon,Alexander Albon,Thai,Williams,8.0,19,0.0,6,Retired,19.0,1:23.349
2023,3,Australian Grand Prix,Albert Park Grand Prix Circuit,Australia,2023-04-02,leclerc,Charles Leclerc,Monegasque,Ferrari,7.0,20,0.0,0,Retired,,
2023,4,Azerbaijan Grand Prix,Baku City Circuit,Azerbaijan,2023-04-30,perez,Sergio Pérez,Mexican,Red Bull,3.0,1,25.0,51,Finished,5.0,1:44.589
2023,4,Azerbaijan Grand Prix,Baku City Circuit,Azerbaijan,2023-04-30,max_verstappen,Max Verstappen,Dutch,Red Bull,2.0,2,18.0,51,Finished,2.0,1:44.232
2023,4,Azerbaijan Grand Prix,Baku City Circuit,Azerbaijan,2023-04-30,leclerc,Charles Leclerc,Monegasque,Ferrari,1.0,3,15.0,51,Finished,4.0,1:44.561
2023,4,Azerbaijan Grand Prix,Baku City Circuit,Azerbaijan,2023-04-30,alonso,Fernando Alonso,Spanish,Aston Martin,6.0,4,12.0,51,Finished,3.0,1:44.241
2023,4,Azerbaijan Grand Prix,Baku City Circuit,Azerbaijan,2023-04-30,sainz,Carlos Sainz,Spanish,Ferrari,4.0,5,10.0,51,Finished,6.0,1:45.175
2023,4,Azerbaijan Grand Prix,Baku City Circuit,Azerbaijan,2023-04-30,hamilton,Lewis Hamilton,British,Mercedes,5.0,6,8.0,51,Finished,7.0,1:45.346
2023,4,Azerbaijan Grand Prix,Baku City Circuit,Azerbaijan,2023-04-30,stroll,Lance Stroll,Canadian,Aston Martin,9.0,7,6.0,51,Finished,9.0,1:45.627
2023,4,Azerbaijan Grand Prix,Baku City Circuit,Azerbaijan,2023-04-30,russell,George Russell,British,Mercedes,11.0,8,5.0,51,Finished,1.0,1:43.370
2023,4,Azerbaijan Grand Prix,Baku City Circuit,Azerbaijan,2023-04-30,norris,Lando Norris,British,McLaren,7.0,9,2.0,51,Finished,12.0,1:45.738
2023,4,Azerbaijan Grand Prix,Baku City Circuit,Azerbaijan,2023-04-30,tsunoda,Yuki Tsunoda,Japanese,AlphaTauri,8.0,10,1.0,51,Finished,11.0,1:45.727
2023,4,Azerbaijan Grand Prix,Baku City Circuit,Azerbaijan,2023-04-30,piastri,Oscar Piastri,Australian,McLaren,10.0,11,0.0,51,Finished,10.0,1:45.631
2023,4,Azerbaijan Grand Prix,Baku City Circuit,Azerbaijan,2023-04-30,albon,Alexander Albon,Thai,Williams,12.0,12,0.0,51,Finished,15.0,1:45.925
2023,4,Azerbaijan Grand Prix,Baku City Circuit,Azerbaijan,2023-04-30,kevin_magnussen,Kevin Magnussen,Danish,Haas F1 Team,16.0,13,0.0,51,Finished,13.0,1:45.850
2023,4,Azerbaijan Grand Prix,Baku City Circuit,Azerbaijan,2023-04-30,gasly,Pierre Gasly,French,Alpine F1 Team,17.0,14,0.0,51,Finished,8.0,1:45.540
2023,4,Azerbaijan Grand Prix,Baku City Circuit,Azerbaijan,2023-04-30,ocon,Esteban Ocon,French,Alpine F1 Team,19.0,15,0.0,51,Finished,14.0,1:45.908
2023,4,Azerbaijan Grand Prix,Baku City Circuit,Azerbaijan,2023-04-30,sargeant,Logan Sargeant,American,Williams,14.0,16,0.0,51,Finished,17.0,1:46.501
2023,4,Azerbaijan Grand Prix,Baku City Circuit,Azerbaijan,2023-04-30,hulkenberg,Nico Hülkenberg,German,Haas F1 Team,20.0,17,0.0,50,Lapped,18.0,1:46.731
2023,4,Azerbaijan Grand Prix,Baku City Circuit,Azerbaijan,2023-04-30,bottas,Valtteri Bottas,Finnish,Alfa Romeo,13.0,18,0.0,50,Lapped,16.0,1:46.304
2023,4,Azerbaijan Grand Prix,Baku City Circuit,Azerbaijan,2023-04-30,zhou,Guanyu Zhou,Chinese,Alfa Romeo,15.0,19,0.0,36,Retired,19.0,1:47.553
2023,4,Azerbaijan Grand Prix,Baku City Circuit,Azerbaijan,2023-04-30,de_vries,Nyck de Vries,Dutch,AlphaTauri,18.0,20,0.0,9,Retired,20.0,1:48.781
2023,5,Miami Grand Prix,Miami International Autodrome,USA,2023-05-07,max_verstappen,Max Verstappen,Dutch,Red Bull,9.0,1,26.0,57,Finished,1.0,1:29.708
2023,5,Miami Grand Prix,Miami International Autodrome,USA,2023-05-07,perez,Sergio Pérez,Mexican,Red Bull,1.0,2,18.0,57,Finished,3.0,1:30.560
2023,5,Miami Grand Prix,Miami International Autodrome,USA,2023-05-07,alonso,Fernando Alonso,Spanish,Aston Martin,2.0,3,15.0,57,Finished,2.0,1:30.519
2023,5,Miami Grand Prix,Miami International Autodrome,USA,2023-05-07,russell,George Russell,British,Mercedes,6.0,4,12.0,57,Finished,7.0,1:31.015
2023,5,Miami Grand Prix,Miami International Autodrome,USA,2023-05-07,sainz,Carlos Sainz,Spanish,Ferrari,3.0,5,10.0,57,Finished,10.0,1:31.362
2023,5,Miami Grand Prix,Miami International Autodrome,USA,2023-05-07,hamilton,Lewis Hamilton,British,Mercedes,13.0,6,8.0,57,Finished,4.0,1:30.669
2023,5,Miami Grand Prix,Miami International Autodrome,USA,2023-05-07,leclerc,Charles Leclerc,Monegasque,Ferrari,7.0,7,6.0,57,Finished,11.0,1:31.434
2023,5,Miami Grand Prix,Miami International Autodrome,USA,2023-05-07,gasly,Pierre Gasly,French,Alpine F1 Team,5.0,8,4.0,57,Finished,17.0,1:31.971
2023,5,Miami Grand Prix,Miami International Autodrome,USA,2023-05-07,ocon,Esteban Ocon,French,Alpine F1 Team,8.0,9,2.0,57,Finished,9.0,1:31.143
2023,5,Miami Grand Prix,Miami International Autodrome,USA,2023-05-07,kevin_magnussen,Kevin Magnussen,Danish,Haas F1 Team,4.0,10,1.0,57,Finished,13.0,1:31.691
2023,5,Miami Grand Prix,Miami International Autodrome,USA,2023-05-07,tsunoda,Yuki Tsunoda,Japanese,AlphaTauri,17.0,11,0.0,57,Finished,8.0,1:31.038
2023,5,Miami Grand Prix,Miami International Autodrome,USA,2023-05-07,stroll,Lance Stroll,Canadian,Aston Martin,18.0,12,0.0,57,Finished,5.0,1:30.862
2023,5,Miami Grand Prix,Miami International Autodrome,USA,2023-05-07,bottas,Valtteri Bottas,Finnish,Alfa Romeo,10.0,13,0.0,57,Finished,15.0,1:31.838
2023,5,Miami Grand Prix,Miami International Autodrome,USA,2023-05-07,albon,Alexander Albon,Thai,Williams,11.0,14,0.0,57,Finished,16.0,1:31.852
2023,5,Miami Grand Prix,Miami International Autodrome,USA,2023-05-07,hulkenberg,Nico Hülkenberg,German,Haas F1 Team,12.0,15,0.0,57,Finished,6.0,1:30.901
2023,5,Miami Grand Prix,Miami International Autodrome,USA,2023-05-07,zhou,Guanyu Zhou,Chinese,Alfa Romeo,14.0,16,0.0,57,Finished,14.0,1:31.736
2023,5,Miami Grand Prix,Miami International Autodrome,USA,2023-05-07,norris,Lando Norris,British,McLaren,16.0,17,0.0,57,Finished,20.0,1:32.401
2023,5,Miami Grand Prix,Miami International Autodrome,USA,2023-05-07,de_vries,Nyck de Vries,Dutch,AlphaTauri,15.0,18,0.0,57,Finished,12.0,1:31.562
2023,5,Miami Grand Prix,Miami International Autodrome,USA,2023-05-07,piastri,Oscar Piastri,Australian,McLaren,19.0,19,0.0,56,Lapped,18.0,1:32.006
2023,5,Miami Grand Prix,Miami International Autodrome,USA,2023-05-07,sargeant,Logan Sargeant,American,Williams,20.0,20,0.0,56,Lapped,19.0,1:32.384
2023,6,Monaco Grand Prix,Circuit de Monaco,Monaco,2023-05-28,max_verstappen,Max Verstappen,Dutch,Red Bull,1.0,1,25.0,78,Finished,7.0,1:16.604
2023,6,Monaco Grand Prix,Circuit de Monaco,Monaco,2023-05-28,alonso,Fernando Alonso,Spanish,Aston Martin,2.0,2,18.0,78,Finished,9.0,1:16.674
2023,6,Monaco Grand Prix,Circuit de Monaco,Monaco,2023-05-28,ocon,Esteban Ocon,French,Alpine F1 Team,3.0,3,15.0,78,Finished,6.0,1:16.528
2023,6,Monaco Grand Prix,Circuit de Monaco,Monaco,2023-05-28,hamilton,Lewis Hamilton,British,Mercedes,5.0,4,13.0,78,Finished,1.0,1:15.650
2023,6,Monaco Grand Prix,Circuit de Monaco,Monaco,2023-05-28,russell,George Russell,British,Mercedes,8.0,5,10.0,78,Finished,10.0,1:16.798
2023,6,Monaco Grand Prix,Circuit de Monaco,Monaco,2023-05-28,leclerc,Charles Leclerc,Monegasque,Ferrari,6.0,6,8.0,78,Finished,2.0,1:15.773
2023,6,Monaco Grand Prix,Circuit de Monaco,Monaco,2023-05-28,gasly,Pierre Gasly,French,Alpine F1 Team,7.0,7,6.0,78,Finished,3.0,1:15.831
2023,6,Monaco Grand Prix,Circuit de Monaco,Monaco,2023-05-28,sainz,Carlos Sainz,Spanish,Ferrari,4.0,8,4.0,78,Finished,5.0,1:16.449
2023,6,Monaco Grand Prix,Circuit de Monaco,Monaco,2023-05-28,norris,Lando Norris,British,McLaren,10.0,9,2.0,77,Lapped,19.0,1:17.844
2023,6,Monaco Grand Prix,Circuit de Monaco,Monaco,2023-05-28,piastri,Oscar Piastri,Australian,McLaren,11.0,10,1.0,77,Lapped,14.0,1:17.513
2023,6,Monaco Grand Prix,Circuit de Monaco,Monaco,2023-05-28,bottas,Valtteri Bottas,Finnish,Alfa Romeo,15.0,11,0.0,77,Lapped,18.0,1:17.824
2023,6,Monaco Grand Prix,Circuit de Monaco,Monaco,2023-05-28,de_vries,Nyck de Vries,Dutch,AlphaTauri,12.0,12,0.0,77,Lapped,15.0,1:17.561
2023,6,Monaco Grand Prix,Circuit de Monaco,Monaco,2023-05-28,zhou,Guanyu Zhou,Chinese,Alfa Romeo,19.0,13,0.0,77,Lapped,11.0,1:16.926
2023,6,Monaco Grand Prix,Circuit de Monaco,Monaco,2023-05-28,albon,Alexander Albon,Thai,Williams,13.0,14,0.0,77,Lapped,8.0,1:16.672
2023,6,Monaco Grand Prix,Circuit de Monaco,Monaco,2023-05-28,tsunoda,Yuki Tsunoda,Japanese,AlphaTauri,9.0,15,0.0,76,Lapped,16.0,1:17.680
2023,6,Monaco Grand Prix,Circuit de Monaco,Monaco,2023-05-28,perez,Sergio Pérez,Mexican,Red Bull,20.0,16,0.0,76,Lapped,4.0,1:16.269
2023,6,Monaco Grand Prix,Circuit de Monaco,Monaco,2023-05-28,hulkenberg,Nico Hülkenberg,German,Haas F1 Team,18.0,17,0.0,76,Lapped,12.0,1:16.991
2023,6,Monaco Grand Prix,Circuit de Monaco,Monaco,2023-05-28,sargeant,Logan Sargeant,American,Williams,16.0,18,0.0,76,Lapped,13.0,1:17.302
2023,6,Monaco Grand Prix,Circuit de Monaco,Monaco,2023-05-28,kevin_magnussen,Kevin Magnussen,Danish,Haas F1 Team,17.0,19,0.0,70,Retired,20.0,1:18.351
2023,6,Monaco Grand Prix,Circuit de Monaco,Monaco,2023-05-28,stroll,Lance Stroll,Canadian,Aston Martin,14.0,20,0.0,53,Retired,17.0,1:17.769
2023,7,Spanish Grand Prix,Circuit de Barcelona-Catalunya,Spain,2023-06-04,max_verstappen,Max Verstappen,Dutch,Red Bull,1.0,1,26.0,66,Finished,1.0,1:16.330
2023,7,Spanish Grand Prix,Circuit de Barcelona-Catalunya,Spain,2023-06-04,hamilton,Lewis Hamilton,British,Mercedes,4.0,2,18.0,66,Finished,3.0,1:16.676
2023,7,Spanish Grand Prix,Circuit de Barcelona-Catalunya,Spain,2023-06-04,russell,George Russell,British,Mercedes,12.0,3,15.0,66,Finished,5.0,1:17.875
2023,7,Spanish Grand Prix,Circuit de Barcelona-Catalunya,Spain,2023-06-04,perez,Sergio Pérez,Mexican,Red Bull,11.0,4,12.0,66,Finished,2.0,1:16.666
2023,7,Spanish Grand Prix,Circuit de Barcelona-Catalunya,Spain,2023-06-04,sainz,Carlos Sainz,Spanish,Ferrari,2.0,5,10.0,66,Finished,11.0,1:18.403
2023,7,Spanish Grand Prix,Circuit de Barcelona-Catalunya,Spain,2023-06-04,stroll,Lance Stroll,Canadian,Aston Martin,5.0,6,8.0,66,Finished,14.0,1:18.722
2023,7,Spanish Grand Prix,Circuit de Barcelona-Catalunya,Spain,2023-06-04,alonso,Fernando Alonso,Spanish,Aston Martin,8.0,7,6.0,66,Finished,7.0,1:18.083
2023,7,Spanish Grand Prix,Circuit de Barcelona-Catalunya,Spain,2023-06-04,ocon,Esteban Ocon,French,Alpine F1 Team,6.0,8,4.0,66,Finished,18.0,1:18.946
2023,7,Spanish Grand Prix,Circuit de Barcelona-Catalunya,Spain,2023-06-04,zhou,Guanyu Zhou,Chinese,Alfa Romeo,13.0,9,2.0,66,Finished,15.0,1:18.753
2023,7,Spanish Grand Prix,Circuit de Barcelona-Catalunya,Spain,2023-06-04,gasly,Pierre Gasly,French,Alpine F1 Team,10.0,10,1.0,66,Finished,10.0,1:18.375
2023,7,Spanish Grand Prix,Circuit de Barcelona-Catalunya,Spain,2023-06-04,leclerc,Charles Leclerc,Monegasque,Ferrari,19.0,11,0.0,66,Finished,9.0,1:18.357
2023,7,Spanish Grand Prix,Circuit de Barcelona-Catalunya,Spain,2023-06-04,tsunoda,Yuki Tsunoda,Japanese,AlphaTauri,15.0,12,0.0,66,Finished,17.0,1:18.904
2023,7,Spanish Grand Prix,Circuit de Barcelona-Catalunya,Spain,2023-06-04,piastri,Oscar Piastri,Australian,McLaren,9.0,13,0.0,65,Lapped,13.0,1:18.679
2023,7,Spanish Grand Prix,Circuit de Barcelona-Catalunya,Spain,2023-06-04,de_vries,Nyck de Vries,Dutch,AlphaTauri,14.0,14,0.0,65,Lapped,12.0,1:18.594
2023,7,Spanish Grand Prix,Circuit de Barcelona-Catalunya,Spain,2023-06-04,hulkenberg,Nico Hülkenberg,German,Haas F1 Team,7.0,15,0.0,65,Lapped,16.0,1:18.776
2023,7,Spanish Grand Prix,Circuit de Barcelona-Catalunya,Spain,2023-06-04,albon,Alexander Albon,Thai,Williams,18.0,16,0.0,65,Lapped,19.0,1:19.133
2023,7,Spanish Grand Prix,Circuit de Barcelona-Catalunya,Spain,2023-06-04,norris,Lando Norris,British,McLaren,3.0,17,0.0,65,Lapped,4.0,1:17.182
2023,7,Spanish Grand Prix,Circuit de Barcelona-Catalunya,Spain,2023-06-04,kevin_magnussen,Kevin Magnussen,Danish,Haas F1 Team,17.0,18,0.0,65,Lapped,6.0,1:18.069
2023,7,Spanish Grand Prix,Circuit de Barcelona-Catalunya,Spain,2023-06-04,bottas,Valtteri Bottas,Finnish,Alfa Romeo,16.0,19,0.0,65,Lapped,8.0,1:18.242
2023,7,Spanish Grand Prix,Circuit de Barcelona-Catalunya,Spain,2023-06-04,sargeant,Logan Sargeant,American,Williams,20.0,20,0.0,65,Lapped,20.0,1:19.247
2023,8,Canadian Grand Prix,Circuit Gilles Villeneuve,Canada,2023-06-18,max_verstappen,Max Verstappen,Dutch,Red Bull,1.0,1,25.0,70,Finished,3.0,1:15.594
2023,8,Canadian Grand Prix,Circuit Gilles Villeneuve,Canada,2023-06-18,alonso,Fernando Alonso,Spanish,Aston Martin,2.0,2,18.0,70,Finished,4.0,1:15.779
2023,8,Canadian Grand Prix,Circuit Gilles Villeneuve,Canada,2023-06-18,hamilton,Lewis Hamilton,British,Mercedes,3.0,3,15.0,70,Finished,2.0,1:15.396
2023,8,Canadian Grand Prix,Circuit Gilles Villeneuve,Canada,2023-06-18,leclerc,Charles Leclerc,Monegasque,Ferrari,10.0,4,12.0,70,Finished,5.0,1:15.907
2023,8,Canadian Grand Prix,Circuit Gilles Villeneuve,Canada,2023-06-18,sainz,Carlos Sainz,Spanish,Ferrari,11.0,5,10.0,70,Finished,6.0,1:15.911
2023,8,Canadian Grand Prix,Circuit Gilles Villeneuve,Canada,2023-06-18,perez,Sergio Pérez,Mexican,Red Bull,12.0,6,9.0,70,Finished,1.0,1:14.481
2023,8,Canadian Grand Prix,Circuit Gilles Villeneuve,Canada,2023-06-18,albon,Alexander Albon,Thai,Williams,9.0,7,6.0,70,Finished,16.0,1:16.917
2023,8,Canadian Grand Prix,Circuit Gilles Villeneuve,Canada,2023-06-18,ocon,Esteban Ocon,French,Alpine F1 Team,6.0,8,4.0,70,Finished,15.0,1:16.782
2023,8,Canadian Grand Prix,Circuit Gilles Villeneuve,Canada,2023-06-18,stroll,Lance Stroll,Canadian,Aston Martin,16.0,9,2.0,70,Finished,10.0,1:16.564
2023,8,Canadian Grand Prix,Circuit Gilles Villeneuve,Canada,2023-06-18,bottas,Valtteri Bottas,Finnish,Alfa Romeo,14.0,10,1.0,70,Finished,12.0,1:16.625
2023,8,Canadian Grand Prix,Circuit Gilles Villeneuve,Canada,2023-06-18,piastri,Oscar Piastri,Australian,McLaren,8.0,11,0.0,70,Finished,11.0,1:16.598
2023,8,Canadian Grand Prix,Circuit Gilles Villeneuve,Canada,2023-06-18,gasly,Pierre Gasly,French,Alpine F1 Team,15.0,12,0.0,70,Finished,9.0,1:16.425
2023,8,Canadian Grand Prix,Circuit Gilles Villeneuve,Canada,2023-06-18,norris,Lando Norris,British,McLaren,7.0,13,0.0,70,Finished,8.0,1:16.374
2023,8,Canadian Grand Prix,Circuit Gilles Villeneuve,Canada,2023-06-18,tsunoda,Yuki Tsunoda,Japanese,AlphaTauri,19.0,14,0.0,70,Finished,14.0,1:16.666
2023,8,Canadian Grand Prix,Circuit Gilles Villeneuve,Canada,2023-06-18,hulkenberg,Nico Hülkenberg,German,Haas F1 Team,5.0,15,0.0,69,Lapped,19.0,1:17.232
2023,8,Canadian Grand Prix,Circuit Gilles Villeneuve,Canada,2023-06-18,zhou,Guanyu Zhou,Chinese,Alfa Romeo,20.0,16,0.0,69,Lapped,17.0,1:17.090
2023,8,Canadian Grand Prix,Circuit Gilles Villeneuve,Canada,2023-06-18,kevin_magnussen,Kevin Magnussen,Danish,Haas F1 Team,13.0,17,0.0,69,Lapped,7.0,1:16.126
2023,8,Canadian Grand Prix,Circuit Gilles Villeneuve,Canada,2023-06-18,de_vries,Nyck de Vries,Dutch,AlphaTauri,17.0,18,0.0,69,Lapped,13.0,1:16.656
2023,8,Canadian Grand Prix,Circuit Gilles Villeneuve,Canada,2023-06-18,russell,George Russell,British,Mercedes,4.0,19,0.0,53,Retired,18.0,1:17.097
2023,8,Canadian Grand Prix,Circuit Gilles Villeneuve,Canada,2023-06-18,sargeant,Logan Sargeant,American,Williams,18.0,20,0.0,6,Retired,20.0,1:18.437
2023,9,Austrian Grand Prix,Red Bull Ring,Austria,2023-07-02,max_verstappen,Max Verstappen,Dutch,Red Bull,1.0,1,26.0,71,Finished,1.0,1:07.012
2023,9,Austrian Grand Prix,Red Bull Ring,Austria,2023-07-02,leclerc,Charles Leclerc,Monegasque,Ferrari,2.0,2,18.0,71,Finished,5.0,1:08.820
2023,9,Austrian Grand Prix,Red Bull Ring,Austria,2023-07-02,perez,Sergio Pérez,Mexican,Red Bull,15.0,3,15.0,71,Finished,2.0,1:08.111
2023,9,Austrian Grand Prix,Red Bull Ring,Austria,2023-07-02,norris,Lando Norris,British,McLaren,4.0,4,12.0,71,Finished,4.0,1:08.739
2023,9,Austrian Grand Prix,Red Bull Ring,Austria,2023-07-02,alonso,Fernando Alonso,Spanish,Aston Martin,7.0,5,10.0,71,Finished,8.0,1:09.108
2023,9,Austrian Grand Prix,Red Bull Ring,Austria,2023-07-02,sainz,Carlos Sainz,Spanish,Ferrari,3.0,6,8.0,71,Finished,6.0,1:08.880
2023,9,Austrian Grand Prix,Red Bull Ring,Austria,2023-07-02,russell,George Russell,British,Mercedes,11.0,7,6.0,71,Finished,10.0,1:09.283
2023,9,Austrian Grand Prix,Red Bull Ring,Austria,2023-07-02,hamilton,Lewis Hamilton,British,Mercedes,5.0,8,4.0,71,Finished,9.0,1:09.160
2023,9,Austrian Grand Prix,Red Bull Ring,Austria,2023-07-02,stroll,Lance Stroll,Canadian,Aston Martin,6.0,9,2.0,71,Finished,3.0,1:08.463
2023,9,Austrian Grand Prix,Red Bull Ring,Austria,2023-07-02,gasly,Pierre Gasly,French,Alpine F1 Team,9.0,10,1.0,71,Finished,7.0,1:09.046
2023,9,Austrian Grand Prix,Red Bull Ring,Austria,2023-07-02,albon,Alexander Albon,Thai,Williams,10.0,11,0.0,71,Finished,11.0,1:09.560
2023,9,Austrian Grand Prix,Red Bull Ring,Austria,2023-07-02,zhou,Guanyu Zhou,Chinese,Alfa Romeo,17.0,12,0.0,70,Lapped,14.0,1:09.786
2023,9,Austrian Grand Prix,Red Bull Ring,Austria,2023-07-02,sargeant,Logan Sargeant,American,Williams,18.0,13,0.0,70,Lapped,12.0,1:09.611
2023,9,Austrian Grand Prix,Red Bull Ring,Austria,2023-07-02,ocon,Esteban Ocon,French,Alpine F1 Team,12.0,14,0.0,70,Lapped,15.0,1:09.797
2023,9,Austrian Grand Prix,Red Bull Ring,Austria,2023-07-02,bottas,Valtteri Bottas,Finnish,Alfa Romeo,14.0,15,0.0,70,Lapped,18.0,1:09.940
2023,9,Austrian Grand Prix,Red Bull Ring,Austria,2023-07-02,piastri,Oscar Piastri,Australian,McLaren,13.0,16,0.0,70,Lapped,17.0,1:09.862
2023,9,Austrian Grand Prix,Red Bull Ring,Austria,2023-07-02,de_vries,Nyck de Vries,Dutch,AlphaTauri,20.0,17,0.0,70,Lapped,16.0,1:09.852
2023,9,Austrian Grand Prix,Red Bull Ring,Austria,2023-07-02,kevin_magnussen,Kevin Magnussen,Danish,Haas F1 Team,19.0,18,0.0,70,Lapped,19.0,1:10.176
2023,9,Austrian Grand Prix,Red Bull Ring,Austria,2023-07-02,tsunoda,Yuki Tsunoda,Japanese,AlphaTauri,16.0,19,0.0,70,Lapped,13.0,1:09.620
2023,9,Austrian Grand Prix,Red Bull Ring,Austria,2023-07-02,hulkenberg,Nico Hülkenberg,German,Haas F1 Team,8.0,20,0.0,12,Retired,20.0,1:11.066
2023,10,British Grand Prix,Silverstone Circuit,UK,2023-07-09,max_verstappen,Max Verstappen,Dutch,Red Bull,1.0,1,26.0,52,Finished,1.0,1:30.275
2023,10,British Grand Prix,Silverstone Circuit,UK,2023-07-09,norris,Lando Norris,British,McLaren,2.0,2,18.0,52,Finished,2.0,1:30.543
2023,10,British Grand Prix,Silverstone Circuit,UK,2023-07-09,hamilton,Lewis Hamilton,British,Mercedes,7.0,3,15.0,52,Finished,3.0,1:30.545
2023,10,British Grand Prix,Silverstone Circuit,UK,2023-07-09,piastri,Oscar Piastri,Australian,McLaren,3.0,4,12.0,52,Finished,4.0,1:30.850
2023,10,British Grand Prix,Silverstone Circuit,UK,2023-07-09,russell,George Russell,British,Mercedes,6.0,5,10.0,52,Finished,6.0,1:31.124
2023,10,British Grand Prix,Silverstone Circuit,UK,2023-07-09,perez,Sergio Pérez,Mexican,Red Bull,15.0,6,8.0,52,Finished,5.0,1:30.914
2023,10,British Grand Prix,Silverstone Circuit,UK,2023-07-09,alonso,Fernando Alonso,Spanish,Aston Martin,9.0,7,6.0,52,Finished,9.0,1:31.338
2023,10,British Grand Prix,Silverstone Circuit,UK,2023-07-09,albon,Alexander Albon,Thai,Williams,8.0,8,4.0,52,Finished,8.0,1:31.273
2023,10,British Grand Prix,Silverstone Circuit,UK,2023-07-09,leclerc,Charles Leclerc,Monegasque,Ferrari,4.0,9,2.0,52,Finished,7.0,1:31.255
2023,10,British Grand Prix,Silverstone Circuit,UK,2023-07-09,sainz,Carlos Sainz,Spanish,Ferrari,5.0,10,1.0,52,Finished,10.0,1:31.366
2023,10,British Grand Prix,Silverstone Circuit,UK,2023-07-09,sargeant,Logan Sargeant,American,Williams,14.0,11,0.0,52,Finished,13.0,1:31.699
2023,10,British Grand Prix,Silverstone Circuit,UK,2023-07-09,bottas,Valtteri Bottas,Finnish,Alfa Romeo,20.0,12,0.0,52,Finished,16.0,1:31.852
2023,10,British Grand Prix,Silverstone Circuit,UK,2023-07-09,hulkenberg,Nico Hülkenberg,German,Haas F1 Team,11.0,13,0.0,52,Finished,15.0,1:31.776
2023,10,British Grand Prix,Silverstone Circuit,UK,2023-07-09,stroll,Lance Stroll,Canadian,Aston Martin,12.0,14,0.0,52,Finished,11.0,1:31.508
2023,10,British Grand Prix,Silverstone Circuit,UK,2023-07-09,zhou,Guanyu Zhou,Chinese,Alfa Romeo,17.0,15,0.0,52,Finished,14.0,1:31.769
2023,10,British Grand Prix,Silverstone Circuit,UK,2023-07-09,tsunoda,Yuki Tsunoda,Japanese,AlphaTauri,16.0,16,0.0,52,Finished,17.0,1:32.084
2023,10,British Grand Prix,Silverstone Circuit,UK,2023-07-09,de_vries,Nyck de Vries,Dutch,AlphaTauri,18.0,17,0.0,52,Finished,18.0,1:32.353
2023,10,British Grand Prix,Silverstone Circuit,UK,2023-07-09,gasly,Pierre Gasly,French,Alpine F1 Team,10.0,18,0.0,46,Retired,12.0,1:31.539
2023,10,British Grand Prix,Silverstone Circuit,UK,2023-07-09,kevin_magnussen,Kevin Magnussen,Danish,Haas F1 Team,19.0,19,0.0,31,Retired,19.0,1:33.356
2023,10,British Grand Prix,Silverstone Circuit,UK,2023-07-09,ocon,Esteban Ocon,French,Alpine F1 Team,13.0,20,0.0,9,Retired,20.0,1:33.941
2023,11,Hungarian Grand Prix,Hungaroring,Hungary,2023-07-23,max_verstappen,Max Verstappen,Dutch,Red Bull,2.0,1,26.0,70,Finished,1.0,1:20.504
2023,11,Hungarian Grand Prix,Hungaroring,Hungary,2023-07-23,norris,Lando Norris,British,McLaren,3.0,2,18.0,70,Finished,4.0,1:22.178
2023,11,Hungarian Grand Prix,Hungaroring,Hungary,2023-07-23,perez,Sergio Pérez,Mexican,Red Bull,9.0,3,15.0,70,Finished,5.0,1:22.295
2023,11,Hungarian Grand Prix,Hungaroring,Hungary,2023-07-23,hamilton,Lewis Hamilton,British,Mercedes,1.0,4,12.0,70,Finished,2.0,1:21.601
2023,11,Hungarian Grand Prix,Hungaroring,Hungary,2023-07-23,piastri,Oscar Piastri,Australian,McLaren,4.0,5,10.0,70,Finished,8.0,1:22.736
2023,11,Hungarian Grand Prix,Hungaroring,Hungary,2023-07-23,russell,George Russell,British,Mercedes,18.0,6,8.0,70,Finished,3.0,1:22.158
2023,11,Hungarian Grand Prix,Hungaroring,Hungary,2023-07-23,leclerc,Charles Leclerc,Monegasque,Ferrari,6.0,7,6.0,70,Finished,6.0,1:22.469
2023,11,Hungarian Grand Prix,Hungaroring,Hungary,2023-07-23,sainz,Carlos Sainz,Spanish,Ferrari,11.0,8,4.0,70,Finished,7.0,1:22.584
2023,11,Hungarian Grand Prix,Hungaroring,Hungary,2023-07-23,alonso,Fernando Alonso,Spanish,Aston Martin,8.0,9,2.0,70,Finished,9.0,1:22.745
2023,11,Hungarian Grand Prix,Hungaroring,Hungary,2023-07-23,stroll,Lance Stroll,Canadian,Aston Martin,14.0,10,1.0,69,Lapped,11.0,1:23.425
2023,11,Hungarian Grand Prix,Hungaroring,Hungary,2023-07-23,albon,Alexander Albon,Thai,Williams,16.0,11,0.0,69,Lapped,18.0,1:24.051
2023,11,Hungarian Grand Prix,Hungaroring,Hungary,2023-07-23,bottas,Valtteri Bottas,Finnish,Alfa Romeo,7.0,12,0.0,69,Lapped,14.0,1:23.651
2023,11,Hungarian Grand Prix,Hungaroring,Hungary,2023-07-23,ricciardo,Daniel Ricciardo,Australian,AlphaTauri,13.0,13,0.0,69,Lapped,17.0,1:23.934
2023,11,Hungarian Grand Prix,Hungaroring,Hungary,2023-07-23,hulkenberg,Nico Hülkenberg,German,Haas F1 Team,10.0,14,0.0,69,Lapped,13.0,1:23.573
2023,11,Hungarian Grand Prix,Hungaroring,Hungary,2023-07-23,tsunoda,Yuki Tsunoda,Japanese,AlphaTauri,17.0,15,0.0,69,Lapped,10.0,1:23.269
2023,11,Hungarian Grand Prix,Hungaroring,Hungary,2023-07-23,zhou,Guanyu Zhou,Chinese,Alfa Romeo,5.0,16,0.0,69,Lapped,15.0,1:23.743
2023,11,Hungarian Grand Prix,Hungaroring,Hungary,2023-07-23,kevin_magnussen,Kevin Magnussen,Danish,Haas F1 Team,19.0,17,0.0,69,Lapped,16.0,1:23.864
2023,11,Hungarian Grand Prix,Hungaroring,Hungary,2023-07-23,sargeant,Logan Sargeant,American,Williams,20.0,18,0.0,67,Retired,12.0,1:23.496
2023,11,Hungarian Grand Prix,Hungaroring,Hungary,2023-07-23,ocon,Esteban Ocon,French,Alpine F1 Team,12.0,19,0.0,2,Retired,,
2023,11,Hungarian Grand Prix,Hungaroring,Hungary,2023-07-23,gasly,Pierre Gasly,French,Alpine F1 Team,15.0,20,0.0,1,Retired,,
2023,12,Belgian Grand Prix,Circuit de Spa-Francorchamps,Belgium,2023-07-30,max_verstappen,Max Verstappen,Dutch,Red Bull,6.0,1,25.0,44,Finished,2.0,1:48.922
2023,12,Belgian Grand Prix,Circuit de Spa-Francorchamps,Belgium,2023-07-30,perez,Sergio Pérez,Mexican,Red Bull,2.0,2,18.0,44,Finished,6.0,1:50.308
2023,12,Belgian Grand Prix,Circuit de Spa-Francorchamps,Belgium,2023-07-30,leclerc,Charles Leclerc,Monegasque,Ferrari,1.0,3,15.0,44,Finished,7.0,1:50.436
2023,12,Belgian Grand Prix,Circuit de Spa-Francorchamps,Belgium,2023-07-30,hamilton,Lewis Hamilton,British,Mercedes,3.0,4,13.0,44,Finished,1.0,1:47.305
2023,12,Belgian Grand Prix,Circuit de Spa-Francorchamps,Belgium,2023-07-30,alonso,Fernando Alonso,Spanish,Aston Martin,9.0,5,10.0,44,Finished,13.0,1:50.938
2023,12,Belgian Grand Prix,Circuit de Spa-Francorchamps,Belgium,2023-07-30,russell,George Russell,British,Mercedes,8.0,6,8.0,44,Finished,11.0,1:50.603
2023,12,Belgian Grand Prix,Circuit de Spa-Francorchamps,Belgium,2023-07-30,norris,Lando Norris,British,McLaren,7.0,7,6.0,44,Finished,18.0,1:51.682
2023,12,Belgian Grand Prix,Circuit de Spa-Francorchamps,Belgium,2023-07-30,ocon,Esteban Ocon,French,Alpine F1 Team,14.0,8,4.0,44,Finished,8.0,1:50.439
2023,12,Belgian Grand Prix,Circuit de Spa-Francorchamps,Belgium,2023-07-30,stroll,Lance Stroll,Canadian,Aston Martin,10.0,9,2.0,44,Finished,16.0,1:51.297
2023,12,Belgian Grand Prix,Circuit de Spa-Francorchamps,Belgium,2023-07-30,tsunoda,Yuki Tsunoda,Japanese,AlphaTauri,11.0,10,1.0,44,Finished,17.0,1:51.394
2023,12,Belgian Grand Prix,Circuit de Spa-Francorchamps,Belgium,2023-07-30,gasly,Pierre Gasly,French,Alpine F1 Team,12.0,11,0.0,44,Finished,12.0,1:50.911
2023,12,Belgian Grand Prix,Circuit de Spa-Francorchamps,Belgium,2023-07-30,bottas,Valtteri Bottas,Finnish,Alfa Romeo,13.0,12,0.0,44,Finished,10.0,1:50.515
2023,12,Belgian Grand Prix,Circuit de Spa-Francorchamps,Belgium,2023-07-30,zhou,Guanyu Zhou,Chinese,Alfa Romeo,17.0,13,0.0,44,Finished,5.0,1:50.188
2023,12,Belgian Grand Prix,Circuit de Spa-Francorchamps,Belgium,2023-07-30,albon,Alexander Albon,Thai,Williams,15.0,14,0.0,44,Finished,3.0,1:49.841
2023,12,Belgian Grand Prix,Circuit de Spa-Francorchamps,Belgium,2023-07-30,kevin_magnussen,Kevin Magnussen,Danish,Haas F1 Team,16.0,15,0.0,44,Finished,14.0,1:50.993
2023,12,Belgian Grand Prix,Circuit de Spa-Francorchamps,Belgium,2023-07-30,ricciardo,Daniel Ricciardo,Australian,AlphaTauri,19.0,16,0.0,44,Finished,15.0,1:50.994
2023,12,Belgian Grand Prix,Circuit de Spa-Francorchamps,Belgium,2023-07-30,sargeant,Logan Sargeant,American,Williams,18.0,17,0.0,44,Finished,9.0,1:50.486
2023,12,Belgian Grand Prix,Circuit de Spa-Francorchamps,Belgium,2023-07-30,hulkenberg,Nico Hülkenberg,German,Haas F1 Team,20.0,18,0.0,44,Finished,4.0,1:49.907
2023,12,Belgian Grand Prix,Circuit de Spa-Francorchamps,Belgium,2023-07-30,sainz,Carlos Sainz,Spanish,Ferrari,4.0,19,0.0,23,Retired,19.0,1:53.138
2023,12,Belgian Grand Prix,Circuit de Spa-Francorchamps,Belgium,2023-07-30,piastri,Oscar Piastri,Australian,McLaren,5.0,20,0.0,0,Retired,,
2023,13,Dutch Grand Prix,Circuit Park Zandvoort,Netherlands,2023-08-27,max_verstappen,Max Verstappen,Dutch,Red Bull,1.0,1,25.0,72,Finished,2.0,1:13.889
2023,13,Dutch Grand Prix,Circuit Park Zandvoort,Netherlands,2023-08-27,alonso,Fernando Alonso,Spanish,Aston Martin,5.0,2,19.0,72,Finished,1.0,1:13.837
2023,13,Dutch Grand Prix,Circuit Park Zandvoort,Netherlands,2023-08-27,gasly,Pierre Gasly,French,Alpine F1 Team,12.0,3,15.0,72,Finished,7.0,1:14.441
2023,13,Dutch Grand Prix,Circuit Park Zandvoort,Netherlands,2023-08-27,perez,Sergio Pérez,Mexican,Red Bull,7.0,4,12.0,72,Finished,4.0,1:14.231
2023,13,Dutch Grand Prix,Circuit Park Zandvoort,Netherlands,2023-08-27,sainz,Carlos Sainz,Spanish,Ferrari,6.0,5,10.0,72,Finished,13.0,1:14.934
2023,13,Dutch Grand Prix,Circuit Park Zandvoort,Netherlands,2023-08-27,hamilton,Lewis Hamilton,British,Mercedes,13.0,6,8.0,72,Finished,3.0,1:13.904
2023,13,Dutch Grand Prix,Circuit Park Zandvoort,Netherlands,2023-08-27,norris,Lando Norris,British,McLaren,2.0,7,6.0,72,Finished,6.0,1:14.390
2023,13,Dutch Grand Prix,Circuit Park Zandvoort,Netherlands,2023-08-27,albon,Alexander Albon,Thai,Williams,4.0,8,4.0,72,Finished,8.0,1:14.468
2023,13,Dutch Grand Prix,Circuit Park Zandvoort,Netherlands,2023-08-27,piastri,Oscar Piastri,Australian,McLaren,8.0,9,2.0,72,Finished,5.0,1:14.299
2023,13,Dutch Grand Prix,Circuit Park Zandvoort,Netherlands,2023-08-27,ocon,Esteban Ocon,French,Alpine F1 Team,16.0,10,1.0,72,Finished,10.0,1:14.570
2023,13,Dutch Grand Prix,Circuit Park Zandvoort,Netherlands,2023-08-27,stroll,Lance Stroll,Canadian,Aston Martin,11.0,11,0.0,72,Finished,15.0,1:15.171
2023,13,Dutch Grand Prix,Circuit Park Zandvoort,Netherlands,2023-08-27,hulkenberg,Nico Hülkenberg,German,Haas F1 Team,14.0,12,0.0,72,Finished,9.0,1:14.472
2023,13,Dutch Grand Prix,Circuit Park Zandvoort,Netherlands,2023-08-27,lawson,Liam Lawson,New Zealander,AlphaTauri,19.0,13,0.0,72,Finished,12.0,1:14.820
2023,13,Dutch Grand Prix,Circuit Park Zandvoort,Netherlands,2023-08-27,bottas,Valtteri Bottas,Finnish,Alfa Romeo,18.0,14,0.0,72,Finished,11.0,1:14.698
2023,13,Dutch Grand Prix,Circuit Park Zandvoort,Netherlands,2023-08-27,tsunoda,Yuki Tsunoda,Japanese,AlphaTauri,17.0,15,0.0,72,Finished,18.0,1:16.253
2023,13,Dutch Grand Prix,Circuit Park Zandvoort,Netherlands,2023-08-27,kevin_magnussen,Kevin Magnussen,Danish,Haas F1 Team,,16,0.0,72,Finished,17.0,1:15.489
2023,13,Dutch Grand Prix,Circuit Park Zandvoort,Netherlands,2023-08-27,russell,George Russell,British,Mercedes,3.0,17,0.0,72,Finished,14.0,1:15.124
2023,13,Dutch Grand Prix,Circuit Park Zandvoort,Netherlands,2023-08-27,zhou,Guanyu Zhou,Chinese,Alfa Romeo,15.0,18,0.0,62,Accident,16.0,1:15.417
2023,13,Dutch Grand Prix,Circuit Park Zandvoort,Netherlands,2023-08-27,leclerc,Charles Leclerc,Monegasque,Ferrari,9.0,19,0.0,41,Undertray,19.0,1:17.277
2023,13,Dutch Grand Prix,Circuit Park Zandvoort,Netherlands,2023-08-27,sargeant,Logan Sargeant,American,Williams,10.0,20,0.0,14,Accident,20.0,1:17.399
2023,14,Italian Grand Prix,Autodromo Nazionale di Monza,Italy,2023-09-03,max_verstappen,Max Verstappen,Dutch,Red Bull,2.0,1,25.0,51,Finished,2.0,1:25.240
2023,14,Italian Grand Prix,Autodromo Nazionale di Monza,Italy,2023-09-03,perez,Sergio Pérez,Mexican,Red Bull,5.0,2,18.0,51,Finished,4.0,1:25.522
2023,14,Italian Grand Prix,Autodromo Nazionale di Monza,Italy,2023-09-03,sainz,Carlos Sainz,Spanish,Ferrari,1.0,3,15.0,51,Finished,3.0,1:25.501
2023,14,Italian Grand Prix,Autodromo Nazionale di Monza,Italy,2023-09-03,leclerc,Charles Leclerc,Monegasque,Ferrari,3.0,4,12.0,51,Finished,5.0,1:25.580
2023,14,Italian Grand Prix,Autodromo Nazionale di Monza,Italy,2023-09-03,russell,George Russell,British,Mercedes,4.0,5,10.0,51,Finished,9.0,1:25.847
2023,14,Italian Grand Prix,Autodromo Nazionale di Monza,Italy,2023-09-03,hamilton,Lewis Hamilton,British,Mercedes,8.0,6,8.0,51,Finished,6.0,1:25.582
2023,14,Italian Grand Prix,Autodromo Nazionale di Monza,Italy,2023-09-03,albon,Alexander Albon,Thai,Williams,6.0,7,6.0,51,Finished,16.0,1:26.389
2023,14,Italian Grand Prix,Autodromo Nazionale di Monza,Italy,2023-09-03,norris,Lando Norris,British,McLaren,9.0,8,4.0,51,Finished,14.0,1:26.144
2023,14,Italian Grand Prix,Autodromo Nazionale di Monza,Italy,2023-09-03,alonso,Fernando Alonso,Spanish,Aston Martin,10.0,9,2.0,51,Finished,13.0,1:26.105
2023,14,Italian Grand Prix,Autodromo Nazionale di Monza,Italy,2023-09-03,bottas,Valtteri Bottas,Finnish,Alfa Romeo,14.0,10,1.0,51,Finished,12.0,1:25.988
2023,14,Italian Grand Prix,Autodromo Nazionale di Monza,Italy,2023-09-03,lawson,Liam Lawson,New Zealander,AlphaTauri,12.0,11,0.0,51,Finished,8.0,1:25.842
2023,14,Italian Grand Prix,Autodromo Nazionale di Monza,Italy,2023-09-03,piastri,Oscar Piastri,Australian,McLaren,7.0,12,0.0,51,Finished,1.0,1:25.072
2023,14,Italian Grand Prix,Autodromo Nazionale di Monza,Italy,2023-09-03,sargeant,Logan Sargeant,American,Williams,15.0,13,0.0,51,Finished,18.0,1:26.840
2023,14,Italian Grand Prix,Autodromo Nazionale di Monza,Italy,2023-09-03,zhou,Guanyu Zhou,Chinese,Alfa Romeo,16.0,14,0.0,51,Finished,11.0,1:25.983
2023,14,Italian Grand Prix,Autodromo Nazionale di Monza,Italy,2023-09-03,gasly,Pierre Gasly,French,Alpine F1 Team,17.0,15,0.0,51,Finished,7.0,1:25.758
2023,14,Italian Grand Prix,Autodromo Nazionale di Monza,Italy,2023-09-03,stroll,Lance Stroll,Canadian,Aston Martin,20.0,16,0.0,51,Finished,17.0,1:26.617
2023,14,Italian Grand Prix,Autodromo Nazionale di Monza,Italy,2023-09-03,hulkenberg,Nico Hülkenberg,German,Haas F1 Team,13.0,17,0.0,50,Lapped,10.0,1:25.894
2023,14,Italian Grand Prix,Autodromo Nazionale di Monza,Italy,2023-09-03,kevin_magnussen,Kevin Magnussen,Danish,Haas F1 Team,19.0,18,0.0,50,Lapped,15.0,1:26.278
2023,14,Italian Grand Prix,Autodromo Nazionale di Monza,Italy,2023-09-03,ocon,Esteban Ocon,French,Alpine F1 Team,18.0,19,0.0,39,Retired,19.0,1:26.963
2023,14,Italian Grand Prix,Autodromo Nazionale di Monza,Italy,2023-09-03,tsunoda,Yuki Tsunoda,Japanese,AlphaTauri,11.0,20,0.0,0,Did not start,,
2023,15,Singapore Grand Prix,Marina Bay Street Circuit,Singapore,2023-09-17,sainz,Carlos Sainz,Spanish,Ferrari,1.0,1,25.0,62,Finished,7.0,1:37.666
2023,15,Singapore Grand Prix,Marina Bay Street Circuit,Singapore,2023-09-17,norris,Lando Norris,British,McLaren,4.0,2,18.0,62,Finished,8.0,1:38.046
2023,15,Singapore Grand Prix,Marina Bay Street Circuit,Singapore,2023-09-17,hamilton,Lewis Hamilton,British,Mercedes,5.0,3,16.0,62,Finished,1.0,1:35.867
2023,15,Singapore Grand Prix,Marina Bay Street Circuit,Singapore,2023-09-17,leclerc,Charles Leclerc,Monegasque,Ferrari,3.0,4,12.0,62,Finished,11.0,1:38.275
2023,15,Singapore Grand Prix,Marina Bay Street Circuit,Singapore,2023-09-17,max_verstappen,Max Verstappen,Dutch,Red Bull,11.0,5,10.0,62,Finished,4.0,1:36.575
2023,15,Singapore Grand Prix,Marina Bay Street Circuit,Singapore,2023-09-17,gasly,Pierre Gasly,French,Alpine F1 Team,12.0,6,8.0,62,Finished,12.0,1:38.277
2023,15,Singapore Grand Prix,Marina Bay Street Circuit,Singapore,2023-09-17,piastri,Oscar Piastri,Australian,McLaren,17.0,7,6.0,62,Finished,13.0,1:38.492
2023,15,Singapore Grand Prix,Marina Bay Street Circuit,Singapore,2023-09-17,perez,Sergio Pérez,Mexican,Red Bull,13.0,8,4.0,62,Finished,5.0,1:37.108
2023,15,Singapore Grand Prix,Marina Bay Street Circuit,Singapore,2023-09-17,lawson,Liam Lawson,New Zealander,AlphaTauri,10.0,9,2.0,62,Finished,15.0,1:39.028
2023,15,Singapore Grand Prix,Marina Bay Street Circuit,Singapore,2023-09-17,kevin_magnussen,Kevin Magnussen,Danish,Haas F1 Team,6.0,10,1.0,62,Finished,10.0,1:38.107
2023,15,Singapore Grand Prix,Marina Bay Street Circuit,Singapore,2023-09-17,albon,Alexander Albon,Thai,Williams,14.0,11,0.0,62,Finished,6.0,1:37.342
2023,15,Singapore Grand Prix,Marina Bay Street Circuit,Singapore,2023-09-17,zhou,Guanyu Zhou,Chinese,Alfa Romeo,19.0,12,0.0,62,Finished,16.0,1:39.316
2023,15,Singapore Grand Prix,Marina Bay Street Circuit,Singapore,2023-09-17,hulkenberg,Nico Hülkenberg,German,Haas F1 Team,9.0,13,0.0,62,Finished,17.0,1:39.923
2023,15,Singapore Grand Prix,Marina Bay Street Circuit,Singapore,2023-09-17,sargeant,Logan Sargeant,American,Williams,18.0,14,0.0,62,Finished,14.0,1:38.531
2023,15,Singapore Grand Prix,Marina Bay Street Circuit,Singapore,2023-09-17,alonso,Fernando Alonso,Spanish,Aston Martin,7.0,15,0.0,62,Finished,3.0,1:36.456
2023,15,Singapore Grand Prix,Marina Bay Street Circuit,Singapore,2023-09-17,russell,George Russell,British,Mercedes,2.0,16,0.0,61,Retired,2.0,1:36.273
2023,15,Singapore Grand Prix,Marina Bay Street Circuit,Singapore,2023-09-17,bottas,Valtteri Bottas,Finnish,Alfa Romeo,16.0,17,0.0,51,Retired,9.0,1:38.075
2023,15,Singapore Grand Prix,Marina Bay Street Circuit,Singapore,2023-09-17,ocon,Esteban Ocon,French,Alpine F1 Team,8.0,18,0.0,42,Retired,18.0,1:39.930
2023,15,Singapore Grand Prix,Marina Bay Street Circuit,Singapore,2023-09-17,tsunoda,Yuki Tsunoda,Japanese,AlphaTauri,15.0,19,0.0,0,Retired,,
2023,15,Singapore Grand Prix,Marina Bay Street Circuit,Singapore,2023-09-17,stroll,Lance Stroll,Canadian,Aston Martin,,20,0.0,0,Withdrew,,
2023,16,Japanese Grand Prix,Suzuka Circuit,Japan,2023-09-24,max_verstappen,Max Verstappen,Dutch,Red Bull,1.0,1,26.0,53,Finished,1.0,1:34.183
2023,16,Japanese Grand Prix,Suzuka Circuit,Japan,2023-09-24,norris,Lando Norris,British,McLaren,3.0,2,18.0,53,Finished,2.0,1:35.247
2023,16,Japanese Grand Prix,Suzuka Circuit,Japan,2023-09-24,piastri,Oscar Piastri,Australian,McLaren,2.0,3,15.0,53,Finished,5.0,1:36.328
2023,16,Japanese Grand Prix,Suzuka Circuit,Japan,2023-09-24,leclerc,Charles Leclerc,Monegasque,Ferrari,4.0,4,12.0,53,Finished,6.0,1:36.362
2023,16,Japanese Grand Prix,Suzuka Circuit,Japan,2023-09-24,hamilton,Lewis Hamilton,British,Mercedes,7.0,5,10.0,53,Finished,3.0,1:35.611
2023,16,Japanese Grand Prix,Suzuka Circuit,Japan,2023-09-24,sainz,Carlos Sainz,Spanish,Ferrari,6.0,6,8.0,53,Finished,4.0,1:36.187
2023,16,Japanese Grand Prix,Suzuka Circuit,Japan,2023-09-24,russell,George Russell,British,Mercedes,8.0,7,6.0,53,Finished,11.0,1:37.653
2023,16,Japanese Grand Prix,Suzuka Circuit,Japan,2023-09-24,alonso,Fernando Alonso,Spanish,Aston Martin,10.0,8,4.0,53,Finished,8.0,1:37.203
2023,16,Japanese Grand Prix,Suzuka Circuit,Japan,2023-09-24,ocon,Esteban Ocon,French,Alpine F1 Team,14.0,9,2.0,53,Finished,10.0,1:37.398
2023,16,Japanese Grand Prix,Suzuka Circuit,Japan,2023-09-24,gasly,Pierre Gasly,French,Alpine F1 Team,12.0,10,1.0,53,Finished,7.0,1:36.371
2023,16,Japanese Grand Prix,Suzuka Circuit,Japan,2023-09-24,lawson,Liam Lawson,New Zealander,AlphaTauri,11.0,11,0.0,52,Lapped,15.0,1:38.267
2023,16,Japanese Grand Prix,Suzuka Circuit,Japan,2023-09-24,tsunoda,Yuki Tsunoda,Japanese,AlphaTauri,9.0,12,0.0,52,Lapped,12.0,1:37.768
2023,16,Japanese Grand Prix,Suzuka Circuit,Japan,2023-09-24,zhou,Guanyu Zhou,Chinese,Alfa Romeo,19.0,13,0.0,52,Lapped,13.0,1:37.791
2023,16,Japanese Grand Prix,Suzuka Circuit,Japan,2023-09-24,hulkenberg,Nico Hülkenberg,German,Haas F1 Team,18.0,14,0.0,52,Lapped,9.0,1:37.250
2023,16,Japanese Grand Prix,Suzuka Circuit,Japan,2023-09-24,kevin_magnussen,Kevin Magnussen,Danish,Haas F1 Team,15.0,15,0.0,52,Lapped,14.0,1:37.842
2023,16,Japanese Grand Prix,Suzuka Circuit,Japan,2023-09-24,albon,Alexander Albon,Thai,Williams,13.0,16,0.0,26,Retired,18.0,1:39.185
2023,16,Japanese Grand Prix,Suzuka Circuit,Japan,2023-09-24,sargeant,Logan Sargeant,American,Williams,20.0,17,0.0,22,Retired,16.0,1:38.848
2023,16,Japanese Grand Prix,Suzuka Circuit,Japan,2023-09-24,stroll,Lance Stroll,Canadian,Aston Martin,17.0,18,0.0,20,Retired,17.0,1:39.050
2023,16,Japanese Grand Prix,Suzuka Circuit,Japan,2023-09-24,perez,Sergio Pérez,Mexican,Red Bull,5.0,19,0.0,15,Retired,19.0,1:39.704
2023,16,Japanese Grand Prix,Suzuka Circuit,Japan,2023-09-24,bottas,Valtteri Bottas,Finnish,Alfa Romeo,16.0,20,0.0,7,Retired,20.0,2:02.755
2023,17,Qatar Grand Prix,Losail International Circuit,Qatar,2023-10-08,max_verstappen,Max Verstappen,Dutch,Red Bull,1.0,1,26.0,57,Finished,1.0,1:24.319
2023,17,Qatar Grand Prix,Losail International Circuit,Qatar,2023-10-08,piastri,Oscar Piastri,Australian,McLaren,6.0,2,18.0,57,Finished,3.0,1:24.921
2023,17,Qatar Grand Prix,Losail International Circuit,Qatar,2023-10-08,norris,Lando Norris,British,McLaren,10.0,3,15.0,57,Finished,2.0,1:24.842
2023,17,Qatar Grand Prix,Losail International Circuit,Qatar,2023-10-08,russell,George Russell,British,Mercedes,2.0,4,12.0,57,Finished,5.0,1:25.770
2023,17,Qatar Grand Prix,Losail International Circuit,Qatar,2023-10-08,leclerc,Charles Leclerc,Monegasque,Ferrari,5.0,5,10.0,57,Finished,4.0,1:24.992
2023,17,Qatar Grand Prix,Losail International Circuit,Qatar,2023-10-08,alonso,Fernando Alonso,Spanish,Aston Martin,4.0,6,8.0,57,Finished,6.0,1:26.045
2023,17,Qatar Grand Prix,Losail International Circuit,Qatar,2023-10-08,ocon,Esteban Ocon,French,Alpine F1 Team,8.0,7,6.0,57,Finished,11.0,1:26.450
2023,17,Qatar Grand Prix,Losail International Circuit,Qatar,2023-10-08,bottas,Valtteri Bottas,Finnish,Alfa Romeo,9.0,8,4.0,57,Finished,13.0,1:26.652
2023,17,Qatar Grand Prix,Losail International Circuit,Qatar,2023-10-08,zhou,Guanyu Zhou,Chinese,Alfa Romeo,19.0,9,2.0,57,Finished,9.0,1:26.323
2023,17,Qatar Grand Prix,Losail International Circuit,Qatar,2023-10-08,perez,Sergio Pérez,Mexican,Red Bull,20.0,10,1.0,57,Finished,7.0,1:26.220
2023,17,Qatar Grand Prix,Losail International Circuit,Qatar,2023-10-08,stroll,Lance Stroll,Canadian,Aston Martin,16.0,11,0.0,57,Finished,10.0,1:26.352
2023,17,Qatar Grand Prix,Losail International Circuit,Qatar,2023-10-08,gasly,Pierre Gasly,French,Alpine F1 Team,7.0,12,0.0,57,Finished,8.0,1:26.310
2023,17,Qatar Grand Prix,Losail International Circuit,Qatar,2023-10-08,albon,Alexander Albon,Thai,Williams,13.0,13,0.0,57,Finished,14.0,1:26.666
2023,17,Qatar Grand Prix,Losail International Circuit,Qatar,2023-10-08,kevin_magnussen,Kevin Magnussen,Danish,Haas F1 Team,18.0,14,0.0,56,Lapped,15.0,1:27.067
2023,17,Qatar Grand Prix,Losail International Circuit,Qatar,2023-10-08,tsunoda,Yuki Tsunoda,Japanese,AlphaTauri,11.0,15,0.0,56,Lapped,17.0,1:27.174
2023,17,Qatar Grand Prix,Losail International Circuit,Qatar,2023-10-08,hulkenberg,Nico Hülkenberg,German,Haas F1 Team,14.0,16,0.0,56,Lapped,12.0,1:26.489
2023,17,Qatar Grand Prix,Losail International Circuit,Qatar,2023-10-08,lawson,Liam Lawson,New Zealander,AlphaTauri,17.0,17,0.0,56,Lapped,16.0,1:27.113
2023,17,Qatar Grand Prix,Losail International Circuit,Qatar,2023-10-08,sargeant,Logan Sargeant,American,Williams,15.0,18,0.0,40,Retired,18.0,1:27.983
2023,17,Qatar Grand Prix,Losail International Circuit,Qatar,2023-10-08,hamilton,Lewis Hamilton,British,Mercedes,3.0,19,0.0,0,Retired,,
2023,17,Qatar Grand Prix,Losail International Circuit,Qatar,2023-10-08,sainz,Carlos Sainz,Spanish,Ferrari,12.0,20,0.0,0,Did not start,,
2023,18,United States Grand Prix,Circuit of the Americas,USA,2023-10-22,max_verstappen,Max Verstappen,Dutch,Red Bull,6.0,1,25.0,56,Finished,9.0,1:40.028
2023,18,United States Grand Prix,Circuit of the Americas,USA,2023-10-22,norris,Lando Norris,British,McLaren,2.0,2,18.0,56,Finished,8.0,1:39.985
2023,18,United States Grand Prix,Circuit of the Americas,USA,2023-10-22,sainz,Carlos Sainz,Spanish,Ferrari,4.0,3,15.0,56,Finished,10.0,1:40.034
2023,18,United States Grand Prix,Circuit of the Americas,USA,2023-10-22,perez,Sergio Pérez,Mexican,Red Bull,9.0,4,12.0,56,Finished,5.0,1:39.737
2023,18,United States Grand Prix,Circuit of the Americas,USA,2023-10-22,russell,George Russell,British,Mercedes,5.0,5,10.0,56,Finished,3.0,1:39.393
2023,18,United States Grand Prix,Circuit of the Americas,USA,2023-10-22,gasly,Pierre Gasly,French,Alpine F1 Team,7.0,6,8.0,56,Finished,11.0,1:40.412
2023,18,United States Grand Prix,Circuit of the Americas,USA,2023-10-22,stroll,Lance Stroll,Canadian,Aston Martin,20.0,7,6.0,56,Finished,6.0,1:39.908
2023,18,United States Grand Prix,Circuit of the Americas,USA,2023-10-22,tsunoda,Yuki Tsunoda,Japanese,AlphaTauri,11.0,8,5.0,56,Finished,1.0,1:38.139
2023,18,United States Grand Prix,Circuit of the Americas,USA,2023-10-22,albon,Alexander Albon,Thai,Williams,15.0,9,2.0,56,Finished,15.0,1:41.318
2023,18,United States Grand Prix,Circuit of the Americas,USA,2023-10-22,sargeant,Logan Sargeant,American,Williams,16.0,10,1.0,56,Finished,14.0,1:41.238
2023,18,United States Grand Prix,Circuit of the Americas,USA,2023-10-22,hulkenberg,Nico Hülkenberg,German,Haas F1 Team,18.0,11,0.0,56,Finished,12.0,1:40.925
2023,18,United States Grand Prix,Circuit of the Americas,USA,2023-10-22,bottas,Valtteri Bottas,Finnish,Alfa Romeo,13.0,12,0.0,56,Finished,18.0,1:41.972
2023,18,United States Grand Prix,Circuit of the Americas,USA,2023-10-22,zhou,Guanyu Zhou,Chinese,Alfa Romeo,12.0,13,0.0,55,Lapped,17.0,1:41.879
2023,18,United States Grand Prix,Circuit of the Americas,USA,2023-10-22,kevin_magnussen,Kevin Magnussen,Danish,Haas F1 Team,17.0,14,0.0,55,Lapped,16.0,1:41.506
2023,18,United States Grand Prix,Circuit of the Americas,USA,2023-10-22,ricciardo,Daniel Ricciardo,Australian,AlphaTauri,14.0,15,0.0,55,Lapped,2.0,1:39.366
2023,18,United States Grand Prix,Circuit of the Americas,USA,2023-10-22,alonso,Fernando Alonso,Spanish,Aston Martin,19.0,16,0.0,49,Retired,7.0,1:39.954
2023,18,United States Grand Prix,Circuit of the Americas,USA,2023-10-22,piastri,Oscar Piastri,Australian,McLaren,10.0,17,0.0,10,Retired,19.0,1:42.705
2023,18,United States Grand Prix,Circuit of the Americas,USA,2023-10-22,ocon,Esteban Ocon,French,Alpine F1 Team,8.0,18,0.0,6,Retired,20.0,1:44.789
2023,18,United States Grand Prix,Circuit of the Americas,USA,2023-10-22,hamilton,Lewis Hamilton,British,Mercedes,3.0,19,0.0,56,Disqualified,4.0,1:39.582
2023,18,United States Grand Prix,Circuit of the Americas,USA,2023-10-22,leclerc,Charles Leclerc,Monegasque,Ferrari,1.0,20,0.0,56,Disqualified,13.0,1:41.025
2023,19,Mexico City Grand Prix,Autódromo Hermanos Rodríguez,Mexico,2023-10-29,max_verstappen,Max Verstappen,Dutch,Red Bull,3.0,1,25.0,71,Finished,2.0,1:21.644
2023,19,Mexico City Grand Prix,Autódromo Hermanos Rodríguez,Mexico,2023-10-29,hamilton,Lewis Hamilton,British,Mercedes,6.0,2,19.0,71,Finished,1.0,1:21.334
2023,19,Mexico City Grand Prix,Autódromo Hermanos Rodríguez,Mexico,2023-10-29,leclerc,Charles Leclerc,Monegasque,Ferrari,1.0,3,15.0,71,Finished,4.0,1:22.332
2023,19,Mexico City Grand Prix,Autódromo Hermanos Rodríguez,Mexico,2023-10-29,sainz,Carlos Sainz,Spanish,Ferrari,2.0,4,12.0,71,Finished,6.0,1:22.539
2023,19,Mexico City Grand Prix,Autódromo Hermanos Rodríguez,Mexico,2023-10-29,norris,Lando Norris,British,McLaren,17.0,5,10.0,71,Finished,3.0,1:21.944
2023,19,Mexico City Grand Prix,Autódromo Hermanos Rodríguez,Mexico,2023-10-29,russell,George Russell,British,Mercedes,8.0,6,8.0,71,Finished,10.0,1:22.780
2023,19,Mexico City Grand Prix,Autódromo Hermanos Rodríguez,Mexico,2023-10-29,ricciardo,Daniel Ricciardo,Australian,AlphaTauri,4.0,7,6.0,71,Finished,7.0,1:22.679
2023,19,Mexico City Grand Prix,Autódromo Hermanos Rodríguez,Mexico,2023-10-29,piastri,Oscar Piastri,Australian,McLaren,7.0,8,4.0,71,Finished,8.0,1:22.760
2023,19,Mexico City Grand Prix,Autódromo Hermanos Rodríguez,Mexico,2023-10-29,albon,Alexander Albon,Thai,Williams,14.0,9,2.0,71,Finished,9.0,1:22.773
2023,19,Mexico City Grand Prix,Autódromo Hermanos Rodríguez,Mexico,2023-10-29,ocon,Esteban Ocon,French,Alpine F1 Team,15.0,10,1.0,71,Finished,11.0,1:22.976
2023,19,Mexico City Grand Prix,Autódromo Hermanos Rodríguez,Mexico,2023-10-29,gasly,Pierre Gasly,French,Alpine F1 Team,11.0,11,0.0,71,Finished,16.0,1:23.230
2023,19,Mexico City Grand Prix,Autódromo Hermanos Rodríguez,Mexico,2023-10-29,tsunoda,Yuki Tsunoda,Japanese,AlphaTauri,18.0,12,0.0,71,Finished,5.0,1:22.501
2023,19,Mexico City Grand Prix,Autódromo Hermanos Rodríguez,Mexico,2023-10-29,hulkenberg,Nico Hülkenberg,German,Haas F1 Team,12.0,13,0.0,71,Finished,15.0,1:23.222
2023,19,Mexico City Grand Prix,Autódromo Hermanos Rodríguez,Mexico,2023-10-29,zhou,Guanyu Zhou,Chinese,Alfa Romeo,10.0,14,0.0,71,Finished,19.0,1:23.567
2023,19,Mexico City Grand Prix,Autódromo Hermanos Rodríguez,Mexico,2023-10-29,bottas,Valtteri Bottas,Finnish,Alfa Romeo,9.0,15,0.0,71,Finished,14.0,1:23.166
2023,19,Mexico City Grand Prix,Autódromo Hermanos Rodríguez,Mexico,2023-10-29,sargeant,Logan Sargeant,American,Williams,19.0,16,0.0,70,Retired,12.0,1:23.003
2023,19,Mexico City Grand Prix,Autódromo Hermanos Rodríguez,Mexico,2023-10-29,stroll,Lance Stroll,Canadian,Aston Martin,,17,0.0,66,Collision damage,17.0,1:23.257
2023,19,Mexico City Grand Prix,Autódromo Hermanos Rodríguez,Mexico,2023-10-29,alonso,Fernando Alonso,Spanish,Aston Martin,13.0,18,0.0,47,Withdrew,18.0,1:23.531
2023,19,Mexico City Grand Prix,Autódromo Hermanos Rodríguez,Mexico,2023-10-29,kevin_magnussen,Kevin Magnussen,Danish,Haas F1 Team,16.0,19,0.0,31,Accident,13.0,1:23.146
2023,19,Mexico City Grand Prix,Autódromo Hermanos Rodríguez,Mexico,2023-10-29,perez,Sergio Pérez,Mexican,Red Bull,5.0,20,0.0,1,Collision damage,,
2023,20,São Paulo Grand Prix,Autódromo José Carlos Pace,Brazil,2023-11-05,max_verstappen,Max Verstappen,Dutch,Red Bull,1.0,1,25.0,71,Finished,2.0,1:13.422
2023,20,São Paulo Grand Prix,Autódromo José Carlos Pace,Brazil,2023-11-05,norris,Lando Norris,British,McLaren,6.0,2,19.0,71,Finished,1.0,1:12.486
2023,20,São Paulo Grand Prix,Autódromo José Carlos Pace,Brazil,2023-11-05,alonso,Fernando Alonso,Spanish,Aston Martin,4.0,3,15.0,71,Finished,10.0,1:14.442
2023,20,São Paulo Grand Prix,Autódromo José Carlos Pace,Brazil,2023-11-05,perez,Sergio Pérez,Mexican,Red Bull,9.0,4,12.0,71,Finished,5.0,1:14.124
2023,20,São Paulo Grand Prix,Autódromo José Carlos Pace,Brazil,2023-11-05,stroll,Lance Stroll,Canadian,Aston Martin,3.0,5,10.0,71,Finished,4.0,1:14.007
2023,20,São Paulo Grand Prix,Autódromo José Carlos Pace,Brazil,2023-11-05,sainz,Carlos Sainz,Spanish,Ferrari,7.0,6,8.0,71,Finished,9.0,1:14.406
2023,20,São Paulo Grand Prix,Autódromo José Carlos Pace,Brazil,2023-11-05,gasly,Pierre Gasly,French,Alpine F1 Team,15.0,7,6.0,71,Finished,11.0,1:14.521
2023,20,São Paulo Grand Prix,Autódromo José Carlos Pace,Brazil,2023-11-05,hamilton,Lewis Hamilton,British,Mercedes,5.0,8,4.0,71,Finished,12.0,1:14.739
2023,20,São Paulo Grand Prix,Autódromo José Carlos Pace,Brazil,2023-11-05,tsunoda,Yuki Tsunoda,Japanese,AlphaTauri,16.0,9,2.0,71,Finished,7.0,1:14.231
2023,20,São Paulo Grand Prix,Autódromo José Carlos Pace,Brazil,2023-11-05,ocon,Esteban Ocon,French,Alpine F1 Team,14.0,10,1.0,70,Lapped,6.0,1:14.206
2023,20,São Paulo Grand Prix,Autódromo José Carlos Pace,Brazil,2023-11-05,sargeant,Logan Sargeant,American,Williams,19.0,11,0.0,70,Lapped,16.0,1:15.738
2023,20,São Paulo Grand Prix,Autódromo José Carlos Pace,Brazil,2023-11-05,hulkenberg,Nico Hülkenberg,German,Haas F1 Team,11.0,12,0.0,70,Lapped,14.0,1:15.036
2023,20,São Paulo Grand Prix,Autódromo José Carlos Pace,Brazil,2023-11-05,ricciardo,Daniel Ricciardo,Australian,AlphaTauri,17.0,13,0.0,70,Lapped,3.0,1:13.866
2023,20,São Paulo Grand Prix,Autódromo José Carlos Pace,Brazil,2023-11-05,piastri,Oscar Piastri,Australian,McLaren,10.0,14,0.0,69,Lapped,8.0,1:14.310
2023,20,São Paulo Grand Prix,Autódromo José Carlos Pace,Brazil,2023-11-05,russell,George Russell,British,Mercedes,8.0,15,0.0,57,Retired,13.0,1:14.934
2023,20,São Paulo Grand Prix,Autódromo José Carlos Pace,Brazil,2023-11-05,bottas,Valtteri Bottas,Finnish,Alfa Romeo,18.0,16,0.0,39,Retired,15.0,1:15.731
2023,20,São Paulo Grand Prix,Autódromo José Carlos Pace,Brazil,2023-11-05,zhou,Guanyu Zhou,Chinese,Alfa Romeo,20.0,17,0.0,22,Retired,17.0,1:16.232
2023,20,São Paulo Grand Prix,Autódromo José Carlos Pace,Brazil,2023-11-05,kevin_magnussen,Kevin Magnussen,Danish,Haas F1 Team,12.0,18,0.0,0,Retired,,
2023,20,São Paulo Grand Prix,Autódromo José Carlos Pace,Brazil,2023-11-05,albon,Alexander Albon,Thai,Williams,13.0,19,0.0,0,Retired,,
2023,20,São Paulo Grand Prix,Autódromo José Carlos Pace,Brazil,2023-11-05,leclerc,Charles Leclerc,Monegasque,Ferrari,2.0,20,0.0,0,Did not start,,
2023,21,Las Vegas Grand Prix,Las Vegas Strip Street Circuit,USA,2023-11-19,max_verstappen,Max Verstappen,Dutch,Red Bull,2.0,1,25.0,50,Finished,2.0,1:35.614
2023,21,Las Vegas Grand Prix,Las Vegas Strip Street Circuit,USA,2023-11-19,leclerc,Charles Leclerc,Monegasque,Ferrari,1.0,2,18.0,50,Finished,3.0,1:35.669
2023,21,Las Vegas Grand Prix,Las Vegas Strip Street Circuit,USA,2023-11-19,perez,Sergio Pérez,Mexican,Red Bull,11.0,3,15.0,50,Finished,5.0,1:35.939
2023,21,Las Vegas Grand Prix,Las Vegas Strip Street Circuit,USA,2023-11-19,ocon,Esteban Ocon,French,Alpine F1 Team,16.0,4,12.0,50,Finished,10.0,1:36.637
2023,21,Las Vegas Grand Prix,Las Vegas Strip Street Circuit,USA,2023-11-19,stroll,Lance Stroll,Canadian,Aston Martin,19.0,5,10.0,50,Finished,9.0,1:36.584
2023,21,Las Vegas Grand Prix,Las Vegas Strip Street Circuit,USA,2023-11-19,sainz,Carlos Sainz,Spanish,Ferrari,12.0,6,8.0,50,Finished,6.0,1:35.984
2023,21,Las Vegas Grand Prix,Las Vegas Strip Street Circuit,USA,2023-11-19,hamilton,Lewis Hamilton,British,Mercedes,10.0,7,6.0,50,Finished,4.0,1:35.716
2023,21,Las Vegas Grand Prix,Las Vegas Strip Street Circuit,USA,2023-11-19,russell,George Russell,British,Mercedes,3.0,8,4.0,50,Finished,7.0,1:36.071
2023,21,Las Vegas Grand Prix,Las Vegas Strip Street Circuit,USA,2023-11-19,alonso,Fernando Alonso,Spanish,Aston Martin,9.0,9,2.0,50,Finished,8.0,1:36.559
2023,21,Las Vegas Grand Prix,Las Vegas Strip Street Circuit,USA,2023-11-19,piastri,Oscar Piastri,Australian,McLaren,18.0,10,2.0,50,Finished,1.0,1:35.490
2023,21,Las Vegas Grand Prix,Las Vegas Strip Street Circuit,USA,2023-11-19,gasly,Pierre Gasly,French,Alpine F1 Team,4.0,11,0.0,50,Finished,11.0,1:36.913
2023,21,Las Vegas Grand Prix,Las Vegas Strip Street Circuit,USA,2023-11-19,albon,Alexander Albon,Thai,Williams,5.0,12,0.0,50,Finished,13.0,1:37.357
2023,21,Las Vegas Grand Prix,Las Vegas Strip Street Circuit,USA,2023-11-19,kevin_magnussen,Kevin Magnussen,Danish,Haas F1 Team,8.0,13,0.0,50,Finished,15.0,1:37.455
2023,21,Las Vegas Grand Prix,Las Vegas Strip Street Circuit,USA,2023-11-19,ricciardo,Daniel Ricciardo,Australian,AlphaTauri,14.0,14,0.0,50,Finished,12.0,1:37.108
2023,21,Las Vegas Grand Prix,Las Vegas Strip Street Circuit,USA,2023-11-19,zhou,Guanyu Zhou,Chinese,Alfa Romeo,17.0,15,0.0,50,Finished,14.0,1:37.375
2023,21,Las Vegas Grand Prix,Las Vegas Strip Street Circuit,USA,2023-11-19,sargeant,Logan Sargeant,American,Williams,6.0,16,0.0,50,Finished,19.0,1:37.740
2023,21,Las Vegas Grand Prix,Las Vegas Strip Street Circuit,USA,2023-11-19,bottas,Valtteri Bottas,Finnish,Alfa Romeo,7.0,17,0.0,50,Finished,16.0,1:37.562
2023,21,Las Vegas Grand Prix,Las Vegas Strip Street Circuit,USA,2023-11-19,tsunoda,Yuki Tsunoda,Japanese,AlphaTauri,20.0,18,0.0,46,Retired,18.0,1:37.587
2023,21,Las Vegas Grand Prix,Las Vegas Strip Street Circuit,USA,2023-11-19,hulkenberg,Nico Hülkenberg,German,Haas F1 Team,13.0,19,0.0,45,Retired,17.0,1:37.565
2023,21,Las Vegas Grand Prix,Las Vegas Strip Street Circuit,USA,2023-11-19,norris,Lando Norris,British,McLaren,15.0,20,0.0,2,Retired,20.0,1:59.327
2023,22,Abu Dhabi Grand Prix,Yas Marina Circuit,UAE,2023-11-26,max_verstappen,Max Verstappen,Dutch,Red Bull,1.0,1,26.0,58,Finished,1.0,1:26.993
2023,22,Abu Dhabi Grand Prix,Yas Marina Circuit,UAE,2023-11-26,leclerc,Charles Leclerc,Monegasque,Ferrari,2.0,2,18.0,58,Finished,8.0,1:28.199
2023,22,Abu Dhabi Grand Prix,Yas Marina Circuit,UAE,2023-11-26,russell,George Russell,British,Mercedes,4.0,3,15.0,58,Finished,7.0,1:28.187
2023,22,Abu Dhabi Grand Prix,Yas Marina Circuit,UAE,2023-11-26,perez,Sergio Pérez,Mexican,Red Bull,9.0,4,12.0,58,Finished,2.0,1:27.493
2023,22,Abu Dhabi Grand Prix,Yas Marina Circuit,UAE,2023-11-26,norris,Lando Norris,British,McLaren,5.0,5,10.0,58,Finished,6.0,1:28.164
2023,22,Abu Dhabi Grand Prix,Yas Marina Circuit,UAE,2023-11-26,piastri,Oscar Piastri,Australian,McLaren,3.0,6,8.0,58,Finished,5.0,1:28.138
2023,22,Abu Dhabi Grand Prix,Yas Marina Circuit,UAE,2023-11-26,alonso,Fernando Alonso,Spanish,Aston Martin,7.0,7,6.0,58,Finished,9.0,1:28.256
2023,22,Abu Dhabi Grand Prix,Yas Marina Circuit,UAE,2023-11-26,tsunoda,Yuki Tsunoda,Japanese,AlphaTauri,6.0,8,4.0,58,Finished,16.0,1:29.256
2023,22,Abu Dhabi Grand Prix,Yas Marina Circuit,UAE,2023-11-26,hamilton,Lewis Hamilton,British,Mercedes,11.0,9,2.0,58,Finished,10.0,1:28.372
2023,22,Abu Dhabi Grand Prix,Yas Marina Circuit,UAE,2023-11-26,stroll,Lance Stroll,Canadian,Aston Martin,13.0,10,1.0,58,Finished,4.0,1:28.050
2023,22,Abu Dhabi Grand Prix,Yas Marina Circuit,UAE,2023-11-26,ricciardo,Daniel Ricciardo,Australian,AlphaTauri,15.0,11,0.0,58,Finished,11.0,1:28.571
2023,22,Abu Dhabi Grand Prix,Yas Marina Circuit,UAE,2023-11-26,ocon,Esteban Ocon,French,Alpine F1 Team,12.0,12,0.0,58,Finished,20.0,1:30.033
2023,22,Abu Dhabi Grand Prix,Yas Marina Circuit,UAE,2023-11-26,gasly,Pierre Gasly,French,Alpine F1 Team,10.0,13,0.0,58,Finished,14.0,1:29.016
2023,22,Abu Dhabi Grand Prix,Yas Marina Circuit,UAE,2023-11-26,albon,Alexander Albon,Thai,Williams,14.0,14,0.0,58,Finished,3.0,1:27.845
2023,22,Abu Dhabi Grand Prix,Yas Marina Circuit,UAE,2023-11-26,hulkenberg,Nico Hülkenberg,German,Haas F1 Team,8.0,15,0.0,58,Finished,15.0,1:29.217
2023,22,Abu Dhabi Grand Prix,Yas Marina Circuit,UAE,2023-11-26,sargeant,Logan Sargeant,American,Williams,20.0,16,0.0,58,Finished,12.0,1:28.580
2023,22,Abu Dhabi Grand Prix,Yas Marina Circuit,UAE,2023-11-26,zhou,Guanyu Zhou,Chinese,Alfa Romeo,19.0,17,0.0,58,Finished,13.0,1:28.746
2023,22,Abu Dhabi Grand Prix,Yas Marina Circuit,UAE,2023-11-26,sainz,Carlos Sainz,Spanish,Ferrari,16.0,18,0.0,57,Retired,17.0,1:29.452
2023,22,Abu Dhabi Grand Prix,Yas Marina Circuit,UAE,2023-11-26,bottas,Valtteri Bottas,Finnish,Alfa Romeo,18.0,19,0.0,57,Lapped,18.0,1:29.863
2023,22,Abu Dhabi Grand Prix,Yas Marina Circuit,UAE,2023-11-26,kevin_magnussen,Kevin Magnussen,Danish,Haas F1 Team,17.0,20,0.0,57,Lapped,19.0,1:29.934
2024,1,Bahrain Grand Prix,Bahrain International Circuit,Bahrain,2024-03-02,max_verstappen,Max Verstappen,Dutch,Red Bull,1.0,1,26.0,57,Finished,1.0,1:32.608
2024,1,Bahrain Grand Prix,Bahrain International Circuit,Bahrain,2024-03-02,perez,Sergio Pérez,Mexican,Red Bull,5.0,2,18.0,57,Finished,4.0,1:34.364
2024,1,Bahrain Grand Prix,Bahrain International Circuit,Bahrain,2024-03-02,sainz,Carlos Sainz,Spanish,Ferrari,4.0,3,15.0,57,Finished,6.0,1:34.507
2024,1,Bahrain Grand Prix,Bahrain International Circuit,Bahrain,2024-03-02,leclerc,Charles Leclerc,Monegasque,Ferrari,2.0,4,12.0,57,Finished,2.0,1:34.090
2024,1,Bahrain Grand Prix,Bahrain International Circuit,Bahrain,2024-03-02,russell,George Russell,British,Mercedes,3.0,5,10.0,57,Finished,12.0,1:35.065
2024,1,Bahrain Grand Prix,Bahrain International Circuit,Bahrain,2024-03-02,norris,Lando Norris,British,McLaren,7.0,6,8.0,57,Finished,5.0,1:34.476
2024,1,Bahrain Grand Prix,Bahrain International Circuit,Bahrain,2024-03-02,hamilton,Lewis Hamilton,British,Mercedes,9.0,7,6.0,57,Finished,7.0,1:34.722
2024,1,Bahrain Grand Prix,Bahrain International Circuit,Bahrain,2024-03-02,piastri,Oscar Piastri,Australian,McLaren,8.0,8,4.0,57,Finished,11.0,1:34.983
2024,1,Bahrain Grand Prix,Bahrain International Circuit,Bahrain,2024-03-02,alonso,Fernando Alonso,Spanish,Aston Martin,6.0,9,2.0,57,Finished,3.0,1:34.199
2024,1,Bahrain Grand Prix,Bahrain International Circuit,Bahrain,2024-03-02,stroll,Lance Stroll,Canadian,Aston Martin,12.0,10,1.0,57,Finished,16.0,1:35.632
2024,1,Bahrain Grand Prix,Bahrain International Circuit,Bahrain,2024-03-02,zhou,Guanyu Zhou,Chinese,Sauber,17.0,11,0.0,56,Lapped,14.0,1:35.458
2024,1,Bahrain Grand Prix,Bahrain International Circuit,Bahrain,2024-03-02,kevin_magnussen,Kevin Magnussen,Danish,Haas F1 Team,15.0,12,0.0,56,Lapped,15.0,1:35.570
2024,1,Bahrain Grand Prix,Bahrain International Circuit,Bahrain,2024-03-02,ricciardo,Daniel Ricciardo,Australian,RB F1 Team,14.0,13,0.0,56,Lapped,13.0,1:35.163
2024,1,Bahrain Grand Prix,Bahrain International Circuit,Bahrain,2024-03-02,tsunoda,Yuki Tsunoda,Japanese,RB F1 Team,11.0,14,0.0,56,Lapped,18.0,1:35.833
2024,1,Bahrain Grand Prix,Bahrain International Circuit,Bahrain,2024-03-02,albon,Alexander Albon,Thai,Williams,13.0,15,0.0,56,Lapped,17.0,1:35.723
2024,1,Bahrain Grand Prix,Bahrain International Circuit,Bahrain,2024-03-02,hulkenberg,Nico Hülkenberg,German,Haas F1 Team,10.0,16,0.0,56,Lapped,10.0,1:34.834
2024,1,Bahrain Grand Prix,Bahrain International Circuit,Bahrain,2024-03-02,ocon,Esteban Ocon,French,Alpine F1 Team,19.0,17,0.0,56,Lapped,20.0,1:36.226
2024,1,Bahrain Grand Prix,Bahrain International Circuit,Bahrain,2024-03-02,gasly,Pierre Gasly,French,Alpine F1 Team,20.0,18,0.0,56,Lapped,9.0,1:34.805
2024,1,Bahrain Grand Prix,Bahrain International Circuit,Bahrain,2024-03-02,bottas,Valtteri Bottas,Finnish,Sauber,16.0,19,0.0,56,Lapped,19.0,1:36.202
2024,1,Bahrain Grand Prix,Bahrain International Circuit,Bahrain,2024-03-02,sargeant,Logan Sargeant,American,Williams,18.0,20,0.0,55,Lapped,8.0,1:34.735
2024,2,Saudi Arabian Grand Prix,Jeddah Corniche Circuit,Saudi Arabia,2024-03-09,max_verstappen,Max Verstappen,Dutch,Red Bull,1.0,1,25.0,50,Finished,3.0,1:31.773
2024,2,Saudi Arabian Grand Prix,Jeddah Corniche Circuit,Saudi Arabia,2024-03-09,perez,Sergio Pérez,Mexican,Red Bull,3.0,2,18.0,50,Finished,8.0,1:32.273
2024,2,Saudi Arabian Grand Prix,Jeddah Corniche Circuit,Saudi Arabia,2024-03-09,leclerc,Charles Leclerc,Monegasque,Ferrari,2.0,3,16.0,50,Finished,1.0,1:31.632
2024,2,Saudi Arabian Grand Prix,Jeddah Corniche Circuit,Saudi Arabia,2024-03-09,piastri,Oscar Piastri,Australian,McLaren,5.0,4,12.0,50,Finished,10.0,1:32.310
2024,2,Saudi Arabian Grand Prix,Jeddah Corniche Circuit,Saudi Arabia,2024-03-09,alonso,Fernando Alonso,Spanish,Aston Martin,4.0,5,10.0,50,Finished,13.0,1:32.387
2024,2,Saudi Arabian Grand Prix,Jeddah Corniche Circuit,Saudi Arabia,2024-03-09,russell,George Russell,British,Mercedes,7.0,6,8.0,50,Finished,7.0,1:32.254
2024,2,Saudi Arabian Grand Prix,Jeddah Corniche Circuit,Saudi Arabia,2024-03-09,bearman,Oliver Bearman,British,Ferrari,11.0,7,6.0,50,Finished,5.0,1:32.186
2024,2,Saudi Arabian Grand Prix,Jeddah Corniche Circuit,Saudi Arabia,2024-03-09,norris,Lando Norris,British,McLaren,6.0,8,4.0,50,Finished,4.0,1:31.944
2024,2,Saudi Arabian Grand Prix,Jeddah Corniche Circuit,Saudi Arabia,2024-03-09,hamilton,Lewis Hamilton,British,Mercedes,8.0,9,2.0,50,Finished,2.0,1:31.746
2024,2,Saudi Arabian Grand Prix,Jeddah Corniche Circuit,Saudi Arabia,2024-03-09,hulkenberg,Nico Hülkenberg,German,Haas F1 Team,15.0,10,1.0,50,Finished,12.0,1:32.366
2024,2,Saudi Arabian Grand Prix,Jeddah Corniche Circuit,Saudi Arabia,2024-03-09,albon,Alexander Albon,Thai,Williams,12.0,11,0.0,50,Finished,9.0,1:32.307
2024,2,Saudi Arabian Grand Prix,Jeddah Corniche Circuit,Saudi Arabia,2024-03-09,kevin_magnussen,Kevin Magnussen,Danish,Haas F1 Team,13.0,12,0.0,50,Finished,11.0,1:32.338
2024,2,Saudi Arabian Grand Prix,Jeddah Corniche Circuit,Saudi Arabia,2024-03-09,ocon,Esteban Ocon,French,Alpine F1 Team,17.0,13,0.0,49,Lapped,17.0,1:33.481
2024,2,Saudi Arabian Grand Prix,Jeddah Corniche Circuit,Saudi Arabia,2024-03-09,sargeant,Logan Sargeant,American,Williams,19.0,14,0.0,49,Lapped,15.0,1:33.026
2024,2,Saudi Arabian Grand Prix,Jeddah Corniche Circuit,Saudi Arabia,2024-03-09,tsunoda,Yuki Tsunoda,Japanese,RB F1 Team,9.0,15,0.0,49,Lapped,18.0,1:33.523
2024,2,Saudi Arabian Grand Prix,Jeddah Corniche Circuit,Saudi Arabia,2024-03-09,ricciardo,Daniel Ricciardo,Australian,RB F1 Team,14.0,16,0.0,49,Lapped,16.0,1:33.323
2024,2,Saudi Arabian Grand Prix,Jeddah Corniche Circuit,Saudi Arabia,2024-03-09,bottas,Valtteri Bottas,Finnish,Sauber,16.0,17,0.0,49,Lapped,14.0,1:32.706
2024,2,Saudi Arabian Grand Prix,Jeddah Corniche Circuit,Saudi Arabia,2024-03-09,zhou,Guanyu Zhou,Chinese,Sauber,20.0,18,0.0,49,Lapped,6.0,1:32.208
2024,2,Saudi Arabian Grand Prix,Jeddah Corniche Circuit,Saudi Arabia,2024-03-09,stroll,Lance Stroll,Canadian,Aston Martin,10.0,19,0.0,5,Retired,19.0,1:35.560
2024,2,Saudi Arabian Grand Prix,Jeddah Corniche Circuit,Saudi Arabia,2024-03-09,gasly,Pierre Gasly,French,Alpine F1 Team,18.0,20,0.0,1,Retired,,
2024,3,Australian Grand Prix,Albert Park Grand Prix Circuit,Australia,2024-03-24,sainz,Carlos Sainz,Spanish,Ferrari,2.0,1,25.0,58,Finished,3.0,1:20.031
2024,3,Australian Grand Prix,Albert Park Grand Prix Circuit,Australia,2024-03-24,leclerc,Charles Leclerc,Monegasque,Ferrari,4.0,2,19.0,58,Finished,1.0,1:19.813
2024,3,Australian Grand Prix,Albert Park Grand Prix Circuit,Australia,2024-03-24,norris,Lando Norris,British,McLaren,3.0,3,15.0,58,Finished,2.0,1:19.915
2024,3,Australian Grand Prix,Albert Park Grand Prix Circuit,Australia,2024-03-24,piastri,Oscar Piastri,Australian,McLaren,5.0,4,12.0,58,Finished,4.0,1:20.199
2024,3,Australian Grand Prix,Albert Park Grand Prix Circuit,Australia,2024-03-24,perez,Sergio Pérez,Mexican,Red Bull,6.0,5,10.0,58,Finished,6.0,1:20.388
2024,3,Australian Grand Prix,Albert Park Grand Prix Circuit,Australia,2024-03-24,stroll,Lance Stroll,Canadian,Aston Martin,9.0,6,8.0,58,Finished,8.0,1:20.930
2024,3,Australian Grand Prix,Albert Park Grand Prix Circuit,Australia,2024-03-24,tsunoda,Yuki Tsunoda,Japanese,RB F1 Team,8.0,7,6.0,58,Finished,11.0,1:21.134
2024,3,Australian Grand Prix,Albert Park Grand Prix Circuit,Australia,2024-03-24,alonso,Fernando Alonso,Spanish,Aston Martin,10.0,8,4.0,58,Finished,7.0,1:20.493
2024,3,Australian Grand Prix,Albert Park Grand Prix Circuit,Australia,2024-03-24,hulkenberg,Nico Hülkenberg,German,Haas F1 Team,16.0,9,2.0,58,Finished,12.0,1:21.145
2024,3,Australian Grand Prix,Albert Park Grand Prix Circuit,Australia,2024-03-24,kevin_magnussen,Kevin Magnussen,Danish,Haas F1 Team,14.0,10,1.0,57,Lapped,9.0,1:21.082
2024,3,Australian Grand Prix,Albert Park Grand Prix Circuit,Australia,2024-03-24,albon,Alexander Albon,Thai,Williams,12.0,11,0.0,57,Lapped,17.0,1:21.618
2024,3,Australian Grand Prix,Albert Park Grand Prix Circuit,Australia,2024-03-24,ricciardo,Daniel Ricciardo,Australian,RB F1 Team,18.0,12,0.0,57,Lapped,13.0,1:21.239
2024,3,Australian Grand Prix,Albert Park Grand Prix Circuit,Australia,2024-03-24,gasly,Pierre Gasly,French,Alpine F1 Team,17.0,13,0.0,57,Lapped,10.0,1:21.090
2024,3,Australian Grand Prix,Albert Park Grand Prix Circuit,Australia,2024-03-24,bottas,Valtteri Bottas,Finnish,Sauber,13.0,14,0.0,57,Lapped,16.0,1:21.422
2024,3,Australian Grand Prix,Albert Park Grand Prix Circuit,Australia,2024-03-24,zhou,Guanyu Zhou,Chinese,Sauber,19.0,15,0.0,57,Lapped,14.0,1:21.327
2024,3,Australian Grand Prix,Albert Park Grand Prix Circuit,Australia,2024-03-24,ocon,Esteban Ocon,French,Alpine F1 Team,15.0,16,0.0,57,Lapped,15.0,1:21.354
2024,3,Australian Grand Prix,Albert Park Grand Prix Circuit,Australia,2024-03-24,russell,George Russell,British,Mercedes,7.0,17,0.0,56,Retired,5.0,1:20.284
2024,3,Australian Grand Prix,Albert Park Grand Prix Circuit,Australia,2024-03-24,hamilton,Lewis Hamilton,British,Mercedes,11.0,18,0.0,15,Retired,18.0,1:22.444
2024,3,Australian Grand Prix,Albert Park Grand Prix Circuit,Australia,2024-03-24,max_verstappen,Max Verstappen,Dutch,Red Bull,1.0,19,0.0,3,Retired,19.0,1:23.115
2024,4,Japanese Grand Prix,Suzuka Circuit,Japan,2024-04-07,max_verstappen,Max Verstappen,Dutch,Red Bull,1.0,1,26.0,53,Finished,1.0,1:33.706
2024,4,Japanese Grand Prix,Suzuka Circuit,Japan,2024-04-07,perez,Sergio Pérez,Mexican,Red Bull,2.0,2,18.0,53,Finished,3.0,1:33.945
2024,4,Japanese Grand Prix,Suzuka Circuit,Japan,2024-04-07,sainz,Carlos Sainz,Spanish,Ferrari,4.0,3,15.0,53,Finished,2.0,1:33.841
2024,4,Japanese Grand Prix,Suzuka Circuit,Japan,2024-04-07,leclerc,Charles Leclerc,Monegasque,Ferrari,8.0,4,12.0,53,Finished,9.0,1:35.044
2024,4,Japanese Grand Prix,Suzuka Circuit,Japan,2024-04-07,norris,Lando Norris,British,McLaren,3.0,5,10.0,53,Finished,10.0,1:35.186
2024,4,Japanese Grand Prix,Suzuka Circuit,Japan,2024-04-07,alonso,Fernando Alonso,Spanish,Aston Martin,5.0,6,8.0,53,Finished,6.0,1:34.726
2024,4,Japanese Grand Prix,Suzuka Circuit,Japan,2024-04-07,russell,George Russell,British,Mercedes,9.0,7,6.0,53,Finished,5.0,1:34.404
2024,4,Japanese Grand Prix,Suzuka Circuit,Japan,2024-04-07,piastri,Oscar Piastri,Australian,McLaren,6.0,8,4.0,53,Finished,7.0,1:34.802
2024,4,Japanese Grand Prix,Suzuka Circuit,Japan,2024-04-07,hamilton,Lewis Hamilton,British,Mercedes,7.0,9,2.0,53,Finished,4.0,1:33.952
2024,4,Japanese Grand Prix,Suzuka Circuit,Japan,2024-04-07,tsunoda,Yuki Tsunoda,Japanese,RB F1 Team,10.0,10,1.0,52,Lapped,14.0,1:36.342
2024,4,Japanese Grand Prix,Suzuka Circuit,Japan,2024-04-07,hulkenberg,Nico Hülkenberg,German,Haas F1 Team,12.0,11,0.0,52,Lapped,11.0,1:35.325
2024,4,Japanese Grand Prix,Suzuka Circuit,Japan,2024-04-07,stroll,Lance Stroll,Canadian,Aston Martin,16.0,12,0.0,52,Lapped,12.0,1:35.798
2024,4,Japanese Grand Prix,Suzuka Circuit,Japan,2024-04-07,kevin_magnussen,Kevin Magnussen,Danish,Haas F1 Team,18.0,13,0.0,52,Lapped,17.0,1:36.654
2024,4,Japanese Grand Prix,Suzuka Circuit,Japan,2024-04-07,bottas,Valtteri Bottas,Finnish,Sauber,13.0,14,0.0,52,Lapped,15.0,1:36.608
2024,4,Japanese Grand Prix,Suzuka Circuit,Japan,2024-04-07,ocon,Esteban Ocon,French,Alpine F1 Team,15.0,15,0.0,52,Lapped,13.0,1:36.232
2024,4,Japanese Grand Prix,Suzuka Circuit,Japan,2024-04-07,gasly,Pierre Gasly,French,Alpine F1 Team,17.0,16,0.0,52,Lapped,16.0,1:36.642
2024,4,Japanese Grand Prix,Suzuka Circuit,Japan,2024-04-07,sargeant,Logan Sargeant,American,Williams,19.0,17,0.0,52,Lapped,8.0,1:34.900
2024,4,Japanese Grand Prix,Suzuka Circuit,Japan,2024-04-07,zhou,Guanyu Zhou,Chinese,Sauber,20.0,18,0.0,12,Retired,18.0,1:37.160
2024,4,Japanese Grand Prix,Suzuka Circuit,Japan,2024-04-07,ricciardo,Daniel Ricciardo,Australian,RB F1 Team,11.0,19,0.0,0,Retired,,
2024,4,Japanese Grand Prix,Suzuka Circuit,Japan,2024-04-07,albon,Alexander Albon,Thai,Williams,14.0,20,0.0,0,Retired,,
2024,5,Chinese Grand Prix,Shanghai International Circuit,China,2024-04-21,max_verstappen,Max Verstappen,Dutch,Red Bull,1.0,1,25.0,56,Finished,2.0,1:38.406
2024,5,Chinese Grand Prix,Shanghai International Circuit,China,2024-04-21,norris,Lando Norris,British,McLaren,4.0,2,18.0,56,Finished,4.0,1:38.751
2024,5,Chinese Grand Prix,Shanghai International Circuit,China,2024-04-21,perez,Sergio Pérez,Mexican,Red Bull,2.0,3,15.0,56,Finished,7.0,1:39.388
2024,5,Chinese Grand Prix,Shanghai International Circuit,China,2024-04-21,leclerc,Charles Leclerc,Monegasque,Ferrari,6.0,4,12.0,56,Finished,6.0,1:39.384
2024,5,Chinese Grand Prix,Shanghai International Circuit,China,2024-04-21,sainz,Carlos Sainz,Spanish,Ferrari,7.0,5,10.0,56,Finished,10.0,1:39.764
2024,5,Chinese Grand Prix,Shanghai International Circuit,China,2024-04-21,russell,George Russell,British,Mercedes,8.0,6,8.0,56,Finished,11.0,1:40.112
2024,5,Chinese Grand Prix,Shanghai International Circuit,China,2024-04-21,alonso,Fernando Alonso,Spanish,Aston Martin,3.0,7,7.0,56,Finished,1.0,1:37.810
2024,5,Chinese Grand Prix,Shanghai International Circuit,China,2024-04-21,piastri,Oscar Piastri,Australian,McLaren,5.0,8,4.0,56,Finished,9.0,1:39.739
2024,5,Chinese Grand Prix,Shanghai International Circuit,China,2024-04-21,hamilton,Lewis Hamilton,British,Mercedes,18.0,9,2.0,56,Finished,14.0,1:40.835
2024,5,Chinese Grand Prix,Shanghai International Circuit,China,2024-04-21,hulkenberg,Nico Hülkenberg,German,Haas F1 Team,9.0,10,1.0,56,Finished,13.0,1:40.815
2024,5,Chinese Grand Prix,Shanghai International Circuit,China,2024-04-21,ocon,Esteban Ocon,French,Alpine F1 Team,13.0,11,0.0,56,Finished,15.0,1:40.937
2024,5,Chinese Grand Prix,Shanghai International Circuit,China,2024-04-21,albon,Alexander Albon,Thai,Williams,14.0,12,0.0,56,Finished,12.0,1:40.790
2024,5,Chinese Grand Prix,Shanghai International Circuit,China,2024-04-21,gasly,Pierre Gasly,French,Alpine F1 Team,15.0,13,0.0,56,Finished,5.0,1:39.198
2024,5,Chinese Grand Prix,Shanghai International Circuit,China,2024-04-21,zhou,Guanyu Zhou,Chinese,Sauber,16.0,14,0.0,56,Finished,3.0,1:38.633
2024,5,Chinese Grand Prix,Shanghai International Circuit,China,2024-04-21,stroll,Lance Stroll,Canadian,Aston Martin,11.0,15,0.0,56,Finished,8.0,1:39.444
2024,5,Chinese Grand Prix,Shanghai International Circuit,China,2024-04-21,kevin_magnussen,Kevin Magnussen,Danish,Haas F1 Team,17.0,16,0.0,56,Finished,18.0,1:41.077
2024,5,Chinese Grand Prix,Shanghai International Circuit,China,2024-04-21,sargeant,Logan Sargeant,American,Williams,20.0,17,0.0,56,Finished,17.0,1:41.000
2024,5,Chinese Grand Prix,Shanghai International Circuit,China,2024-04-21,ricciardo,Daniel Ricciardo,Australian,RB F1 Team,12.0,18,0.0,33,Retired,16.0,1:40.994
2024,5,Chinese Grand Prix,Shanghai International Circuit,China,2024-04-21,tsunoda,Yuki Tsunoda,Japanese,RB F1 Team,19.0,19,0.0,26,Retired,20.0,1:41.593
2024,5,Chinese Grand Prix,Shanghai International Circuit,China,2024-04-21,bottas,Valtteri Bottas,Finnish,Sauber,10.0,20,0.0,19,Retired,19.0,1:41.276
2024,6,Miami Grand Prix,Miami International Autodrome,USA,2024-05-05,norris,Lando Norris,British,McLaren,5.0,1,25.0,57,Finished,5.0,1:30.980
2024,6,Miami Grand Prix,Miami International Autodrome,USA,2024-05-05,max_verstappen,Max Verstappen,Dutch,Red Bull,1.0,2,18.0,57,Finished,8.0,1:31.261
2024,6,Miami Grand Prix,Miami International Autodrome,USA,2024-05-05,leclerc,Charles Leclerc,Monegasque,Ferrari,2.0,3,15.0,57,Finished,6.0,1:31.084
2024,6,Miami Grand Prix,Miami International Autodrome,USA,2024-05-05,perez,Sergio Pérez,Mexican,Red Bull,4.0,4,12.0,57,Finished,3.0,1:30.855
2024,6,Miami Grand Prix,Miami International Autodrome,USA,2024-05-05,sainz,Carlos Sainz,Spanish,Ferrari,3.0,5,10.0,57,Finished,4.0,1:30.928
2024,6,Miami Grand Prix,Miami International Autodrome,USA,2024-05-05,hamilton,Lewis Hamilton,British,Mercedes,8.0,6,8.0,57,Finished,7.0,1:31.233
2024,6,Miami Grand Prix,Miami International Autodrome,USA,2024-05-05,tsunoda,Yuki Tsunoda,Japanese,RB F1 Team,10.0,7,6.0,57,Finished,10.0,1:31.682
2024,6,Miami Grand Prix,Miami International Autodrome,USA,2024-05-05,russell,George Russell,British,Mercedes,7.0,8,4.0,57,Finished,13.0,1:31.921
2024,6,Miami Grand Prix,Miami International Autodrome,USA,2024-05-05,alonso,Fernando Alonso,Spanish,Aston Martin,15.0,9,2.0,57,Finished,11.0,1:31.727
2024,6,Miami Grand Prix,Miami International Autodrome,USA,2024-05-05,ocon,Esteban Ocon,French,Alpine F1 Team,13.0,10,1.0,57,Finished,16.0,1:32.037
2024,6,Miami Grand Prix,Miami International Autodrome,USA,2024-05-05,hulkenberg,Nico Hülkenberg,German,Haas F1 Team,9.0,11,0.0,57,Finished,14.0,1:31.941
2024,6,Miami Grand Prix,Miami International Autodrome,USA,2024-05-05,gasly,Pierre Gasly,French,Alpine F1 Team,12.0,12,0.0,57,Finished,17.0,1:32.055
2024,6,Miami Grand Prix,Miami International Autodrome,USA,2024-05-05,piastri,Oscar Piastri,Australian,McLaren,6.0,13,0.0,57,Finished,1.0,1:30.634
2024,6,Miami Grand Prix,Miami International Autodrome,USA,2024-05-05,zhou,Guanyu Zhou,Chinese,Sauber,19.0,14,0.0,57,Finished,15.0,1:31.991
2024,6,Miami Grand Prix,Miami International Autodrome,USA,2024-05-05,ricciardo,Daniel Ricciardo,Australian,RB F1 Team,20.0,15,0.0,57,Finished,19.0,1:32.122
2024,6,Miami Grand Prix,Miami International Autodrome,USA,2024-05-05,bottas,Valtteri Bottas,Finnish,Sauber,16.0,16,0.0,57,Finished,18.0,1:32.098
2024,6,Miami Grand Prix,Miami International Autodrome,USA,2024-05-05,stroll,Lance Stroll,Canadian,Aston Martin,11.0,17,0.0,57,Finished,9.0,1:31.588
2024,6,Miami Grand Prix,Miami International Autodrome,USA,2024-05-05,albon,Alexander Albon,Thai,Williams,14.0,18,0.0,57,Finished,2.0,1:30.849
2024,6,Miami Grand Prix,Miami International Autodrome,USA,2024-05-05,kevin_magnussen,Kevin Magnussen,Danish,Haas F1 Team,18.0,19,0.0,57,Finished,12.0,1:31.774
2024,6,Miami Grand Prix,Miami International Autodrome,USA,2024-05-05,sargeant,Logan Sargeant,American,Williams,17.0,20,0.0,27,Retired,20.0,1:33.452
2024,7,Emilia Romagna Grand Prix,Autodromo Enzo e Dino Ferrari,Italy,2024-05-19,max_verstappen,Max Verstappen,Dutch,Red Bull,1.0,1,25.0,63,Finished,9.0,1:20.366
2024,7,Emilia Romagna Grand Prix,Autodromo Enzo e Dino Ferrari,Italy,2024-05-19,norris,Lando Norris,British,McLaren,2.0,2,18.0,63,Finished,6.0,1:19.994
2024,7,Emilia Romagna Grand Prix,Autodromo Enzo e Dino Ferrari,Italy,2024-05-19,leclerc,Charles Leclerc,Monegasque,Ferrari,3.0,3,15.0,63,Finished,5.0,1:19.935
2024,7,Emilia Romagna Grand Prix,Autodromo Enzo e Dino Ferrari,Italy,2024-05-19,piastri,Oscar Piastri,Australian,McLaren,5.0,4,12.0,63,Finished,4.0,1:19.907
2024,7,Emilia Romagna Grand Prix,Autodromo Enzo e Dino Ferrari,Italy,2024-05-19,sainz,Carlos Sainz,Spanish,Ferrari,4.0,5,10.0,63,Finished,7.0,1:20.220
2024,7,Emilia Romagna Grand Prix,Autodromo Enzo e Dino Ferrari,Italy,2024-05-19,hamilton,Lewis Hamilton,British,Mercedes,8.0,6,8.0,63,Finished,8.0,1:20.331
2024,7,Emilia Romagna Grand Prix,Autodromo Enzo e Dino Ferrari,Italy,2024-05-19,russell,George Russell,British,Mercedes,6.0,7,7.0,63,Finished,1.0,1:18.589
2024,7,Emilia Romagna Grand Prix,Autodromo Enzo e Dino Ferrari,Italy,2024-05-19,perez,Sergio Pérez,Mexican,Red Bull,11.0,8,4.0,63,Finished,3.0,1:19.686
2024,7,Emilia Romagna Grand Prix,Autodromo Enzo e Dino Ferrari,Italy,2024-05-19,stroll,Lance Stroll,Canadian,Aston Martin,13.0,9,2.0,63,Finished,10.0,1:20.570
2024,7,Emilia Romagna Grand Prix,Autodromo Enzo e Dino Ferrari,Italy,2024-05-19,tsunoda,Yuki Tsunoda,Japanese,RB F1 Team,7.0,10,1.0,62,Lapped,11.0,1:20.936
2024,7,Emilia Romagna Grand Prix,Autodromo Enzo e Dino Ferrari,Italy,2024-05-19,hulkenberg,Nico Hülkenberg,German,Haas F1 Team,10.0,11,0.0,62,Lapped,20.0,1:21.700
2024,7,Emilia Romagna Grand Prix,Autodromo Enzo e Dino Ferrari,Italy,2024-05-19,kevin_magnussen,Kevin Magnussen,Danish,Haas F1 Team,18.0,12,0.0,62,Lapped,12.0,1:21.009
2024,7,Emilia Romagna Grand Prix,Autodromo Enzo e Dino Ferrari,Italy,2024-05-19,ricciardo,Daniel Ricciardo,Australian,RB F1 Team,9.0,13,0.0,62,Lapped,19.0,1:21.569
2024,7,Emilia Romagna Grand Prix,Autodromo Enzo e Dino Ferrari,Italy,2024-05-19,ocon,Esteban Ocon,French,Alpine F1 Team,12.0,14,0.0,62,Lapped,16.0,1:21.304
2024,7,Emilia Romagna Grand Prix,Autodromo Enzo e Dino Ferrari,Italy,2024-05-19,zhou,Guanyu Zhou,Chinese,Sauber,17.0,15,0.0,62,Lapped,13.0,1:21.016
2024,7,Emilia Romagna Grand Prix,Autodromo Enzo e Dino Ferrari,Italy,2024-05-19,gasly,Pierre Gasly,French,Alpine F1 Team,15.0,16,0.0,62,Lapped,17.0,1:21.371
2024,7,Emilia Romagna Grand Prix,Autodromo Enzo e Dino Ferrari,Italy,2024-05-19,sargeant,Logan Sargeant,American,Williams,19.0,17,0.0,62,Lapped,14.0,1:21.229
2024,7,Emilia Romagna Grand Prix,Autodromo Enzo e Dino Ferrari,Italy,2024-05-19,bottas,Valtteri Bottas,Finnish,Sauber,16.0,18,0.0,62,Lapped,18.0,1:21.455
2024,7,Emilia Romagna Grand Prix,Autodromo Enzo e Dino Ferrari,Italy,2024-05-19,alonso,Fernando Alonso,Spanish,Aston Martin,20.0,19,0.0,62,Lapped,2.0,1:19.004
2024,7,Emilia Romagna Grand Prix,Autodromo Enzo e Dino Ferrari,Italy,2024-05-19,albon,Alexander Albon,Thai,Williams,14.0,20,0.0,51,Retired,15.0,1:21.274
2024,8,Monaco Grand Prix,Circuit de Monaco,Monaco,2024-05-26,leclerc,Charles Leclerc,Monegasque,Ferrari,1.0,1,25.0,78,Finished,6.0,1:15.162
2024,8,Monaco Grand Prix,Circuit de Monaco,Monaco,2024-05-26,piastri,Oscar Piastri,Australian,McLaren,2.0,2,18.0,78,Finished,11.0,1:16.281
2024,8,Monaco Grand Prix,Circuit de Monaco,Monaco,2024-05-26,sainz,Carlos Sainz,Spanish,Ferrari,3.0,3,15.0,78,Finished,5.0,1:14.726
2024,8,Monaco Grand Prix,Circuit de Monaco,Monaco,2024-05-26,norris,Lando Norris,British,McLaren,4.0,4,12.0,78,Finished,10.0,1:15.742
2024,8,Monaco Grand Prix,Circuit de Monaco,Monaco,2024-05-26,russell,George Russell,British,Mercedes,5.0,5,10.0,78,Finished,7.0,1:15.228
2024,8,Monaco Grand Prix,Circuit de Monaco,Monaco,2024-05-26,max_verstappen,Max Verstappen,Dutch,Red Bull,6.0,6,8.0,78,Finished,2.0,1:14.569
2024,8,Monaco Grand Prix,Circuit de Monaco,Monaco,2024-05-26,hamilton,Lewis Hamilton,British,Mercedes,7.0,7,7.0,78,Finished,1.0,1:14.165
2024,8,Monaco Grand Prix,Circuit de Monaco,Monaco,2024-05-26,tsunoda,Yuki Tsunoda,Japanese,RB F1 Team,8.0,8,4.0,77,Lapped,4.0,1:14.720
2024,8,Monaco Grand Prix,Circuit de Monaco,Monaco,2024-05-26,albon,Alexander Albon,Thai,Williams,9.0,9,2.0,77,Lapped,14.0,1:17.060
2024,8,Monaco Grand Prix,Circuit de Monaco,Monaco,2024-05-26,gasly,Pierre Gasly,French,Alpine F1 Team,10.0,10,1.0,77,Lapped,9.0,1:15.625
2024,8,Monaco Grand Prix,Circuit de Monaco,Monaco,2024-05-26,alonso,Fernando Alonso,Spanish,Aston Martin,14.0,11,0.0,76,Lapped,16.0,1:17.939
2024,8,Monaco Grand Prix,Circuit de Monaco,Monaco,2024-05-26,ricciardo,Daniel Ricciardo,Australian,RB F1 Team,12.0,12,0.0,76,Lapped,15.0,1:17.172
2024,8,Monaco Grand Prix,Circuit de Monaco,Monaco,2024-05-26,bottas,Valtteri Bottas,Finnish,Sauber,17.0,13,0.0,76,Lapped,12.0,1:16.561
2024,8,Monaco Grand Prix,Circuit de Monaco,Monaco,2024-05-26,stroll,Lance Stroll,Canadian,Aston Martin,13.0,14,0.0,76,Lapped,13.0,1:16.710
2024,8,Monaco Grand Prix,Circuit de Monaco,Monaco,2024-05-26,sargeant,Logan Sargeant,American,Williams,15.0,15,0.0,76,Lapped,8.0,1:15.525
2024,8,Monaco Grand Prix,Circuit de Monaco,Monaco,2024-05-26,zhou,Guanyu Zhou,Chinese,Sauber,18.0,16,0.0,76,Lapped,3.0,1:14.718
2024,8,Monaco Grand Prix,Circuit de Monaco,Monaco,2024-05-26,ocon,Esteban Ocon,French,Alpine F1 Team,11.0,17,0.0,0,Retired,,
2024,8,Monaco Grand Prix,Circuit de Monaco,Monaco,2024-05-26,perez,Sergio Pérez,Mexican,Red Bull,16.0,18,0.0,0,Retired,,
2024,8,Monaco Grand Prix,Circuit de Monaco,Monaco,2024-05-26,hulkenberg,Nico Hülkenberg,German,Haas F1 Team,19.0,19,0.0,0,Retired,,
2024,8,Monaco Grand Prix,Circuit de Monaco,Monaco,2024-05-26,kevin_magnussen,Kevin Magnussen,Danish,Haas F1 Team,20.0,20,0.0,0,Retired,,
2024,9,Canadian Grand Prix,Circuit Gilles Villeneuve,Canada,2024-06-09,max_verstappen,Max Verstappen,Dutch,Red Bull,2.0,1,25.0,70,Finished,4.0,1:15.569
2024,9,Canadian Grand Prix,Circuit Gilles Villeneuve,Canada,2024-06-09,norris,Lando Norris,British,McLaren,3.0,2,18.0,70,Finished,3.0,1:15.558
2024,9,Canadian Grand Prix,Circuit Gilles Villeneuve,Canada,2024-06-09,russell,George Russell,British,Mercedes,1.0,3,15.0,70,Finished,2.0,1:14.895
2024,9,Canadian Grand Prix,Circuit Gilles Villeneuve,Canada,2024-06-09,hamilton,Lewis Hamilton,British,Mercedes,7.0,4,13.0,70,Finished,1.0,1:14.856
2024,9,Canadian Grand Prix,Circuit Gilles Villeneuve,Canada,2024-06-09,piastri,Oscar Piastri,Australian,McLaren,4.0,5,10.0,70,Finished,5.0,1:16.247
2024,9,Canadian Grand Prix,Circuit Gilles Villeneuve,Canada,2024-06-09,alonso,Fernando Alonso,Spanish,Aston Martin,6.0,6,8.0,70,Finished,6.0,1:16.303
2024,9,Canadian Grand Prix,Circuit Gilles Villeneuve,Canada,2024-06-09,stroll,Lance Stroll,Canadian,Aston Martin,9.0,7,6.0,70,Finished,9.0,1:16.762
2024,9,Canadian Grand Prix,Circuit Gilles Villeneuve,Canada,2024-06-09,ricciardo,Daniel Ricciardo,Australian,RB F1 Team,5.0,8,4.0,70,Finished,12.0,1:17.076
2024,9,Canadian Grand Prix,Circuit Gilles Villeneuve,Canada,2024-06-09,gasly,Pierre Gasly,French,Alpine F1 Team,15.0,9,2.0,70,Finished,11.0,1:17.013
2024,9,Canadian Grand Prix,Circuit Gilles Villeneuve,Canada,2024-06-09,ocon,Esteban Ocon,French,Alpine F1 Team,18.0,10,1.0,70,Finished,10.0,1:17.012
2024,9,Canadian Grand Prix,Circuit Gilles Villeneuve,Canada,2024-06-09,hulkenberg,Nico Hülkenberg,German,Haas F1 Team,17.0,11,0.0,70,Finished,8.0,1:16.683
2024,9,Canadian Grand Prix,Circuit Gilles Villeneuve,Canada,2024-06-09,kevin_magnussen,Kevin Magnussen,Danish,Haas F1 Team,14.0,12,0.0,70,Finished,7.0,1:16.499
2024,9,Canadian Grand Prix,Circuit Gilles Villeneuve,Canada,2024-06-09,bottas,Valtteri Bottas,Finnish,Sauber,19.0,13,0.0,70,Finished,13.0,1:17.250
2024,9,Canadian Grand Prix,Circuit Gilles Villeneuve,Canada,2024-06-09,tsunoda,Yuki Tsunoda,Japanese,RB F1 Team,8.0,14,0.0,70,Finished,14.0,1:17.309
2024,9,Canadian Grand Prix,Circuit Gilles Villeneuve,Canada,2024-06-09,zhou,Guanyu Zhou,Chinese,Sauber,20.0,15,0.0,69,Lapped,15.0,1:17.325
2024,9,Canadian Grand Prix,Circuit Gilles Villeneuve,Canada,2024-06-09,sainz,Carlos Sainz,Spanish,Ferrari,12.0,16,0.0,52,Retired,17.0,1:18.957
2024,9,Canadian Grand Prix,Circuit Gilles Villeneuve,Canada,2024-06-09,albon,Alexander Albon,Thai,Williams,10.0,17,0.0,52,Retired,18.0,1:19.359
2024,9,Canadian Grand Prix,Circuit Gilles Villeneuve,Canada,2024-06-09,perez,Sergio Pérez,Mexican,Red Bull,16.0,18,0.0,51,Retired,16.0,1:18.819
2024,9,Canadian Grand Prix,Circuit Gilles Villeneuve,Canada,2024-06-09,leclerc,Charles Leclerc,Monegasque,Ferrari,11.0,19,0.0,40,Retired,19.0,1:26.012
2024,9,Canadian Grand Prix,Circuit Gilles Villeneuve,Canada,2024-06-09,sargeant,Logan Sargeant,American,Williams,13.0,20,0.0,23,Retired,20.0,1:26.484
2024,10,Spanish Grand Prix,Circuit de Barcelona-Catalunya,Spain,2024-06-23,max_verstappen,Max Verstappen,Dutch,Red Bull,2.0,1,25.0,66,Finished,2.0,1:17.776
2024,10,Spanish Grand Prix,Circuit de Barcelona-Catalunya,Spain,2024-06-23,norris,Lando Norris,British,McLaren,1.0,2,19.0,66,Finished,1.0,1:17.115
2024,10,Spanish Grand Prix,Circuit de Barcelona-Catalunya,Spain,2024-06-23,hamilton,Lewis Hamilton,British,Mercedes,3.0,3,15.0,66,Finished,4.0,1:17.809
2024,10,Spanish Grand Prix,Circuit de Barcelona-Catalunya,Spain,2024-06-23,russell,George Russell,British,Mercedes,4.0,4,12.0,66,Finished,7.0,1:18.290
2024,10,Spanish Grand Prix,Circuit de Barcelona-Catalunya,Spain,2024-06-23,leclerc,Charles Leclerc,Monegasque,Ferrari,5.0,5,10.0,66,Finished,6.0,1:17.897
2024,10,Spanish Grand Prix,Circuit de Barcelona-Catalunya,Spain,2024-06-23,sainz,Carlos Sainz,Spanish,Ferrari,6.0,6,8.0,66,Finished,9.0,1:18.539
2024,10,Spanish Grand Prix,Circuit de Barcelona-Catalunya,Spain,2024-06-23,piastri,Oscar Piastri,Australian,McLaren,9.0,7,6.0,66,Finished,5.0,1:17.874
2024,10,Spanish Grand Prix,Circuit de Barcelona-Catalunya,Spain,2024-06-23,perez,Sergio Pérez,Mexican,Red Bull,11.0,8,4.0,66,Finished,3.0,1:17.785
2024,10,Spanish Grand Prix,Circuit de Barcelona-Catalunya,Spain,2024-06-23,gasly,Pierre Gasly,French,Alpine F1 Team,7.0,9,2.0,66,Finished,13.0,1:19.045
2024,10,Spanish Grand Prix,Circuit de Barcelona-Catalunya,Spain,2024-06-23,ocon,Esteban Ocon,French,Alpine F1 Team,8.0,10,1.0,66,Finished,12.0,1:18.982
2024,10,Spanish Grand Prix,Circuit de Barcelona-Catalunya,Spain,2024-06-23,hulkenberg,Nico Hülkenberg,German,Haas F1 Team,13.0,11,0.0,66,Finished,10.0,1:18.609
2024,10,Spanish Grand Prix,Circuit de Barcelona-Catalunya,Spain,2024-06-23,alonso,Fernando Alonso,Spanish,Aston Martin,10.0,12,0.0,65,Lapped,8.0,1:18.334
2024,10,Spanish Grand Prix,Circuit de Barcelona-Catalunya,Spain,2024-06-23,zhou,Guanyu Zhou,Chinese,Sauber,15.0,13,0.0,65,Lapped,11.0,1:18.771
2024,10,Spanish Grand Prix,Circuit de Barcelona-Catalunya,Spain,2024-06-23,stroll,Lance Stroll,Canadian,Aston Martin,14.0,14,0.0,65,Lapped,15.0,1:19.318
2024,10,Spanish Grand Prix,Circuit de Barcelona-Catalunya,Spain,2024-06-23,ricciardo,Daniel Ricciardo,Australian,RB F1 Team,18.0,15,0.0,65,Lapped,17.0,1:19.450
2024,10,Spanish Grand Prix,Circuit de Barcelona-Catalunya,Spain,2024-06-23,bottas,Valtteri Bottas,Finnish,Sauber,12.0,16,0.0,65,Lapped,18.0,1:19.608
2024,10,Spanish Grand Prix,Circuit de Barcelona-Catalunya,Spain,2024-06-23,kevin_magnussen,Kevin Magnussen,Danish,Haas F1 Team,16.0,17,0.0,65,Lapped,19.0,1:19.805
2024,10,Spanish Grand Prix,Circuit de Barcelona-Catalunya,Spain,2024-06-23,albon,Alexander Albon,Thai,Williams,20.0,18,0.0,65,Lapped,14.0,1:19.132
2024,10,Spanish Grand Prix,Circuit de Barcelona-Catalunya,Spain,2024-06-23,tsunoda,Yuki Tsunoda,Japanese,RB F1 Team,17.0,19,0.0,65,Lapped,16.0,1:19.447
2024,10,Spanish Grand Prix,Circuit de Barcelona-Catalunya,Spain,2024-06-23,sargeant,Logan Sargeant,American,Williams,19.0,20,0.0,64,Lapped,20.0,1:20.172
2024,11,Austrian Grand Prix,Red Bull Ring,Austria,2024-06-30,russell,George Russell,British,Mercedes,3.0,1,25.0,71,Finished,5.0,1:09.164
2024,11,Austrian Grand Prix,Red Bull Ring,Austria,2024-06-30,piastri,Oscar Piastri,Australian,McLaren,7.0,2,18.0,71,Finished,4.0,1:08.697
2024,11,Austrian Grand Prix,Red Bull Ring,Austria,2024-06-30,sainz,Carlos Sainz,Spanish,Ferrari,4.0,3,15.0,71,Finished,6.0,1:09.282
2024,11,Austrian Grand Prix,Red Bull Ring,Austria,2024-06-30,hamilton,Lewis Hamilton,British,Mercedes,5.0,4,12.0,71,Finished,7.0,1:09.562
2024,11,Austrian Grand Prix,Red Bull Ring,Austria,2024-06-30,max_verstappen,Max Verstappen,Dutch,Red Bull,1.0,5,10.0,71,Finished,2.0,1:07.719
2024,11,Austrian Grand Prix,Red Bull Ring,Austria,2024-06-30,hulkenberg,Nico Hülkenberg,German,Haas F1 Team,9.0,6,8.0,71,Finished,14.0,1:10.215
2024,11,Austrian Grand Prix,Red Bull Ring,Austria,2024-06-30,perez,Sergio Pérez,Mexican,Red Bull,8.0,7,6.0,71,Finished,11.0,1:09.694
2024,11,Austrian Grand Prix,Red Bull Ring,Austria,2024-06-30,kevin_magnussen,Kevin Magnussen,Danish,Haas F1 Team,12.0,8,4.0,71,Finished,12.0,1:10.125
2024,11,Austrian Grand Prix,Red Bull Ring,Austria,2024-06-30,ricciardo,Daniel Ricciardo,Australian,RB F1 Team,11.0,9,2.0,71,Finished,18.0,1:10.426
2024,11,Austrian Grand Prix,Red Bull Ring,Austria,2024-06-30,gasly,Pierre Gasly,French,Alpine F1 Team,13.0,10,1.0,71,Finished,9.0,1:09.609
2024,11,Austrian Grand Prix,Red Bull Ring,Austria,2024-06-30,leclerc,Charles Leclerc,Monegasque,Ferrari,6.0,11,0.0,71,Finished,8.0,1:09.584
2024,11,Austrian Grand Prix,Red Bull Ring,Austria,2024-06-30,ocon,Esteban Ocon,French,Alpine F1 Team,10.0,12,0.0,71,Finished,10.0,1:09.649
2024,11,Austrian Grand Prix,Red Bull Ring,Austria,2024-06-30,stroll,Lance Stroll,Canadian,Aston Martin,17.0,13,0.0,70,Lapped,13.0,1:10.143
2024,11,Austrian Grand Prix,Red Bull Ring,Austria,2024-06-30,tsunoda,Yuki Tsunoda,Japanese,RB F1 Team,14.0,14,0.0,70,Lapped,15.0,1:10.318
2024,11,Austrian Grand Prix,Red Bull Ring,Austria,2024-06-30,albon,Alexander Albon,Thai,Williams,16.0,15,0.0,70,Lapped,16.0,1:10.364
2024,11,Austrian Grand Prix,Red Bull Ring,Austria,2024-06-30,bottas,Valtteri Bottas,Finnish,Sauber,18.0,16,0.0,70,Lapped,19.0,1:10.449
2024,11,Austrian Grand Prix,Red Bull Ring,Austria,2024-06-30,zhou,Guanyu Zhou,Chinese,Sauber,20.0,17,0.0,70,Lapped,20.0,1:10.470
2024,11,Austrian Grand Prix,Red Bull Ring,Austria,2024-06-30,alonso,Fernando Alonso,Spanish,Aston Martin,15.0,18,0.0,70,Lapped,1.0,1:07.694
2024,11,Austrian Grand Prix,Red Bull Ring,Austria,2024-06-30,sargeant,Logan Sargeant,American,Williams,19.0,19,0.0,69,Lapped,17.0,1:10.406
2024,11,Austrian Grand Prix,Red Bull Ring,Austria,2024-06-30,norris,Lando Norris,British,McLaren,2.0,20,0.0,64,Lapped,3.0,1:08.016
2024,12,British Grand Prix,Silverstone Circuit,UK,2024-07-07,hamilton,Lewis Hamilton,British,Mercedes,2.0,1,25.0,52,Finished,5.0,1:29.438
2024,12,British Grand Prix,Silverstone Circuit,UK,2024-07-07,max_verstappen,Max Verstappen,Dutch,Red Bull,4.0,2,18.0,52,Finished,3.0,1:28.952
2024,12,British Grand Prix,Silverstone Circuit,UK,2024-07-07,norris,Lando Norris,British,McLaren,3.0,3,15.0,52,Finished,4.0,1:29.262
2024,12,British Grand Prix,Silverstone Circuit,UK,2024-07-07,piastri,Oscar Piastri,Australian,McLaren,5.0,4,12.0,52,Finished,2.0,1:28.748
2024,12,British Grand Prix,Silverstone Circuit,UK,2024-07-07,sainz,Carlos Sainz,Spanish,Ferrari,7.0,5,11.0,52,Finished,1.0,1:28.293
2024,12,British Grand Prix,Silverstone Circuit,UK,2024-07-07,hulkenberg,Nico Hülkenberg,German,Haas F1 Team,6.0,6,8.0,52,Finished,10.0,1:29.836
2024,12,British Grand Prix,Silverstone Circuit,UK,2024-07-07,stroll,Lance Stroll,Canadian,Aston Martin,8.0,7,6.0,52,Finished,11.0,1:29.897
2024,12,British Grand Prix,Silverstone Circuit,UK,2024-07-07,alonso,Fernando Alonso,Spanish,Aston Martin,10.0,8,4.0,52,Finished,7.0,1:29.710
2024,12,British Grand Prix,Silverstone Circuit,UK,2024-07-07,albon,Alexander Albon,Thai,Williams,9.0,9,2.0,52,Finished,8.0,1:29.718
2024,12,British Grand Prix,Silverstone Circuit,UK,2024-07-07,tsunoda,Yuki Tsunoda,Japanese,RB F1 Team,13.0,10,1.0,52,Finished,14.0,1:30.229
2024,12,British Grand Prix,Silverstone Circuit,UK,2024-07-07,sargeant,Logan Sargeant,American,Williams,12.0,11,0.0,52,Finished,12.0,1:29.972
2024,12,British Grand Prix,Silverstone Circuit,UK,2024-07-07,kevin_magnussen,Kevin Magnussen,Danish,Haas F1 Team,17.0,12,0.0,52,Finished,13.0,1:30.093
2024,12,British Grand Prix,Silverstone Circuit,UK,2024-07-07,ricciardo,Daniel Ricciardo,Australian,RB F1 Team,15.0,13,0.0,51,Lapped,15.0,1:30.735
2024,12,British Grand Prix,Silverstone Circuit,UK,2024-07-07,leclerc,Charles Leclerc,Monegasque,Ferrari,11.0,14,0.0,51,Lapped,9.0,1:29.748
2024,12,British Grand Prix,Silverstone Circuit,UK,2024-07-07,bottas,Valtteri Bottas,Finnish,Sauber,16.0,15,0.0,51,Lapped,18.0,1:31.277
2024,12,British Grand Prix,Silverstone Circuit,UK,2024-07-07,ocon,Esteban Ocon,French,Alpine F1 Team,18.0,16,0.0,50,Lapped,16.0,1:30.875
2024,12,British Grand Prix,Silverstone Circuit,UK,2024-07-07,perez,Sergio Pérez,Mexican,Red Bull,20.0,17,0.0,50,Lapped,6.0,1:29.707
2024,12,British Grand Prix,Silverstone Circuit,UK,2024-07-07,zhou,Guanyu Zhou,Chinese,Sauber,14.0,18,0.0,50,Lapped,17.0,1:31.014
2024,12,British Grand Prix,Silverstone Circuit,UK,2024-07-07,russell,George Russell,British,Mercedes,1.0,19,0.0,33,Retired,19.0,1:31.298
2024,12,British Grand Prix,Silverstone Circuit,UK,2024-07-07,gasly,Pierre Gasly,French,Alpine F1 Team,19.0,20,0.0,0,Did not start,,
2024,13,Hungarian Grand Prix,Hungaroring,Hungary,2024-07-21,piastri,Oscar Piastri,Australian,McLaren,2.0,1,25.0,70,Finished,8.0,1:21.716
2024,13,Hungarian Grand Prix,Hungaroring,Hungary,2024-07-21,norris,Lando Norris,British,McLaren,1.0,2,18.0,70,Finished,7.0,1:21.712
2024,13,Hungarian Grand Prix,Hungaroring,Hungary,2024-07-21,hamilton,Lewis Hamilton,British,Mercedes,5.0,3,15.0,70,Finished,9.0,1:22.153
2024,13,Hungarian Grand Prix,Hungaroring,Hungary,2024-07-21,leclerc,Charles Leclerc,Monegasque,Ferrari,6.0,4,12.0,70,Finished,10.0,1:22.182
2024,13,Hungarian Grand Prix,Hungaroring,Hungary,2024-07-21,max_verstappen,Max Verstappen,Dutch,Red Bull,3.0,5,10.0,70,Finished,3.0,1:20.908
2024,13,Hungarian Grand Prix,Hungaroring,Hungary,2024-07-21,sainz,Carlos Sainz,Spanish,Ferrari,4.0,6,8.0,70,Finished,5.0,1:21.441
2024,13,Hungarian Grand Prix,Hungaroring,Hungary,2024-07-21,perez,Sergio Pérez,Mexican,Red Bull,16.0,7,6.0,70,Finished,4.0,1:21.096
2024,13,Hungarian Grand Prix,Hungaroring,Hungary,2024-07-21,russell,George Russell,British,Mercedes,17.0,8,5.0,70,Finished,1.0,1:20.305
2024,13,Hungarian Grand Prix,Hungaroring,Hungary,2024-07-21,tsunoda,Yuki Tsunoda,Japanese,RB F1 Team,10.0,9,2.0,70,Finished,18.0,1:23.533
2024,13,Hungarian Grand Prix,Hungaroring,Hungary,2024-07-21,stroll,Lance Stroll,Canadian,Aston Martin,8.0,10,1.0,70,Finished,11.0,1:22.338
2024,13,Hungarian Grand Prix,Hungaroring,Hungary,2024-07-21,alonso,Fernando Alonso,Spanish,Aston Martin,7.0,11,0.0,70,Finished,14.0,1:23.063
2024,13,Hungarian Grand Prix,Hungaroring,Hungary,2024-07-21,ricciardo,Daniel Ricciardo,Australian,RB F1 Team,9.0,12,0.0,69,Lapped,12.0,1:22.640
2024,13,Hungarian Grand Prix,Hungaroring,Hungary,2024-07-21,hulkenberg,Nico Hülkenberg,German,Haas F1 Team,11.0,13,0.0,69,Lapped,16.0,1:23.461
2024,13,Hungarian Grand Prix,Hungaroring,Hungary,2024-07-21,albon,Alexander Albon,Thai,Williams,13.0,14,0.0,69,Lapped,20.0,1:23.930
2024,13,Hungarian Grand Prix,Hungaroring,Hungary,2024-07-21,kevin_magnussen,Kevin Magnussen,Danish,Haas F1 Team,15.0,15,0.0,69,Lapped,19.0,1:23.553
2024,13,Hungarian Grand Prix,Hungaroring,Hungary,2024-07-21,bottas,Valtteri Bottas,Finnish,Sauber,12.0,16,0.0,69,Lapped,13.0,1:22.792
2024,13,Hungarian Grand Prix,Hungaroring,Hungary,2024-07-21,sargeant,Logan Sargeant,American,Williams,14.0,17,0.0,69,Lapped,2.0,1:20.561
2024,13,Hungarian Grand Prix,Hungaroring,Hungary,2024-07-21,ocon,Esteban Ocon,French,Alpine F1 Team,19.0,18,0.0,69,Lapped,6.0,1:21.610
2024,13,Hungarian Grand Prix,Hungaroring,Hungary,2024-07-21,zhou,Guanyu Zhou,Chinese,Sauber,18.0,19,0.0,69,Lapped,17.0,1:23.487
2024,13,Hungarian Grand Prix,Hungaroring,Hungary,2024-07-21,gasly,Pierre Gasly,French,Alpine F1 Team,20.0,20,0.0,33,Retired,15.0,1:23.340
2024,14,Belgian Grand Prix,Circuit de Spa-Francorchamps,Belgium,2024-07-28,hamilton,Lewis Hamilton,British,Mercedes,3.0,1,25.0,44,Finished,6.0,1:46.653
2024,14,Belgian Grand Prix,Circuit de Spa-Francorchamps,Belgium,2024-07-28,piastri,Oscar Piastri,Australian,McLaren,5.0,2,18.0,44,Finished,3.0,1:45.840
2024,14,Belgian Grand Prix,Circuit de Spa-Francorchamps,Belgium,2024-07-28,leclerc,Charles Leclerc,Monegasque,Ferrari,1.0,3,15.0,44,Finished,8.0,1:47.013
2024,14,Belgian Grand Prix,Circuit de Spa-Francorchamps,Belgium,2024-07-28,max_verstappen,Max Verstappen,Dutch,Red Bull,11.0,4,12.0,44,Finished,4.0,1:46.128
2024,14,Belgian Grand Prix,Circuit de Spa-Francorchamps,Belgium,2024-07-28,norris,Lando Norris,British,McLaren,4.0,5,10.0,44,Finished,2.0,1:45.563
2024,14,Belgian Grand Prix,Circuit de Spa-Francorchamps,Belgium,2024-07-28,sainz,Carlos Sainz,Spanish,Ferrari,7.0,6,8.0,44,Finished,5.0,1:46.364
2024,14,Belgian Grand Prix,Circuit de Spa-Francorchamps,Belgium,2024-07-28,perez,Sergio Pérez,Mexican,Red Bull,2.0,7,7.0,44,Finished,1.0,1:44.701
2024,14,Belgian Grand Prix,Circuit de Spa-Francorchamps,Belgium,2024-07-28,alonso,Fernando Alonso,Spanish,Aston Martin,8.0,8,4.0,44,Finished,17.0,1:48.051
2024,14,Belgian Grand Prix,Circuit de Spa-Francorchamps,Belgium,2024-07-28,ocon,Esteban Ocon,French,Alpine F1 Team,9.0,9,2.0,44,Finished,7.0,1:46.957
2024,14,Belgian Grand Prix,Circuit de Spa-Francorchamps,Belgium,2024-07-28,ricciardo,Daniel Ricciardo,Australian,RB F1 Team,13.0,10,1.0,44,Finished,12.0,1:47.435
2024,14,Belgian Grand Prix,Circuit de Spa-Francorchamps,Belgium,2024-07-28,stroll,Lance Stroll,Canadian,Aston Martin,15.0,11,0.0,44,Finished,18.0,1:48.105
2024,14,Belgian Grand Prix,Circuit de Spa-Francorchamps,Belgium,2024-07-28,albon,Alexander Albon,Thai,Williams,10.0,12,0.0,44,Finished,16.0,1:47.996
2024,14,Belgian Grand Prix,Circuit de Spa-Francorchamps,Belgium,2024-07-28,gasly,Pierre Gasly,French,Alpine F1 Team,12.0,13,0.0,44,Finished,11.0,1:47.418
2024,14,Belgian Grand Prix,Circuit de Spa-Francorchamps,Belgium,2024-07-28,kevin_magnussen,Kevin Magnussen,Danish,Haas F1 Team,17.0,14,0.0,44,Finished,14.0,1:47.848
2024,14,Belgian Grand Prix,Circuit de Spa-Francorchamps,Belgium,2024-07-28,bottas,Valtteri Bottas,Finnish,Sauber,14.0,15,0.0,44,Finished,9.0,1:47.019
2024,14,Belgian Grand Prix,Circuit de Spa-Francorchamps,Belgium,2024-07-28,tsunoda,Yuki Tsunoda,Japanese,RB F1 Team,20.0,16,0.0,44,Finished,15.0,1:47.969
2024,14,Belgian Grand Prix,Circuit de Spa-Francorchamps,Belgium,2024-07-28,sargeant,Logan Sargeant,American,Williams,18.0,17,0.0,44,Finished,13.0,1:47.490
2024,14,Belgian Grand Prix,Circuit de Spa-Francorchamps,Belgium,2024-07-28,hulkenberg,Nico Hülkenberg,German,Haas F1 Team,16.0,18,0.0,44,Finished,19.0,1:48.954
2024,14,Belgian Grand Prix,Circuit de Spa-Francorchamps,Belgium,2024-07-28,zhou,Guanyu Zhou,Chinese,Sauber,19.0,19,0.0,5,Retired,20.0,1:52.099
2024,14,Belgian Grand Prix,Circuit de Spa-Francorchamps,Belgium,2024-07-28,russell,George Russell,British,Mercedes,6.0,20,0.0,44,Disqualified,10.0,1:47.113
2024,15,Dutch Grand Prix,Circuit Park Zandvoort,Netherlands,2024-08-25,norris,Lando Norris,British,McLaren,1.0,1,26.0,72,Finished,1.0,1:13.817
2024,15,Dutch Grand Prix,Circuit Park Zandvoort,Netherlands,2024-08-25,max_verstappen,Max Verstappen,Dutch,Red Bull,2.0,2,18.0,72,Finished,9.0,1:14.752
2024,15,Dutch Grand Prix,Circuit Park Zandvoort,Netherlands,2024-08-25,leclerc,Charles Leclerc,Monegasque,Ferrari,6.0,3,15.0,72,Finished,7.0,1:14.585
2024,15,Dutch Grand Prix,Circuit Park Zandvoort,Netherlands,2024-08-25,piastri,Oscar Piastri,Australian,McLaren,3.0,4,12.0,72,Finished,5.0,1:14.237
2024,15,Dutch Grand Prix,Circuit Park Zandvoort,Netherlands,2024-08-25,sainz,Carlos Sainz,Spanish,Ferrari,10.0,5,10.0,72,Finished,4.0,1:14.117
2024,15,Dutch Grand Prix,Circuit Park Zandvoort,Netherlands,2024-08-25,perez,Sergio Pérez,Mexican,Red Bull,5.0,6,8.0,72,Finished,8.0,1:14.587
2024,15,Dutch Grand Prix,Circuit Park Zandvoort,Netherlands,2024-08-25,russell,George Russell,British,Mercedes,4.0,7,6.0,72,Finished,3.0,1:13.927
2024,15,Dutch Grand Prix,Circuit Park Zandvoort,Netherlands,2024-08-25,hamilton,Lewis Hamilton,British,Mercedes,14.0,8,4.0,72,Finished,2.0,1:13.878
2024,15,Dutch Grand Prix,Circuit Park Zandvoort,Netherlands,2024-08-25,gasly,Pierre Gasly,French,Alpine F1 Team,9.0,9,2.0,71,Lapped,11.0,1:14.855
2024,15,Dutch Grand Prix,Circuit Park Zandvoort,Netherlands,2024-08-25,alonso,Fernando Alonso,Spanish,Aston Martin,7.0,10,1.0,71,Lapped,10.0,1:14.758
2024,15,Dutch Grand Prix,Circuit Park Zandvoort,Netherlands,2024-08-25,hulkenberg,Nico Hülkenberg,German,Haas F1 Team,12.0,11,0.0,71,Lapped,18.0,1:15.657
2024,15,Dutch Grand Prix,Circuit Park Zandvoort,Netherlands,2024-08-25,ricciardo,Daniel Ricciardo,Australian,RB F1 Team,13.0,12,0.0,71,Lapped,13.0,1:15.222
2024,15,Dutch Grand Prix,Circuit Park Zandvoort,Netherlands,2024-08-25,stroll,Lance Stroll,Canadian,Aston Martin,8.0,13,0.0,71,Lapped,14.0,1:15.255
2024,15,Dutch Grand Prix,Circuit Park Zandvoort,Netherlands,2024-08-25,albon,Alexander Albon,Thai,Williams,19.0,14,0.0,71,Lapped,6.0,1:14.434
2024,15,Dutch Grand Prix,Circuit Park Zandvoort,Netherlands,2024-08-25,ocon,Esteban Ocon,French,Alpine F1 Team,15.0,15,0.0,71,Lapped,15.0,1:15.390
2024,15,Dutch Grand Prix,Circuit Park Zandvoort,Netherlands,2024-08-25,sargeant,Logan Sargeant,American,Williams,18.0,16,0.0,71,Lapped,16.0,1:15.539
2024,15,Dutch Grand Prix,Circuit Park Zandvoort,Netherlands,2024-08-25,tsunoda,Yuki Tsunoda,Japanese,RB F1 Team,11.0,17,0.0,71,Lapped,17.0,1:15.552
2024,15,Dutch Grand Prix,Circuit Park Zandvoort,Netherlands,2024-08-25,kevin_magnussen,Kevin Magnussen,Danish,Haas F1 Team,20.0,18,0.0,71,Lapped,12.0,1:14.954
2024,15,Dutch Grand Prix,Circuit Park Zandvoort,Netherlands,2024-08-25,bottas,Valtteri Bottas,Finnish,Sauber,16.0,19,0.0,70,Lapped,20.0,1:15.822
2024,15,Dutch Grand Prix,Circuit Park Zandvoort,Netherlands,2024-08-25,zhou,Guanyu Zhou,Chinese,Sauber,17.0,20,0.0,70,Lapped,19.0,1:15.724
2024,16,Italian Grand Prix,Autodromo Nazionale di Monza,Italy,2024-09-01,leclerc,Charles Leclerc,Monegasque,Ferrari,4.0,1,25.0,53,Finished,10.0,1:23.226
2024,16,Italian Grand Prix,Autodromo Nazionale di Monza,Italy,2024-09-01,piastri,Oscar Piastri,Australian,McLaren,2.0,2,18.0,53,Finished,4.0,1:21.943
2024,16,Italian Grand Prix,Autodromo Nazionale di Monza,Italy,2024-09-01,norris,Lando Norris,British,McLaren,1.0,3,16.0,53,Finished,1.0,1:21.432
2024,16,Italian Grand Prix,Autodromo Nazionale di Monza,Italy,2024-09-01,sainz,Carlos Sainz,Spanish,Ferrari,5.0,4,12.0,53,Finished,9.0,1:23.219
2024,16,Italian Grand Prix,Autodromo Nazionale di Monza,Italy,2024-09-01,hamilton,Lewis Hamilton,British,Mercedes,6.0,5,10.0,53,Finished,2.0,1:21.512
2024,16,Italian Grand Prix,Autodromo Nazionale di Monza,Italy,2024-09-01,max_verstappen,Max Verstappen,Dutch,Red Bull,7.0,6,8.0,53,Finished,3.0,1:21.745
2024,16,Italian Grand Prix,Autodromo Nazionale di Monza,Italy,2024-09-01,russell,George Russell,British,Mercedes,3.0,7,6.0,53,Finished,5.0,1:22.036
2024,16,Italian Grand Prix,Autodromo Nazionale di Monza,Italy,2024-09-01,perez,Sergio Pérez,Mexican,Red Bull,8.0,8,4.0,53,Finished,8.0,1:22.971
2024,16,Italian Grand Prix,Autodromo Nazionale di Monza,Italy,2024-09-01,albon,Alexander Albon,Thai,Williams,9.0,9,2.0,53,Finished,16.0,1:23.918
2024,16,Italian Grand Prix,Autodromo Nazionale di Monza,Italy,2024-09-01,kevin_magnussen,Kevin Magnussen,Danish,Haas F1 Team,13.0,10,1.0,53,Finished,12.0,1:23.437
2024,16,Italian Grand Prix,Autodromo Nazionale di Monza,Italy,2024-09-01,alonso,Fernando Alonso,Spanish,Aston Martin,11.0,11,0.0,53,Finished,7.0,1:22.944
2024,16,Italian Grand Prix,Autodromo Nazionale di Monza,Italy,2024-09-01,colapinto,Franco Colapinto,Argentine,Williams,18.0,12,0.0,53,Finished,14.0,1:23.728
2024,16,Italian Grand Prix,Autodromo Nazionale di Monza,Italy,2024-09-01,ricciardo,Daniel Ricciardo,Australian,RB F1 Team,12.0,13,0.0,53,Finished,17.0,1:24.219
2024,16,Italian Grand Prix,Autodromo Nazionale di Monza,Italy,2024-09-01,ocon,Esteban Ocon,French,Alpine F1 Team,15.0,14,0.0,52,Lapped,18.0,1:24.343
2024,16,Italian Grand Prix,Autodromo Nazionale di Monza,Italy,2024-09-01,gasly,Pierre Gasly,French,Alpine F1 Team,14.0,15,0.0,52,Lapped,15.0,1:23.755
2024,16,Italian Grand Prix,Autodromo Nazionale di Monza,Italy,2024-09-01,bottas,Valtteri Bottas,Finnish,Sauber,19.0,16,0.0,52,Lapped,13.0,1:23.609
2024,16,Italian Grand Prix,Autodromo Nazionale di Monza,Italy,2024-09-01,hulkenberg,Nico Hülkenberg,German,Haas F1 Team,10.0,17,0.0,52,Lapped,11.0,1:23.275
2024,16,Italian Grand Prix,Autodromo Nazionale di Monza,Italy,2024-09-01,zhou,Guanyu Zhou,Chinese,Sauber,20.0,18,0.0,52,Lapped,19.0,1:25.092
2024,16,Italian Grand Prix,Autodromo Nazionale di Monza,Italy,2024-09-01,stroll,Lance Stroll,Canadian,Aston Martin,17.0,19,0.0,52,Lapped,6.0,1:22.232
2024,16,Italian Grand Prix,Autodromo Nazionale di Monza,Italy,2024-09-01,tsunoda,Yuki Tsunoda,Japanese,RB F1 Team,16.0,20,0.0,7,Retired,20.0,1:26.198
2024,17,Azerbaijan Grand Prix,Baku City Circuit,Azerbaijan,2024-09-15,piastri,Oscar Piastri,Australian,McLaren,2.0,1,25.0,51,Finished,9.0,1:47.060
2024,17,Azerbaijan Grand Prix,Baku City Circuit,Azerbaijan,2024-09-15,leclerc,Charles Leclerc,Monegasque,Ferrari,1.0,2,18.0,51,Finished,10.0,1:47.067
2024,17,Azerbaijan Grand Prix,Baku City Circuit,Azerbaijan,2024-09-15,russell,George Russell,British,Mercedes,5.0,3,15.0,51,Finished,2.0,1:46.628
2024,17,Azerbaijan Grand Prix,Baku City Circuit,Azerbaijan,2024-09-15,norris,Lando Norris,British,McLaren,15.0,4,13.0,51,Finished,1.0,1:45.255
2024,17,Azerbaijan Grand Prix,Baku City Circuit,Azerbaijan,2024-09-15,max_verstappen,Max Verstappen,Dutch,Red Bull,6.0,5,10.0,51,Finished,3.0,1:46.798
2024,17,Azerbaijan Grand Prix,Baku City Circuit,Azerbaijan,2024-09-15,alonso,Fernando Alonso,Spanish,Aston Martin,7.0,6,8.0,51,Finished,8.0,1:47.057
2024,17,Azerbaijan Grand Prix,Baku City Circuit,Azerbaijan,2024-09-15,albon,Alexander Albon,Thai,Williams,9.0,7,6.0,51,Finished,5.0,1:46.947
2024,17,Azerbaijan Grand Prix,Baku City Circuit,Azerbaijan,2024-09-15,colapinto,Franco Colapinto,Argentine,Williams,8.0,8,4.0,51,Finished,12.0,1:47.274
2024,17,Azerbaijan Grand Prix,Baku City Circuit,Azerbaijan,2024-09-15,hamilton,Lewis Hamilton,British,Mercedes,19.0,9,2.0,51,Finished,11.0,1:47.236
2024,17,Azerbaijan Grand Prix,Baku City Circuit,Azerbaijan,2024-09-15,bearman,Oliver Bearman,British,Haas F1 Team,10.0,10,1.0,51,Finished,7.0,1:47.048
2024,17,Azerbaijan Grand Prix,Baku City Circuit,Azerbaijan,2024-09-15,hulkenberg,Nico Hülkenberg,German,Haas F1 Team,12.0,11,0.0,51,Finished,14.0,1:47.691
2024,17,Azerbaijan Grand Prix,Baku City Circuit,Azerbaijan,2024-09-15,gasly,Pierre Gasly,French,Alpine F1 Team,18.0,12,0.0,51,Finished,15.0,1:48.018
2024,17,Azerbaijan Grand Prix,Baku City Circuit,Azerbaijan,2024-09-15,ricciardo,Daniel Ricciardo,Australian,RB F1 Team,14.0,13,0.0,51,Finished,17.0,1:48.380
2024,17,Azerbaijan Grand Prix,Baku City Circuit,Azerbaijan,2024-09-15,zhou,Guanyu Zhou,Chinese,Sauber,17.0,14,0.0,51,Finished,13.0,1:47.644
2024,17,Azerbaijan Grand Prix,Baku City Circuit,Azerbaijan,2024-09-15,ocon,Esteban Ocon,French,Alpine F1 Team,20.0,15,0.0,50,Lapped,19.0,1:48.831
2024,17,Azerbaijan Grand Prix,Baku City Circuit,Azerbaijan,2024-09-15,bottas,Valtteri Bottas,Finnish,Sauber,16.0,16,0.0,50,Lapped,18.0,1:48.418
2024,17,Azerbaijan Grand Prix,Baku City Circuit,Azerbaijan,2024-09-15,perez,Sergio Pérez,Mexican,Red Bull,4.0,17,0.0,49,Retired,6.0,1:47.013
2024,17,Azerbaijan Grand Prix,Baku City Circuit,Azerbaijan,2024-09-15,sainz,Carlos Sainz,Spanish,Ferrari,3.0,18,0.0,49,Retired,4.0,1:46.866
2024,17,Azerbaijan Grand Prix,Baku City Circuit,Azerbaijan,2024-09-15,stroll,Lance Stroll,Canadian,Aston Martin,13.0,19,0.0,45,Retired,16.0,1:48.148
2024,17,Azerbaijan Grand Prix,Baku City Circuit,Azerbaijan,2024-09-15,tsunoda,Yuki Tsunoda,Japanese,RB F1 Team,11.0,20,0.0,14,Retired,20.0,1:50.887
2024,18,Singapore Grand Prix,Marina Bay Street Circuit,Singapore,2024-09-22,norris,Lando Norris,British,McLaren,1.0,1,25.0,62,Finished,2.0,1:34.925
2024,18,Singapore Grand Prix,Marina Bay Street Circuit,Singapore,2024-09-22,max_verstappen,Max Verstappen,Dutch,Red Bull,2.0,2,18.0,62,Finished,5.0,1:35.967
2024,18,Singapore Grand Prix,Marina Bay Street Circuit,Singapore,2024-09-22,piastri,Oscar Piastri,Australian,McLaren,5.0,3,15.0,62,Finished,4.0,1:35.745
2024,18,Singapore Grand Prix,Marina Bay Street Circuit,Singapore,2024-09-22,russell,George Russell,British,Mercedes,4.0,4,12.0,62,Finished,10.0,1:37.047
2024,18,Singapore Grand Prix,Marina Bay Street Circuit,Singapore,2024-09-22,leclerc,Charles Leclerc,Monegasque,Ferrari,9.0,5,10.0,62,Finished,3.0,1:35.371
2024,18,Singapore Grand Prix,Marina Bay Street Circuit,Singapore,2024-09-22,hamilton,Lewis Hamilton,British,Mercedes,3.0,6,8.0,62,Finished,12.0,1:37.393
2024,18,Singapore Grand Prix,Marina Bay Street Circuit,Singapore,2024-09-22,sainz,Carlos Sainz,Spanish,Ferrari,10.0,7,6.0,62,Finished,7.0,1:36.561
2024,18,Singapore Grand Prix,Marina Bay Street Circuit,Singapore,2024-09-22,alonso,Fernando Alonso,Spanish,Aston Martin,7.0,8,4.0,61,Lapped,18.0,1:37.741
2024,18,Singapore Grand Prix,Marina Bay Street Circuit,Singapore,2024-09-22,hulkenberg,Nico Hülkenberg,German,Haas F1 Team,6.0,9,2.0,61,Lapped,15.0,1:37.470
2024,18,Singapore Grand Prix,Marina Bay Street Circuit,Singapore,2024-09-22,perez,Sergio Pérez,Mexican,Red Bull,13.0,10,1.0,61,Lapped,16.0,1:37.477
2024,18,Singapore Grand Prix,Marina Bay Street Circuit,Singapore,2024-09-22,colapinto,Franco Colapinto,Argentine,Williams,12.0,11,0.0,61,Lapped,11.0,1:37.262
2024,18,Singapore Grand Prix,Marina Bay Street Circuit,Singapore,2024-09-22,tsunoda,Yuki Tsunoda,Japanese,RB F1 Team,8.0,12,0.0,61,Lapped,6.0,1:36.393
2024,18,Singapore Grand Prix,Marina Bay Street Circuit,Singapore,2024-09-22,ocon,Esteban Ocon,French,Alpine F1 Team,15.0,13,0.0,61,Lapped,20.0,1:37.964
2024,18,Singapore Grand Prix,Marina Bay Street Circuit,Singapore,2024-09-22,stroll,Lance Stroll,Canadian,Aston Martin,17.0,14,0.0,61,Lapped,19.0,1:37.851
2024,18,Singapore Grand Prix,Marina Bay Street Circuit,Singapore,2024-09-22,zhou,Guanyu Zhou,Chinese,Sauber,20.0,15,0.0,61,Lapped,14.0,1:37.461
2024,18,Singapore Grand Prix,Marina Bay Street Circuit,Singapore,2024-09-22,bottas,Valtteri Bottas,Finnish,Sauber,19.0,16,0.0,61,Lapped,17.0,1:37.524
2024,18,Singapore Grand Prix,Marina Bay Street Circuit,Singapore,2024-09-22,gasly,Pierre Gasly,French,Alpine F1 Team,18.0,17,0.0,61,Lapped,9.0,1:36.927
2024,18,Singapore Grand Prix,Marina Bay Street Circuit,Singapore,2024-09-22,ricciardo,Daniel Ricciardo,Australian,RB F1 Team,16.0,18,0.0,61,Lapped,1.0,1:34.486
2024,18,Singapore Grand Prix,Marina Bay Street Circuit,Singapore,2024-09-22,kevin_magnussen,Kevin Magnussen,Danish,Haas F1 Team,14.0,19,0.0,57,Retired,13.0,1:37.425
2024,18,Singapore Grand Prix,Marina Bay Street Circuit,Singapore,2024-09-22,albon,Alexander Albon,Thai,Williams,11.0,20,0.0,15,Retired,8.0,1:36.888
2024,19,United States Grand Prix,Circuit of the Americas,USA,2024-10-20,leclerc,Charles Leclerc,Monegasque,Ferrari,4.0,1,25.0,56,Finished,6.0,1:37.834
2024,19,United States Grand Prix,Circuit of the Americas,USA,2024-10-20,sainz,Carlos Sainz,Spanish,Ferrari,3.0,2,18.0,56,Finished,5.0,1:37.763
2024,19,United States Grand Prix,Circuit of the Americas,USA,2024-10-20,max_verstappen,Max Verstappen,Dutch,Red Bull,2.0,3,15.0,56,Finished,9.0,1:38.117
2024,19,United States Grand Prix,Circuit of the Americas,USA,2024-10-20,norris,Lando Norris,British,McLaren,1.0,4,12.0,56,Finished,4.0,1:37.679
2024,19,United States Grand Prix,Circuit of the Americas,USA,2024-10-20,piastri,Oscar Piastri,Australian,McLaren,5.0,5,10.0,56,Finished,7.0,1:37.883
2024,19,United States Grand Prix,Circuit of the Americas,USA,2024-10-20,russell,George Russell,British,Mercedes,20.0,6,8.0,56,Finished,3.0,1:37.656
2024,19,United States Grand Prix,Circuit of the Americas,USA,2024-10-20,perez,Sergio Pérez,Mexican,Red Bull,9.0,7,6.0,56,Finished,13.0,1:38.514
2024,19,United States Grand Prix,Circuit of the Americas,USA,2024-10-20,hulkenberg,Nico Hülkenberg,German,Haas F1 Team,11.0,8,4.0,56,Finished,12.0,1:38.404
2024,19,United States Grand Prix,Circuit of the Americas,USA,2024-10-20,lawson,Liam Lawson,New Zealander,RB F1 Team,19.0,9,2.0,56,Finished,8.0,1:38.091
2024,19,United States Grand Prix,Circuit of the Americas,USA,2024-10-20,colapinto,Franco Colapinto,Argentine,Williams,15.0,10,1.0,56,Finished,2.0,1:37.611
2024,19,United States Grand Prix,Circuit of the Americas,USA,2024-10-20,kevin_magnussen,Kevin Magnussen,Danish,Haas F1 Team,8.0,11,0.0,56,Finished,10.0,1:38.210
2024,19,United States Grand Prix,Circuit of the Americas,USA,2024-10-20,gasly,Pierre Gasly,French,Alpine F1 Team,6.0,12,0.0,56,Finished,11.0,1:38.311
2024,19,United States Grand Prix,Circuit of the Americas,USA,2024-10-20,alonso,Fernando Alonso,Spanish,Aston Martin,7.0,13,0.0,55,Lapped,17.0,1:39.261
2024,19,United States Grand Prix,Circuit of the Americas,USA,2024-10-20,tsunoda,Yuki Tsunoda,Japanese,RB F1 Team,10.0,14,0.0,55,Lapped,15.0,1:39.193
2024,19,United States Grand Prix,Circuit of the Americas,USA,2024-10-20,stroll,Lance Stroll,Canadian,Aston Martin,13.0,15,0.0,55,Lapped,16.0,1:39.214
2024,19,United States Grand Prix,Circuit of the Americas,USA,2024-10-20,albon,Alexander Albon,Thai,Williams,14.0,16,0.0,55,Lapped,14.0,1:39.084
2024,19,United States Grand Prix,Circuit of the Americas,USA,2024-10-20,bottas,Valtteri Bottas,Finnish,Sauber,16.0,17,0.0,55,Lapped,19.0,1:40.575
2024,19,United States Grand Prix,Circuit of the Americas,USA,2024-10-20,ocon,Esteban Ocon,French,Alpine F1 Team,12.0,18,0.0,55,Lapped,1.0,1:37.330
2024,19,United States Grand Prix,Circuit of the Americas,USA,2024-10-20,zhou,Guanyu Zhou,Chinese,Sauber,18.0,19,0.0,55,Lapped,18.0,1:39.272
2024,19,United States Grand Prix,Circuit of the Americas,USA,2024-10-20,hamilton,Lewis Hamilton,British,Mercedes,17.0,20,0.0,1,Retired,,
2024,20,Mexico City Grand Prix,Autódromo Hermanos Rodríguez,Mexico,2024-10-27,sainz,Carlos Sainz,Spanish,Ferrari,1.0,1,25.0,71,Finished,7.0,1:20.137
2024,20,Mexico City Grand Prix,Autódromo Hermanos Rodríguez,Mexico,2024-10-27,norris,Lando Norris,British,McLaren,3.0,2,18.0,71,Finished,4.0,1:19.691
2024,20,Mexico City Grand Prix,Autódromo Hermanos Rodríguez,Mexico,2024-10-27,leclerc,Charles Leclerc,Monegasque,Ferrari,4.0,3,16.0,71,Finished,1.0,1:18.336
2024,20,Mexico City Grand Prix,Autódromo Hermanos Rodríguez,Mexico,2024-10-27,hamilton,Lewis Hamilton,British,Mercedes,6.0,4,12.0,71,Finished,8.0,1:20.371
2024,20,Mexico City Grand Prix,Autódromo Hermanos Rodríguez,Mexico,2024-10-27,russell,George Russell,British,Mercedes,5.0,5,10.0,71,Finished,11.0,1:20.731
2024,20,Mexico City Grand Prix,Autódromo Hermanos Rodríguez,Mexico,2024-10-27,max_verstappen,Max Verstappen,Dutch,Red Bull,2.0,6,8.0,71,Finished,13.0,1:20.872
2024,20,Mexico City Grand Prix,Autódromo Hermanos Rodríguez,Mexico,2024-10-27,kevin_magnussen,Kevin Magnussen,Danish,Haas F1 Team,7.0,7,6.0,71,Finished,9.0,1:20.637
2024,20,Mexico City Grand Prix,Autódromo Hermanos Rodríguez,Mexico,2024-10-27,piastri,Oscar Piastri,Australian,McLaren,17.0,8,4.0,71,Finished,5.0,1:20.064
2024,20,Mexico City Grand Prix,Autódromo Hermanos Rodríguez,Mexico,2024-10-27,hulkenberg,Nico Hülkenberg,German,Haas F1 Team,10.0,9,2.0,70,Lapped,12.0,1:20.748
2024,20,Mexico City Grand Prix,Autódromo Hermanos Rodríguez,Mexico,2024-10-27,gasly,Pierre Gasly,French,Alpine F1 Team,8.0,10,1.0,70,Lapped,15.0,1:21.274
2024,20,Mexico City Grand Prix,Autódromo Hermanos Rodríguez,Mexico,2024-10-27,stroll,Lance Stroll,Canadian,Aston Martin,14.0,11,0.0,70,Lapped,16.0,1:21.311
2024,20,Mexico City Grand Prix,Autódromo Hermanos Rodríguez,Mexico,2024-10-27,colapinto,Franco Colapinto,Argentine,Williams,16.0,12,0.0,70,Lapped,6.0,1:20.090
2024,20,Mexico City Grand Prix,Autódromo Hermanos Rodríguez,Mexico,2024-10-27,ocon,Esteban Ocon,French,Alpine F1 Team,,13,0.0,70,Lapped,10.0,1:20.659
2024,20,Mexico City Grand Prix,Autódromo Hermanos Rodríguez,Mexico,2024-10-27,bottas,Valtteri Bottas,Finnish,Sauber,15.0,14,0.0,70,Lapped,14.0,1:21.085
2024,20,Mexico City Grand Prix,Autódromo Hermanos Rodríguez,Mexico,2024-10-27,zhou,Guanyu Zhou,Chinese,Sauber,19.0,15,0.0,70,Lapped,17.0,1:21.553
2024,20,Mexico City Grand Prix,Autódromo Hermanos Rodríguez,Mexico,2024-10-27,lawson,Liam Lawson,New Zealander,RB F1 Team,12.0,16,0.0,70,Lapped,3.0,1:19.502
2024,20,Mexico City Grand Prix,Autódromo Hermanos Rodríguez,Mexico,2024-10-27,perez,Sergio Pérez,Mexican,Red Bull,18.0,17,0.0,70,Lapped,2.0,1:19.209
2024,20,Mexico City Grand Prix,Autódromo Hermanos Rodríguez,Mexico,2024-10-27,alonso,Fernando Alonso,Spanish,Aston Martin,13.0,18,0.0,15,Retired,18.0,1:22.722
2024,20,Mexico City Grand Prix,Autódromo Hermanos Rodríguez,Mexico,2024-10-27,albon,Alexander Albon,Thai,Williams,9.0,19,0.0,0,Retired,,
2024,20,Mexico City Grand Prix,Autódromo Hermanos Rodríguez,Mexico,2024-10-27,tsunoda,Yuki Tsunoda,Japanese,RB F1 Team,11.0,20,0.0,0,Retired,,
2024,21,São Paulo Grand Prix,Autódromo José Carlos Pace,Brazil,2024-11-03,max_verstappen,Max Verstappen,Dutch,Red Bull,17.0,1,26.0,69,Finished,1.0,1:20.472
2024,21,São Paulo Grand Prix,Autódromo José Carlos Pace,Brazil,2024-11-03,ocon,Esteban Ocon,French,Alpine F1 Team,4.0,2,18.0,69,Finished,7.0,1:21.771
2024,21,São Paulo Grand Prix,Autódromo José Carlos Pace,Brazil,2024-11-03,gasly,Pierre Gasly,French,Alpine F1 Team,13.0,3,15.0,69,Finished,5.0,1:21.645
2024,21,São Paulo Grand Prix,Autódromo José Carlos Pace,Brazil,2024-11-03,russell,George Russell,British,Mercedes,2.0,4,12.0,69,Finished,6.0,1:21.645
2024,21,São Paulo Grand Prix,Autódromo José Carlos Pace,Brazil,2024-11-03,leclerc,Charles Leclerc,Monegasque,Ferrari,6.0,5,10.0,69,Finished,4.0,1:21.631
2024,21,São Paulo Grand Prix,Autódromo José Carlos Pace,Brazil,2024-11-03,norris,Lando Norris,British,McLaren,1.0,6,8.0,69,Finished,2.0,1:21.517
2024,21,São Paulo Grand Prix,Autódromo José Carlos Pace,Brazil,2024-11-03,tsunoda,Yuki Tsunoda,Japanese,RB F1 Team,3.0,7,6.0,69,Finished,8.0,1:21.828
2024,21,São Paulo Grand Prix,Autódromo José Carlos Pace,Brazil,2024-11-03,piastri,Oscar Piastri,Australian,McLaren,8.0,8,4.0,69,Finished,3.0,1:21.532
2024,21,São Paulo Grand Prix,Autódromo José Carlos Pace,Brazil,2024-11-03,lawson,Liam Lawson,New Zealander,RB F1 Team,5.0,9,2.0,69,Finished,10.0,1:22.123
2024,21,São Paulo Grand Prix,Autódromo José Carlos Pace,Brazil,2024-11-03,hamilton,Lewis Hamilton,British,Mercedes,14.0,10,1.0,69,Finished,9.0,1:22.041
2024,21,São Paulo Grand Prix,Autódromo José Carlos Pace,Brazil,2024-11-03,perez,Sergio Pérez,Mexican,Red Bull,12.0,11,0.0,69,Finished,11.0,1:22.143
2024,21,São Paulo Grand Prix,Autódromo José Carlos Pace,Brazil,2024-11-03,bearman,Oliver Bearman,British,Haas F1 Team,15.0,12,0.0,69,Finished,13.0,1:22.494
2024,21,São Paulo Grand Prix,Autódromo José Carlos Pace,Brazil,2024-11-03,bottas,Valtteri Bottas,Finnish,Sauber,11.0,13,0.0,69,Finished,14.0,1:22.877
2024,21,São Paulo Grand Prix,Autódromo José Carlos Pace,Brazil,2024-11-03,alonso,Fernando Alonso,Spanish,Aston Martin,9.0,14,0.0,69,Finished,12.0,1:22.293
2024,21,São Paulo Grand Prix,Autódromo José Carlos Pace,Brazil,2024-11-03,zhou,Guanyu Zhou,Chinese,Sauber,19.0,15,0.0,69,Finished,15.0,1:23.058
2024,21,São Paulo Grand Prix,Autódromo José Carlos Pace,Brazil,2024-11-03,sainz,Carlos Sainz,Spanish,Ferrari,20.0,16,0.0,38,Retired,16.0,1:24.201
2024,21,São Paulo Grand Prix,Autódromo José Carlos Pace,Brazil,2024-11-03,colapinto,Franco Colapinto,Argentine,Williams,16.0,17,0.0,30,Retired,17.0,1:24.296
2024,21,São Paulo Grand Prix,Autódromo José Carlos Pace,Brazil,2024-11-03,albon,Alexander Albon,Thai,Williams,7.0,18,0.0,0,Did not start,,
2024,21,São Paulo Grand Prix,Autódromo José Carlos Pace,Brazil,2024-11-03,stroll,Lance Stroll,Canadian,Aston Martin,10.0,19,0.0,0,Did not start,,
2024,21,São Paulo Grand Prix,Autódromo José Carlos Pace,Brazil,2024-11-03,hulkenberg,Nico Hülkenberg,German,Haas F1 Team,18.0,20,0.0,0,Disqualified,,
2024,22,Las Vegas Grand Prix,Las Vegas Strip Street Circuit,USA,2024-11-23,russell,George Russell,British,Mercedes,1.0,1,25.0,50,Finished,4.0,1:35.717
2024,22,Las Vegas Grand Prix,Las Vegas Strip Street Circuit,USA,2024-11-23,hamilton,Lewis Hamilton,British,Mercedes,10.0,2,18.0,50,Finished,2.0,1:35.480
2024,22,Las Vegas Grand Prix,Las Vegas Strip Street Circuit,USA,2024-11-23,sainz,Carlos Sainz,Spanish,Ferrari,2.0,3,15.0,50,Finished,5.0,1:35.875
2024,22,Las Vegas Grand Prix,Las Vegas Strip Street Circuit,USA,2024-11-23,leclerc,Charles Leclerc,Monegasque,Ferrari,4.0,4,12.0,50,Finished,3.0,1:35.674
2024,22,Las Vegas Grand Prix,Las Vegas Strip Street Circuit,USA,2024-11-23,max_verstappen,Max Verstappen,Dutch,Red Bull,5.0,5,10.0,50,Finished,6.0,1:36.248
2024,22,Las Vegas Grand Prix,Las Vegas Strip Street Circuit,USA,2024-11-23,norris,Lando Norris,British,McLaren,6.0,6,9.0,50,Finished,1.0,1:34.876
2024,22,Las Vegas Grand Prix,Las Vegas Strip Street Circuit,USA,2024-11-23,piastri,Oscar Piastri,Australian,McLaren,8.0,7,6.0,50,Finished,13.0,1:36.598
2024,22,Las Vegas Grand Prix,Las Vegas Strip Street Circuit,USA,2024-11-23,hulkenberg,Nico Hülkenberg,German,Haas F1 Team,9.0,8,4.0,50,Finished,12.0,1:36.585
2024,22,Las Vegas Grand Prix,Las Vegas Strip Street Circuit,USA,2024-11-23,tsunoda,Yuki Tsunoda,Japanese,RB F1 Team,7.0,9,2.0,50,Finished,16.0,1:36.957
2024,22,Las Vegas Grand Prix,Las Vegas Strip Street Circuit,USA,2024-11-23,perez,Sergio Pérez,Mexican,Red Bull,15.0,10,1.0,50,Finished,8.0,1:36.326
2024,22,Las Vegas Grand Prix,Las Vegas Strip Street Circuit,USA,2024-11-23,alonso,Fernando Alonso,Spanish,Aston Martin,16.0,11,0.0,50,Finished,10.0,1:36.553
2024,22,Las Vegas Grand Prix,Las Vegas Strip Street Circuit,USA,2024-11-23,kevin_magnussen,Kevin Magnussen,Danish,Haas F1 Team,12.0,12,0.0,50,Finished,11.0,1:36.557
2024,22,Las Vegas Grand Prix,Las Vegas Strip Street Circuit,USA,2024-11-23,zhou,Guanyu Zhou,Chinese,Sauber,13.0,13,0.0,50,Finished,7.0,1:36.324
2024,22,Las Vegas Grand Prix,Las Vegas Strip Street Circuit,USA,2024-11-23,colapinto,Franco Colapinto,Argentine,Williams,20.0,14,0.0,50,Finished,15.0,1:36.867
2024,22,Las Vegas Grand Prix,Las Vegas Strip Street Circuit,USA,2024-11-23,stroll,Lance Stroll,Canadian,Aston Martin,18.0,15,0.0,50,Finished,18.0,1:37.179
2024,22,Las Vegas Grand Prix,Las Vegas Strip Street Circuit,USA,2024-11-23,lawson,Liam Lawson,New Zealander,RB F1 Team,14.0,16,0.0,50,Finished,17.0,1:36.980
2024,22,Las Vegas Grand Prix,Las Vegas Strip Street Circuit,USA,2024-11-23,ocon,Esteban Ocon,French,Alpine F1 Team,11.0,17,0.0,49,Lapped,9.0,1:36.511
2024,22,Las Vegas Grand Prix,Las Vegas Strip Street Circuit,USA,2024-11-23,bottas,Valtteri Bottas,Finnish,Sauber,19.0,18,0.0,49,Lapped,14.0,1:36.601
2024,22,Las Vegas Grand Prix,Las Vegas Strip Street Circuit,USA,2024-11-23,albon,Alexander Albon,Thai,Williams,17.0,19,0.0,25,Retired,19.0,1:38.008
2024,22,Las Vegas Grand Prix,Las Vegas Strip Street Circuit,USA,2024-11-23,gasly,Pierre Gasly,French,Alpine F1 Team,3.0,20,0.0,15,Retired,20.0,1:38.314
2024,23,Qatar Grand Prix,Losail International Circuit,Qatar,2024-12-01,max_verstappen,Max Verstappen,Dutch,Red Bull,2.0,1,25.0,57,Finished,2.0,1:22.905
2024,23,Qatar Grand Prix,Losail International Circuit,Qatar,2024-12-01,leclerc,Charles Leclerc,Monegasque,Ferrari,5.0,2,18.0,57,Finished,4.0,1:23.242
2024,23,Qatar Grand Prix,Losail International Circuit,Qatar,2024-12-01,piastri,Oscar Piastri,Australian,McLaren,4.0,3,15.0,57,Finished,3.0,1:23.218
2024,23,Qatar Grand Prix,Losail International Circuit,Qatar,2024-12-01,russell,George Russell,British,Mercedes,1.0,4,12.0,57,Finished,5.0,1:23.355
2024,23,Qatar Grand Prix,Losail International Circuit,Qatar,2024-12-01,gasly,Pierre Gasly,French,Alpine F1 Team,11.0,5,10.0,57,Finished,8.0,1:23.705
2024,23,Qatar Grand Prix,Losail International Circuit,Qatar,2024-12-01,sainz,Carlos Sainz,Spanish,Ferrari,7.0,6,8.0,57,Finished,6.0,1:23.465
2024,23,Qatar Grand Prix,Losail International Circuit,Qatar,2024-12-01,alonso,Fernando Alonso,Spanish,Aston Martin,8.0,7,6.0,57,Finished,7.0,1:23.667
2024,23,Qatar Grand Prix,Losail International Circuit,Qatar,2024-12-01,zhou,Guanyu Zhou,Chinese,Sauber,12.0,8,4.0,57,Finished,10.0,1:23.889
2024,23,Qatar Grand Prix,Losail International Circuit,Qatar,2024-12-01,kevin_magnussen,Kevin Magnussen,Danish,Haas F1 Team,10.0,9,2.0,57,Finished,11.0,1:24.259
2024,23,Qatar Grand Prix,Losail International Circuit,Qatar,2024-12-01,norris,Lando Norris,British,McLaren,3.0,10,2.0,57,Finished,1.0,1:22.384
2024,23,Qatar Grand Prix,Losail International Circuit,Qatar,2024-12-01,bottas,Valtteri Bottas,Finnish,Sauber,13.0,11,0.0,57,Finished,13.0,1:25.533
2024,23,Qatar Grand Prix,Losail International Circuit,Qatar,2024-12-01,hamilton,Lewis Hamilton,British,Mercedes,6.0,12,0.0,57,Finished,9.0,1:23.865
2024,23,Qatar Grand Prix,Losail International Circuit,Qatar,2024-12-01,tsunoda,Yuki Tsunoda,Japanese,RB F1 Team,14.0,13,0.0,57,Finished,17.0,1:26.144
2024,23,Qatar Grand Prix,Losail International Circuit,Qatar,2024-12-01,lawson,Liam Lawson,New Zealander,RB F1 Team,17.0,14,0.0,57,Finished,16.0,1:26.076
2024,23,Qatar Grand Prix,Losail International Circuit,Qatar,2024-12-01,albon,Alexander Albon,Thai,Williams,16.0,15,0.0,56,Lapped,14.0,1:25.559
2024,23,Qatar Grand Prix,Losail International Circuit,Qatar,2024-12-01,hulkenberg,Nico Hülkenberg,German,Haas F1 Team,18.0,16,0.0,39,Retired,15.0,1:25.767
2024,23,Qatar Grand Prix,Losail International Circuit,Qatar,2024-12-01,perez,Sergio Pérez,Mexican,Red Bull,9.0,17,0.0,38,Retired,12.0,1:25.288
2024,23,Qatar Grand Prix,Losail International Circuit,Qatar,2024-12-01,stroll,Lance Stroll,Canadian,Aston Martin,15.0,18,0.0,8,Retired,18.0,1:30.935
2024,23,Qatar Grand Prix,Losail International Circuit,Qatar,2024-12-01,colapinto,Franco Colapinto,Argentine,Williams,19.0,19,0.0,0,Retired,,
2024,23,Qatar Grand Prix,Losail International Circuit,Qatar,2024-12-01,ocon,Esteban Ocon,French,Alpine F1 Team,20.0,20,0.0,0,Retired,,
2024,24,Abu Dhabi Grand Prix,Yas Marina Circuit,UAE,2024-12-08,norris,Lando Norris,British,McLaren,1.0,1,25.0,58,Finished,3.0,1:27.438
2024,24,Abu Dhabi Grand Prix,Yas Marina Circuit,UAE,2024-12-08,sainz,Carlos Sainz,Spanish,Ferrari,3.0,2,18.0,58,Finished,5.0,1:27.765
2024,24,Abu Dhabi Grand Prix,Yas Marina Circuit,UAE,2024-12-08,leclerc,Charles Leclerc,Monegasque,Ferrari,19.0,3,15.0,58,Finished,9.0,1:28.018
2024,24,Abu Dhabi Grand Prix,Yas Marina Circuit,UAE,2024-12-08,hamilton,Lewis Hamilton,British,Mercedes,16.0,4,12.0,58,Finished,2.0,1:27.278
2024,24,Abu Dhabi Grand Prix,Yas Marina Circuit,UAE,2024-12-08,russell,George Russell,British,Mercedes,6.0,5,10.0,58,Finished,10.0,1:28.195
2024,24,Abu Dhabi Grand Prix,Yas Marina Circuit,UAE,2024-12-08,max_verstappen,Max Verstappen,Dutch,Red Bull,4.0,6,8.0,58,Finished,6.0,1:27.765
2024,24,Abu Dhabi Grand Prix,Yas Marina Circuit,UAE,2024-12-08,gasly,Pierre Gasly,French,Alpine F1 Team,5.0,7,6.0,58,Finished,16.0,1:29.251
2024,24,Abu Dhabi Grand Prix,Yas Marina Circuit,UAE,2024-12-08,hulkenberg,Nico Hülkenberg,German,Haas F1 Team,7.0,8,4.0,58,Finished,14.0,1:29.152
2024,24,Abu Dhabi Grand Prix,Yas Marina Circuit,UAE,2024-12-08,alonso,Fernando Alonso,Spanish,Aston Martin,8.0,9,2.0,58,Finished,7.0,1:27.948
2024,24,Abu Dhabi Grand Prix,Yas Marina Circuit,UAE,2024-12-08,piastri,Oscar Piastri,Australian,McLaren,2.0,10,1.0,58,Finished,4.0,1:27.690
2024,24,Abu Dhabi Grand Prix,Yas Marina Circuit,UAE,2024-12-08,albon,Alexander Albon,Thai,Williams,18.0,11,0.0,57,Lapped,18.0,1:29.438
2024,24,Abu Dhabi Grand Prix,Yas Marina Circuit,UAE,2024-12-08,tsunoda,Yuki Tsunoda,Japanese,RB F1 Team,11.0,12,0.0,57,Lapped,15.0,1:29.200
2024,24,Abu Dhabi Grand Prix,Yas Marina Circuit,UAE,2024-12-08,zhou,Guanyu Zhou,Chinese,Sauber,15.0,13,0.0,57,Lapped,8.0,1:27.982
2024,24,Abu Dhabi Grand Prix,Yas Marina Circuit,UAE,2024-12-08,stroll,Lance Stroll,Canadian,Aston Martin,13.0,14,0.0,57,Lapped,11.0,1:28.604
2024,24,Abu Dhabi Grand Prix,Yas Marina Circuit,UAE,2024-12-08,doohan,Jack Doohan,Australian,Alpine F1 Team,17.0,15,0.0,57,Lapped,13.0,1:29.121
2024,24,Abu Dhabi Grand Prix,Yas Marina Circuit,UAE,2024-12-08,kevin_magnussen,Kevin Magnussen,Danish,Haas F1 Team,14.0,16,0.0,57,Lapped,1.0,1:25.637
2024,24,Abu Dhabi Grand Prix,Yas Marina Circuit,UAE,2024-12-08,lawson,Liam Lawson,New Zealander,RB F1 Team,12.0,17,0.0,55,Retired,12.0,1:28.751
2024,24,Abu Dhabi Grand Prix,Yas Marina Circuit,UAE,2024-12-08,bottas,Valtteri Bottas,Finnish,Sauber,9.0,18,0.0,30,Retired,19.0,1:29.482
2024,24,Abu Dhabi Grand Prix,Yas Marina Circuit,UAE,2024-12-08,colapinto,Franco Colapinto,Argentine,Williams,20.0,19,0.0,26,Retired,17.0,1:29.411
2024,24,Abu Dhabi Grand Prix,Yas Marina Circuit,UAE,2024-12-08,perez,Sergio Pérez,Mexican,Red Bull,10.0,20,0.0,0,Retired,,
