season,round,race_name,circuit,country,date,driver_id,driver_name,nationality,constructor,grid_position,finish_position,points,laps_completed,status,fastest_lap_rank,fastest_lap_time,dnf_flag,podium_flag,win_flag,position_delta
2018,1,Australian Grand Prix,Albert Park Grand Prix Circuit,Australia,2018-03-25,vettel,Sebastian Vettel,German,Ferrari,3.0,1,25.0,58,Finished,4.0,1:26.469,False,True,True,2.0
2018,1,Australian Grand Prix,Albert Park Grand Prix Circuit,Australia,2018-03-25,hamilton,Lewis Hamilton,British,Mercedes,1.0,2,18.0,58,Finished,3.0,1:26.444,False,True,False,-1.0
2018,1,Australian Grand Prix,Albert Park Grand Prix Circuit,Australia,2018-03-25,raikkonen,Kimi Räikkönen,Finnish,Ferrari,2.0,3,15.0,58,Finished,2.0,1:26.373,False,True,False,-1.0
2018,1,Australian Grand Prix,Albert Park Grand Prix Circuit,Australia,2018-03-25,ricciardo,Daniel Ricciardo,Australian,Red Bull,8.0,4,12.0,58,Finished,1.0,1:25.945,False,False,False,4.0
2018,1,Australian Grand Prix,Albert Park Grand Prix Circuit,Australia,2018-03-25,alonso,Fernando Alonso,Spanish,McLaren,10.0,5,10.0,58,Finished,7.0,1:26.978,False,False,False,5.0
2018,1,Australian Grand Prix,Albert Park Grand Prix Circuit,Australia,2018-03-25,max_verstappen,Max Verstappen,Dutch,Red Bull,4.0,6,8.0,58,Finished,5.0,1:26.880,False,False,False,-2.0
2018,1,Australian Grand Prix,Albert Park Grand Prix Circuit,Australia,2018-03-25,hulkenberg,Nico Hülkenberg,German,Renault,7.0,7,6.0,58,Finished,9.0,1:27.081,False,False,False,0.0
2018,1,Australian Grand Prix,Albert Park Grand Prix Circuit,Australia,2018-03-25,bottas,Valtteri Bottas,Finnish,Mercedes,15.0,8,4.0,58,Finished,8.0,1:27.019,False,False,False,7.0
2018,1,Australian Grand Prix,Albert Park Grand Prix Circuit,Australia,2018-03-25,vandoorne,Stoffel Vandoorne,Belgian,McLaren,11.0,9,2.0,58,Finished,6.0,1:26.958,False,False,False,2.0
2018,1,Australian Grand Prix,Albert Park Grand Prix Circuit,Australia,2018-03-25,sainz,Carlos Sainz,Spanish,Renault,9.0,10,1.0,58,Finished,12.0,1:27.944,False,False,False,-1.0
2018,1,Australian Grand Prix,Albert Park Grand Prix Circuit,Australia,2018-03-25,perez,Sergio Pérez,Mexican,Force India,12.0,11,0.0,58,Finished,11.0,1:27.633,False,False,False,1.0
2018,1,Australian Grand Prix,Albert Park Grand Prix Circuit,Australia,2018-03-25,ocon,Esteban Ocon,French,Force India,14.0,12,0.0,58,Finished,10.0,1:27.600,False,False,False,2.0
2018,1,Australian Grand Prix,Albert Park Grand Prix Circuit,Australia,2018-03-25,leclerc,Charles Leclerc,Monegasque,Sauber,18.0,13,0.0,58,Finished,15.0,1:28.759,False,False,False,5.0
2018,1,Australian Grand Prix,Albert Park Grand Prix Circuit,Australia,2018-03-25,stroll,Lance Stroll,Canadian,Williams,13.0,14,0.0,58,Finished,14.0,1:28.511,False,False,False,-1.0
2018,1,Australian Grand Prix,Albert Park Grand Prix Circuit,Australia,2018-03-25,brendon_hartley,Brendon Hartley,New Zealander,Toro Rosso,16.0,15,0.0,57,+1 Lap,13.0,1:28.176,False,False,False,1.0
2018,1,Australian Grand Prix,Albert Park Grand Prix Circuit,Australia,2018-03-25,grosjean,Romain Grosjean,French,Haas F1 Team,6.0,16,0.0,24,Wheel,16.0,1:28.805,True,False,False,-10.0
2018,1,Australian Grand Prix,Albert Park Grand Prix Circuit,Australia,2018-03-25,kevin_magnussen,Kevin Magnussen,Danish,Haas F1 Team,5.0,17,0.0,22,Wheel,17.0,1:29.534,True,False,False,-12.0
2018,1,Australian Grand Prix,Albert Park Grand Prix Circuit,Australia,2018-03-25,gasly,Pierre Gasly,French,Toro Rosso,20.0,18,0.0,13,Engine,18.0,1:30.649,True,False,False,2.0
2018,1,Australian Grand Prix,Albert Park Grand Prix Circuit,Australia,2018-03-25,ericsson,Marcus Ericsson,Swedish,Sauber,17.0,19,0.0,5,Steering,19.0,1:32.210,True,False,False,-2.0
2018,1,Australian Grand Prix,Albert Park Grand Prix Circuit,Australia,2018-03-25,sirotkin,Sergey Sirotkin,Russian,Williams,19.0,20,0.0,4,Brakes,20.0,1:32.573,True,False,False,-1.0
2018,2,Bahrain Grand Prix,Bahrain International Circuit,Bahrain,2018-04-08,vettel,Sebastian Vettel,German,Ferrari,1.0,1,25.0,57,Finished,7.0,1:34.453,False,True,True,0.0
2018,2,Bahrain Grand Prix,Bahrain International Circuit,Bahrain,2018-04-08,bottas,Valtteri Bottas,Finnish,Mercedes,3.0,2,18.0,57,Finished,1.0,1:33.740,False,True,False,1.0
2018,2,Bahrain Grand Prix,Bahrain International Circuit,Bahrain,2018-04-08,hamilton,Lewis Hamilton,British,Mercedes,9.0,3,15.0,57,Finished,2.0,1:33.953,False,True,False,6.0
2018,2,Bahrain Grand Prix,Bahrain International Circuit,Bahrain,2018-04-08,gasly,Pierre Gasly,French,Toro Rosso,5.0,4,12.0,57,Finished,11.0,1:34.863,False,False,False,1.0
2018,2,Bahrain Grand Prix,Bahrain International Circuit,Bahrain,2018-04-08,kevin_magnussen,Kevin Magnussen,Danish,Haas F1 Team,6.0,5,10.0,57,Finished,5.0,1:34.327,False,False,False,1.0
2018,2,Bahrain Grand Prix,Bahrain International Circuit,Bahrain,2018-04-08,hulkenberg,Nico Hülkenberg,German,Renault,7.0,6,8.0,57,Finished,9.0,1:34.667,False,False,False,1.0
2018,2,Bahrain Grand Prix,Bahrain International Circuit,Bahrain,2018-04-08,alonso,Fernando Alonso,Spanish,McLaren,13.0,7,6.0,56,+1 Lap,4.0,1:34.168,False,False,False,6.0
2018,2,Bahrain Grand Prix,Bahrain International Circuit,Bahrain,2018-04-08,vandoorne,Stoffel Vandoorne,Belgian,McLaren,14.0,8,4.0,56,+1 Lap,16.0,1:35.131,False,False,False,6.0
2018,2,Bahrain Grand Prix,Bahrain International Circuit,Bahrain,2018-04-08,ericsson,Marcus Ericsson,Swedish,Sauber,17.0,9,2.0,56,+1 Lap,15.0,1:35.093,False,False,False,8.0
2018,2,Bahrain Grand Prix,Bahrain International Circuit,Bahrain,2018-04-08,ocon,Esteban Ocon,French,Force India,8.0,10,1.0,56,+1 Lap,12.0,1:35.043,False,False,False,-2.0
2018,2,Bahrain Grand Prix,Bahrain International Circuit,Bahrain,2018-04-08,sainz,Carlos Sainz,Spanish,Renault,10.0,11,0.0,56,+1 Lap,18.0,1:35.535,False,False,False,-1.0
2018,2,Bahrain Grand Prix,Bahrain International Circuit,Bahrain,2018-04-08,leclerc,Charles Leclerc,Monegasque,Sauber,19.0,12,0.0,56,+1 Lap,14.0,1:35.075,False,False,False,7.0
2018,2,Bahrain Grand Prix,Bahrain International Circuit,Bahrain,2018-04-08,grosjean,Romain Grosjean,French,Haas F1 Team,16.0,13,0.0,56,+1 Lap,10.0,1:34.689,False,False,False,3.0
2018,2,Bahrain Grand Prix,Bahrain International Circuit,Bahrain,2018-04-08,stroll,Lance Stroll,Canadian,Williams,20.0,14,0.0,56,+1 Lap,13.0,1:35.058,False,False,False,6.0
2018,2,Bahrain Grand Prix,Bahrain International Circuit,Bahrain,2018-04-08,sirotkin,Sergey Sirotkin,Russian,Williams,18.0,15,0.0,56,+1 Lap,3.0,1:34.053,False,False,False,3.0
2018,2,Bahrain Grand Prix,Bahrain International Circuit,Bahrain,2018-04-08,perez,Sergio Pérez,Mexican,Force India,12.0,16,0.0,56,+1 Lap,17.0,1:35.266,False,False,False,-4.0
2018,2,Bahrain Grand Prix,Bahrain International Circuit,Bahrain,2018-04-08,brendon_hartley,Brendon Hartley,New Zealander,Toro Rosso,11.0,17,0.0,56,+1 Lap,8.0,1:34.563,False,False,False,-6.0
2018,2,Bahrain Grand Prix,Bahrain International Circuit,Bahrain,2018-04-08,raikkonen,Kimi Räikkönen,Finnish,Ferrari,2.0,18,0.0,35,Wheel,6.0,1:34.337,True,False,False,-16.0
2018,2,Bahrain Grand Prix,Bahrain International Circuit,Bahrain,2018-04-08,max_verstappen,Max Verstappen,Dutch,Red Bull,15.0,19,0.0,3,Puncture,,,True,False,False,-4.0
2018,2,Bahrain Grand Prix,Bahrain International Circuit,Bahrain,2018-04-08,ricciardo,Daniel Ricciardo,Australian,Red Bull,4.0,20,0.0,1,Electrical,,,True,False,False,-16.0
2018,3,Chinese Grand Prix,Shanghai International Circuit,China,2018-04-15,ricciardo,Daniel Ricciardo,Australian,Red Bull,6.0,1,25.0,56,Finished,1.0,1:35.785,False,True,True,5.0
2018,3,Chinese Grand Prix,Shanghai International Circuit,China,2018-04-15,bottas,Valtteri Bottas,Finnish,Mercedes,3.0,2,18.0,56,Finished,6.0,1:36.987,False,True,False,1.0
2018,3,Chinese Grand Prix,Shanghai International Circuit,China,2018-04-15,raikkonen,Kimi Räikkönen,Finnish,Ferrari,2.0,3,15.0,56,Finished,3.0,1:36.456,False,True,False,-1.0
2018,3,Chinese Grand Prix,Shanghai International Circuit,China,2018-04-15,hamilton,Lewis Hamilton,British,Mercedes,4.0,4,12.0,56,Finished,4.0,1:36.878,False,False,False,0.0
2018,3,Chinese Grand Prix,Shanghai International Circuit,China,2018-04-15,max_verstappen,Max Verstappen,Dutch,Red Bull,5.0,5,10.0,56,Finished,2.0,1:36.206,False,False,False,0.0
2018,3,Chinese Grand Prix,Shanghai International Circuit,China,2018-04-15,hulkenberg,Nico Hülkenberg,German,Renault,7.0,6,8.0,56,Finished,5.0,1:36.881,False,False,False,1.0
2018,3,Chinese Grand Prix,Shanghai International Circuit,China,2018-04-15,alonso,Fernando Alonso,Spanish,McLaren,13.0,7,6.0,56,Finished,7.0,1:37.234,False,False,False,6.0
2018,3,Chinese Grand Prix,Shanghai International Circuit,China,2018-04-15,vettel,Sebastian Vettel,German,Ferrari,1.0,8,4.0,56,Finished,9.0,1:37.479,False,False,False,-7.0
2018,3,Chinese Grand Prix,Shanghai International Circuit,China,2018-04-15,sainz,Carlos Sainz,Spanish,Renault,9.0,9,2.0,56,Finished,11.0,1:37.754,False,False,False,0.0
2018,3,Chinese Grand Prix,Shanghai International Circuit,China,2018-04-15,kevin_magnussen,Kevin Magnussen,Danish,Haas F1 Team,11.0,10,1.0,56,Finished,14.0,1:38.152,False,False,False,1.0
2018,3,Chinese Grand Prix,Shanghai International Circuit,China,2018-04-15,ocon,Esteban Ocon,French,Force India,12.0,11,0.0,56,Finished,12.0,1:37.985,False,False,False,1.0
2018,3,Chinese Grand Prix,Shanghai International Circuit,China,2018-04-15,perez,Sergio Pérez,Mexican,Force India,8.0,12,0.0,56,Finished,10.0,1:37.673,False,False,False,-4.0
2018,3,Chinese Grand Prix,Shanghai International Circuit,China,2018-04-15,vandoorne,Stoffel Vandoorne,Belgian,McLaren,14.0,13,0.0,56,Finished,13.0,1:38.137,False,False,False,1.0
2018,3,Chinese Grand Prix,Shanghai International Circuit,China,2018-04-15,stroll,Lance Stroll,Canadian,Williams,18.0,14,0.0,56,Finished,17.0,1:38.500,False,False,False,4.0
2018,3,Chinese Grand Prix,Shanghai International Circuit,China,2018-04-15,sirotkin,Sergey Sirotkin,Russian,Williams,16.0,15,0.0,56,Finished,18.0,1:38.624,False,False,False,1.0
2018,3,Chinese Grand Prix,Shanghai International Circuit,China,2018-04-15,ericsson,Marcus Ericsson,Swedish,Sauber,20.0,16,0.0,56,Finished,16.0,1:38.386,False,False,False,4.0
2018,3,Chinese Grand Prix,Shanghai International Circuit,China,2018-04-15,grosjean,Romain Grosjean,French,Haas F1 Team,10.0,17,0.0,56,Finished,8.0,1:37.410,False,False,False,-7.0
2018,3,Chinese Grand Prix,Shanghai International Circuit,China,2018-04-15,gasly,Pierre Gasly,French,Toro Rosso,17.0,18,0.0,56,Finished,15.0,1:38.367,False,False,False,-1.0
2018,3,Chinese Grand Prix,Shanghai International Circuit,China,2018-04-15,leclerc,Charles Leclerc,Monegasque,Sauber,19.0,19,0.0,56,Finished,19.0,1:38.808,False,False,False,0.0
2018,3,Chinese Grand Prix,Shanghai International Circuit,China,2018-04-15,brendon_hartley,Brendon Hartley,New Zealander,Toro Rosso,15.0,20,0.0,51,Collision damage,20.0,1:39.376,True,False,False,-5.0
2018,4,Azerbaijan Grand Prix,Baku City Circuit,Azerbaijan,2018-04-29,hamilton,Lewis Hamilton,British,Mercedes,2.0,1,25.0,51,Finished,2.0,1:45.412,False,True,True,1.0
2018,4,Azerbaijan Grand Prix,Baku City Circuit,Azerbaijan,2018-04-29,raikkonen,Kimi Räikkönen,Finnish,Ferrari,6.0,2,18.0,51,Finished,7.0,1:46.523,False,True,False,4.0
2018,4,Azerbaijan Grand Prix,Baku City Circuit,Azerbaijan,2018-04-29,perez,Sergio Pérez,Mexican,Force India,8.0,3,15.0,51,Finished,6.0,1:46.206,False,True,False,5.0
2018,4,Azerbaijan Grand Prix,Baku City Circuit,Azerbaijan,2018-04-29,vettel,Sebastian Vettel,German,Ferrari,1.0,4,12.0,51,Finished,4.0,1:45.530,False,False,False,-3.0
2018,4,Azerbaijan Grand Prix,Baku City Circuit,Azerbaijan,2018-04-29,sainz,Carlos Sainz,Spanish,Renault,9.0,5,10.0,51,Finished,9.0,1:46.856,False,False,False,4.0
2018,4,Azerbaijan Grand Prix,Baku City Circuit,Azerbaijan,2018-04-29,leclerc,Charles Leclerc,Monegasque,Sauber,13.0,6,8.0,51,Finished,11.0,1:47.403,False,False,False,7.0
2018,4,Azerbaijan Grand Prix,Baku City Circuit,Azerbaijan,2018-04-29,alonso,Fernando Alonso,Spanish,McLaren,12.0,7,6.0,51,Finished,12.0,1:47.449,False,False,False,5.0
2018,4,Azerbaijan Grand Prix,Baku City Circuit,Azerbaijan,2018-04-29,stroll,Lance Stroll,Canadian,Williams,10.0,8,4.0,51,Finished,8.0,1:46.815,False,False,False,2.0
2018,4,Azerbaijan Grand Prix,Baku City Circuit,Azerbaijan,2018-04-29,vandoorne,Stoffel Vandoorne,Belgian,McLaren,16.0,9,2.0,51,Finished,13.0,1:47.666,False,False,False,7.0
2018,4,Azerbaijan Grand Prix,Baku City Circuit,Azerbaijan,2018-04-29,brendon_hartley,Brendon Hartley,New Zealander,Toro Rosso,19.0,10,1.0,51,Finished,17.0,1:48.288,False,False,False,9.0
2018,4,Azerbaijan Grand Prix,Baku City Circuit,Azerbaijan,2018-04-29,ericsson,Marcus Ericsson,Swedish,Sauber,18.0,11,0.0,51,Finished,14.0,1:47.925,False,False,False,7.0
2018,4,Azerbaijan Grand Prix,Baku City Circuit,Azerbaijan,2018-04-29,gasly,Pierre Gasly,French,Toro Rosso,17.0,12,0.0,51,Finished,15.0,1:48.035,False,False,False,5.0
2018,4,Azerbaijan Grand Prix,Baku City Circuit,Azerbaijan,2018-04-29,kevin_magnussen,Kevin Magnussen,Danish,Haas F1 Team,15.0,13,0.0,51,Finished,16.0,1:48.155,False,False,False,2.0
2018,4,Azerbaijan Grand Prix,Baku City Circuit,Azerbaijan,2018-04-29,bottas,Valtteri Bottas,Finnish,Mercedes,3.0,14,0.0,48,Puncture,1.0,1:45.149,True,False,False,-11.0
2018,4,Azerbaijan Grand Prix,Baku City Circuit,Azerbaijan,2018-04-29,grosjean,Romain Grosjean,French,Haas F1 Team,20.0,15,0.0,42,Accident,10.0,1:46.880,True,False,False,5.0
2018,4,Azerbaijan Grand Prix,Baku City Circuit,Azerbaijan,2018-04-29,max_verstappen,Max Verstappen,Dutch,Red Bull,5.0,16,0.0,39,Collision,5.0,1:45.771,True,False,False,-11.0
2018,4,Azerbaijan Grand Prix,Baku City Circuit,Azerbaijan,2018-04-29,ricciardo,Daniel Ricciardo,Australian,Red Bull,4.0,17,0.0,39,Collision,3.0,1:45.419,True,False,False,-13.0
2018,4,Azerbaijan Grand Prix,Baku City Circuit,Azerbaijan,2018-04-29,hulkenberg,Nico Hülkenberg,German,Renault,14.0,18,0.0,10,Accident,18.0,1:48.867,True,False,False,-4.0
2018,4,Azerbaijan Grand Prix,Baku City Circuit,Azerbaijan,2018-04-29,ocon,Esteban Ocon,French,Force India,7.0,19,0.0,0,Collision,,,True,False,False,-12.0
2018,4,Azerbaijan Grand Prix,Baku City Circuit,Azerbaijan,2018-04-29,sirotkin,Sergey Sirotkin,Russian,Williams,11.0,20,0.0,0,Collision,,,True,False,False,-9.0
2018,5,Spanish Grand Prix,Circuit de Barcelona-Catalunya,Spain,2018-05-13,hamilton,Lewis Hamilton,British,Mercedes,1.0,1,25.0,66,Finished,3.0,1:19.133,False,True,True,0.0
2018,5,Spanish Grand Prix,Circuit de Barcelona-Catalunya,Spain,2018-05-13,bottas,Valtteri Bottas,Finnish,Mercedes,2.0,2,18.0,66,Finished,5.0,1:19.478,False,True,False,0.0
2018,5,Spanish Grand Prix,Circuit de Barcelona-Catalunya,Spain,2018-05-13,max_verstappen,Max Verstappen,Dutch,Red Bull,5.0,3,15.0,66,Finished,4.0,1:19.422,False,True,False,2.0
2018,5,Spanish Grand Prix,Circuit de Barcelona-Catalunya,Spain,2018-05-13,vettel,Sebastian Vettel,German,Ferrari,3.0,4,12.0,66,Finished,2.0,1:19.128,False,False,False,-1.0
2018,5,Spanish Grand Prix,Circuit de Barcelona-Catalunya,Spain,2018-05-13,ricciardo,Daniel Ricciardo,Australian,Red Bull,6.0,5,10.0,66,Finished,1.0,1:18.441,False,False,False,1.0
2018,5,Spanish Grand Prix,Circuit de Barcelona-Catalunya,Spain,2018-05-13,kevin_magnussen,Kevin Magnussen,Danish,Haas F1 Team,7.0,6,8.0,65,+1 Lap,6.0,1:20.246,False,False,False,1.0
2018,5,Spanish Grand Prix,Circuit de Barcelona-Catalunya,Spain,2018-05-13,sainz,Carlos Sainz,Spanish,Renault,9.0,7,6.0,65,+1 Lap,9.0,1:21.324,False,False,False,2.0
2018,5,Spanish Grand Prix,Circuit de Barcelona-Catalunya,Spain,2018-05-13,alonso,Fernando Alonso,Spanish,McLaren,8.0,8,4.0,65,+1 Lap,7.0,1:20.727,False,False,False,0.0
2018,5,Spanish Grand Prix,Circuit de Barcelona-Catalunya,Spain,2018-05-13,perez,Sergio Pérez,Mexican,Force India,15.0,9,2.0,64,+2 Laps,8.0,1:21.128,False,False,False,6.0
2018,5,Spanish Grand Prix,Circuit de Barcelona-Catalunya,Spain,2018-05-13,leclerc,Charles Leclerc,Monegasque,Sauber,14.0,10,1.0,64,+2 Laps,14.0,1:22.122,False,False,False,4.0
2018,5,Spanish Grand Prix,Circuit de Barcelona-Catalunya,Spain,2018-05-13,stroll,Lance Stroll,Canadian,Williams,18.0,11,0.0,64,+2 Laps,12.0,1:22.095,False,False,False,7.0
2018,5,Spanish Grand Prix,Circuit de Barcelona-Catalunya,Spain,2018-05-13,brendon_hartley,Brendon Hartley,New Zealander,Toro Rosso,20.0,12,0.0,64,+2 Laps,10.0,1:21.439,False,False,False,8.0
2018,5,Spanish Grand Prix,Circuit de Barcelona-Catalunya,Spain,2018-05-13,ericsson,Marcus Ericsson,Swedish,Sauber,17.0,13,0.0,64,+2 Laps,15.0,1:22.487,False,False,False,4.0
2018,5,Spanish Grand Prix,Circuit de Barcelona-Catalunya,Spain,2018-05-13,sirotkin,Sergey Sirotkin,Russian,Williams,19.0,14,0.0,63,+3 Laps,17.0,1:22.680,False,False,False,5.0
2018,5,Spanish Grand Prix,Circuit de Barcelona-Catalunya,Spain,2018-05-13,vandoorne,Stoffel Vandoorne,Belgian,McLaren,11.0,15,0.0,45,Gearbox,16.0,1:22.594,True,False,False,-4.0
2018,5,Spanish Grand Prix,Circuit de Barcelona-Catalunya,Spain,2018-05-13,ocon,Esteban Ocon,French,Force India,13.0,16,0.0,38,Oil leak,13.0,1:22.117,True,False,False,-3.0
2018,5,Spanish Grand Prix,Circuit de Barcelona-Catalunya,Spain,2018-05-13,raikkonen,Kimi Räikkönen,Finnish,Ferrari,4.0,17,0.0,25,Turbo,11.0,1:21.531,True,False,False,-13.0
2018,5,Spanish Grand Prix,Circuit de Barcelona-Catalunya,Spain,2018-05-13,grosjean,Romain Grosjean,French,Haas F1 Team,10.0,18,0.0,0,Collision,,,True,False,False,-8.0
2018,5,Spanish Grand Prix,Circuit de Barcelona-Catalunya,Spain,2018-05-13,gasly,Pierre Gasly,French,Toro Rosso,12.0,19,0.0,0,Collision,,,True,False,False,-7.0
2018,5,Spanish Grand Prix,Circuit de Barcelona-Catalunya,Spain,2018-05-13,hulkenberg,Nico Hülkenberg,German,Renault,16.0,20,0.0,0,Collision,,,True,False,False,-4.0
2018,6,Monaco Grand Prix,Circuit de Monaco,Monaco,2018-05-27,ricciardo,Daniel Ricciardo,Australian,Red Bull,1.0,1,25.0,78,Finished,5.0,1:15.562,False,True,True,0.0
2018,6,Monaco Grand Prix,Circuit de Monaco,Monaco,2018-05-27,vettel,Sebastian Vettel,German,Ferrari,2.0,2,18.0,78,Finished,7.0,1:16.065,False,True,False,0.0
2018,6,Monaco Grand Prix,Circuit de Monaco,Monaco,2018-05-27,hamilton,Lewis Hamilton,British,Mercedes,3.0,3,15.0,78,Finished,8.0,1:16.270,False,True,False,0.0
2018,6,Monaco Grand Prix,Circuit de Monaco,Monaco,2018-05-27,raikkonen,Kimi Räikkönen,Finnish,Ferrari,4.0,4,12.0,78,Finished,10.0,1:16.392,False,False,False,0.0
2018,6,Monaco Grand Prix,Circuit de Monaco,Monaco,2018-05-27,bottas,Valtteri Bottas,Finnish,Mercedes,5.0,5,10.0,78,Finished,9.0,1:16.312,False,False,False,0.0
2018,6,Monaco Grand Prix,Circuit de Monaco,Monaco,2018-05-27,ocon,Esteban Ocon,French,Force India,6.0,6,8.0,78,Finished,14.0,1:17.027,False,False,False,0.0
2018,6,Monaco Grand Prix,Circuit de Monaco,Monaco,2018-05-27,gasly,Pierre Gasly,French,Toro Rosso,10.0,7,6.0,78,Finished,15.0,1:17.099,False,False,False,3.0
2018,6,Monaco Grand Prix,Circuit de Monaco,Monaco,2018-05-27,hulkenberg,Nico Hülkenberg,German,Renault,11.0,8,4.0,78,Finished,6.0,1:16.061,False,False,False,3.0
2018,6,Monaco Grand Prix,Circuit de Monaco,Monaco,2018-05-27,max_verstappen,Max Verstappen,Dutch,Red Bull,20.0,9,2.0,78,Finished,1.0,1:14.260,False,False,False,11.0
2018,6,Monaco Grand Prix,Circuit de Monaco,Monaco,2018-05-27,sainz,Carlos Sainz,Spanish,Renault,8.0,10,1.0,78,Finished,18.0,1:17.491,False,False,False,-2.0
2018,6,Monaco Grand Prix,Circuit de Monaco,Monaco,2018-05-27,ericsson,Marcus Ericsson,Swedish,Sauber,16.0,11,0.0,78,Finished,12.0,1:16.936,False,False,False,5.0
2018,6,Monaco Grand Prix,Circuit de Monaco,Monaco,2018-05-27,perez,Sergio Pérez,Mexican,Force India,9.0,12,0.0,78,Finished,19.0,1:17.546,False,False,False,-3.0
2018,6,Monaco Grand Prix,Circuit de Monaco,Monaco,2018-05-27,kevin_magnussen,Kevin Magnussen,Danish,Haas F1 Team,19.0,13,0.0,78,Finished,17.0,1:17.476,False,False,False,6.0
2018,6,Monaco Grand Prix,Circuit de Monaco,Monaco,2018-05-27,vandoorne,Stoffel Vandoorne,Belgian,McLaren,12.0,14,0.0,77,+1 Lap,11.0,1:16.864,False,False,False,-2.0
2018,6,Monaco Grand Prix,Circuit de Monaco,Monaco,2018-05-27,grosjean,Romain Grosjean,French,Haas F1 Team,18.0,15,0.0,77,+1 Lap,2.0,1:14.822,False,False,False,3.0
2018,6,Monaco Grand Prix,Circuit de Monaco,Monaco,2018-05-27,sirotkin,Sergey Sirotkin,Russian,Williams,13.0,16,0.0,77,+1 Lap,4.0,1:15.325,False,False,False,-3.0
2018,6,Monaco Grand Prix,Circuit de Monaco,Monaco,2018-05-27,stroll,Lance Stroll,Canadian,Williams,17.0,17,0.0,76,+2 Laps,3.0,1:14.944,False,False,False,0.0
2018,6,Monaco Grand Prix,Circuit de Monaco,Monaco,2018-05-27,leclerc,Charles Leclerc,Monegasque,Sauber,14.0,18,0.0,70,Collision,20.0,1:17.710,True,False,False,-4.0
2018,6,Monaco Grand Prix,Circuit de Monaco,Monaco,2018-05-27,brendon_hartley,Brendon Hartley,New Zealander,Toro Rosso,15.0,19,0.0,70,Collision,16.0,1:17.172,True,False,False,-4.0
2018,6,Monaco Grand Prix,Circuit de Monaco,Monaco,2018-05-27,alonso,Fernando Alonso,Spanish,McLaren,7.0,20,0.0,52,Gearbox,13.0,1:17.018,True,False,False,-13.0
2018,7,Canadian Grand Prix,Circuit Gilles Villeneuve,Canada,2018-06-10,vettel,Sebastian Vettel,German,Ferrari,1.0,1,25.0,68,Finished,2.0,1:13.964,False,True,True,0.0
2018,7,Canadian Grand Prix,Circuit Gilles Villeneuve,Canada,2018-06-10,bottas,Valtteri Bottas,Finnish,Mercedes,2.0,2,18.0,68,Finished,3.0,1:13.992,False,True,False,0.0
2018,7,Canadian Grand Prix,Circuit Gilles Villeneuve,Canada,2018-06-10,max_verstappen,Max Verstappen,Dutch,Red Bull,3.0,3,15.0,68,Finished,1.0,1:13.864,False,True,False,0.0
2018,7,Canadian Grand Prix,Circuit Gilles Villeneuve,Canada,2018-06-10,ricciardo,Daniel Ricciardo,Australian,Red Bull,6.0,4,12.0,68,Finished,5.0,1:14.159,False,False,False,2.0
2018,7,Canadian Grand Prix,Circuit Gilles Villeneuve,Canada,2018-06-10,hamilton,Lewis Hamilton,British,Mercedes,4.0,5,10.0,68,Finished,6.0,1:14.183,False,False,False,-1.0
2018,7,Canadian Grand Prix,Circuit Gilles Villeneuve,Canada,2018-06-10,raikkonen,Kimi Räikkönen,Finnish,Ferrari,5.0,6,8.0,68,Finished,4.0,1:14.075,False,False,False,-1.0
2018,7,Canadian Grand Prix,Circuit Gilles Villeneuve,Canada,2018-06-10,hulkenberg,Nico Hülkenberg,German,Renault,7.0,7,6.0,67,+1 Lap,11.0,1:15.588,False,False,False,0.0
2018,7,Canadian Grand Prix,Circuit Gilles Villeneuve,Canada,2018-06-10,sainz,Carlos Sainz,Spanish,Renault,9.0,8,4.0,67,+1 Lap,13.0,1:15.666,False,False,False,1.0
2018,7,Canadian Grand Prix,Circuit Gilles Villeneuve,Canada,2018-06-10,ocon,Esteban Ocon,French,Force India,8.0,9,2.0,67,+1 Lap,12.0,1:15.610,False,False,False,-1.0
2018,7,Canadian Grand Prix,Circuit Gilles Villeneuve,Canada,2018-06-10,leclerc,Charles Leclerc,Monegasque,Sauber,13.0,10,1.0,67,+1 Lap,10.0,1:15.480,False,False,False,3.0
2018,7,Canadian Grand Prix,Circuit Gilles Villeneuve,Canada,2018-06-10,gasly,Pierre Gasly,French,Toro Rosso,16.0,11,0.0,67,+1 Lap,14.0,1:15.699,False,False,False,5.0
2018,7,Canadian Grand Prix,Circuit Gilles Villeneuve,Canada,2018-06-10,grosjean,Romain Grosjean,French,Haas F1 Team,20.0,12,0.0,67,+1 Lap,9.0,1:15.470,False,False,False,8.0
2018,7,Canadian Grand Prix,Circuit Gilles Villeneuve,Canada,2018-06-10,kevin_magnussen,Kevin Magnussen,Danish,Haas F1 Team,11.0,13,0.0,67,+1 Lap,8.0,1:15.401,False,False,False,-2.0
2018,7,Canadian Grand Prix,Circuit Gilles Villeneuve,Canada,2018-06-10,perez,Sergio Pérez,Mexican,Force India,10.0,14,0.0,67,+1 Lap,7.0,1:15.100,False,False,False,-4.0
2018,7,Canadian Grand Prix,Circuit Gilles Villeneuve,Canada,2018-06-10,ericsson,Marcus Ericsson,Swedish,Sauber,19.0,15,0.0,66,+2 Laps,18.0,1:16.403,False,False,False,4.0
2018,7,Canadian Grand Prix,Circuit Gilles Villeneuve,Canada,2018-06-10,vandoorne,Stoffel Vandoorne,Belgian,McLaren,15.0,16,0.0,66,+2 Laps,15.0,1:15.765,False,False,False,-1.0
2018,7,Canadian Grand Prix,Circuit Gilles Villeneuve,Canada,2018-06-10,sirotkin,Sergey Sirotkin,Russian,Williams,18.0,17,0.0,66,+2 Laps,16.0,1:15.924,False,False,False,1.0
2018,7,Canadian Grand Prix,Circuit Gilles Villeneuve,Canada,2018-06-10,alonso,Fernando Alonso,Spanish,McLaren,14.0,18,0.0,40,Exhaust,17.0,1:16.180,True,False,False,-4.0
2018,7,Canadian Grand Prix,Circuit Gilles Villeneuve,Canada,2018-06-10,brendon_hartley,Brendon Hartley,New Zealander,Toro Rosso,12.0,19,0.0,0,Collision,,,True,False,False,-7.0
2018,7,Canadian Grand Prix,Circuit Gilles Villeneuve,Canada,2018-06-10,stroll,Lance Stroll,Canadian,Williams,17.0,20,0.0,0,Collision,,,True,False,False,-3.0
2018,8,French Grand Prix,Circuit Paul Ricard,France,2018-06-24,hamilton,Lewis Hamilton,British,Mercedes,1.0,1,25.0,53,Finished,5.0,1:34.509,False,True,True,0.0
2018,8,French Grand Prix,Circuit Paul Ricard,France,2018-06-24,max_verstappen,Max Verstappen,Dutch,Red Bull,4.0,2,18.0,53,Finished,2.0,1:34.275,False,True,False,2.0
2018,8,French Grand Prix,Circuit Paul Ricard,France,2018-06-24,raikkonen,Kimi Räikkönen,Finnish,Ferrari,6.0,3,15.0,53,Finished,3.0,1:34.398,False,True,False,3.0
2018,8,French Grand Prix,Circuit Paul Ricard,France,2018-06-24,ricciardo,Daniel Ricciardo,Australian,Red Bull,5.0,4,12.0,53,Finished,7.0,1:35.382,False,False,False,1.0
2018,8,French Grand Prix,Circuit Paul Ricard,France,2018-06-24,vettel,Sebastian Vettel,German,Ferrari,3.0,5,10.0,53,Finished,4.0,1:34.485,False,False,False,-2.0
2018,8,French Grand Prix,Circuit Paul Ricard,France,2018-06-24,kevin_magnussen,Kevin Magnussen,Danish,Haas F1 Team,9.0,6,8.0,53,Finished,8.0,1:35.425,False,False,False,3.0
2018,8,French Grand Prix,Circuit Paul Ricard,France,2018-06-24,bottas,Valtteri Bottas,Finnish,Mercedes,2.0,7,6.0,53,Finished,1.0,1:34.225,False,False,False,-5.0
2018,8,French Grand Prix,Circuit Paul Ricard,France,2018-06-24,sainz,Carlos Sainz,Spanish,Renault,7.0,8,4.0,53,Finished,9.0,1:35.638,False,False,False,-1.0
2018,8,French Grand Prix,Circuit Paul Ricard,France,2018-06-24,hulkenberg,Nico Hülkenberg,German,Renault,12.0,9,2.0,53,Finished,11.0,1:35.873,False,False,False,3.0
2018,8,French Grand Prix,Circuit Paul Ricard,France,2018-06-24,leclerc,Charles Leclerc,Monegasque,Sauber,8.0,10,1.0,53,Finished,12.0,1:35.977,False,False,False,-2.0
2018,8,French Grand Prix,Circuit Paul Ricard,France,2018-06-24,grosjean,Romain Grosjean,French,Haas F1 Team,10.0,11,0.0,52,+1 Lap,10.0,1:35.695,False,False,False,-1.0
2018,8,French Grand Prix,Circuit Paul Ricard,France,2018-06-24,vandoorne,Stoffel Vandoorne,Belgian,McLaren,17.0,12,0.0,52,+1 Lap,14.0,1:36.675,False,False,False,5.0
2018,8,French Grand Prix,Circuit Paul Ricard,France,2018-06-24,ericsson,Marcus Ericsson,Swedish,Sauber,15.0,13,0.0,52,+1 Lap,13.0,1:36.494,False,False,False,2.0
2018,8,French Grand Prix,Circuit Paul Ricard,France,2018-06-24,brendon_hartley,Brendon Hartley,New Zealander,Toro Rosso,20.0,14,0.0,52,+1 Lap,15.0,1:36.839,False,False,False,6.0
2018,8,French Grand Prix,Circuit Paul Ricard,France,2018-06-24,sirotkin,Sergey Sirotkin,Russian,Williams,18.0,15,0.0,52,+1 Lap,16.0,1:38.300,False,False,False,3.0
2018,8,French Grand Prix,Circuit Paul Ricard,France,2018-06-24,alonso,Fernando Alonso,Spanish,McLaren,16.0,16,0.0,50,Wheel,6.0,1:35.133,True,False,False,0.0
2018,8,French Grand Prix,Circuit Paul Ricard,France,2018-06-24,stroll,Lance Stroll,Canadian,Williams,19.0,17,0.0,48,Puncture,18.0,1:38.319,True,False,False,2.0
2018,8,French Grand Prix,Circuit Paul Ricard,France,2018-06-24,perez,Sergio Pérez,Mexican,Force India,13.0,18,0.0,27,Engine,17.0,1:38.319,True,False,False,-5.0
2018,8,French Grand Prix,Circuit Paul Ricard,France,2018-06-24,ocon,Esteban Ocon,French,Force India,11.0,19,0.0,0,Collision,,,True,False,False,-8.0
2018,8,French Grand Prix,Circuit Paul Ricard,France,2018-06-24,gasly,Pierre Gasly,French,Toro Rosso,14.0,20,0.0,0,Collision,,,True,False,False,-6.0
2018,9,Austrian Grand Prix,Red Bull Ring,Austria,2018-07-01,max_verstappen,Max Verstappen,Dutch,Red Bull,4.0,1,25.0,71,Finished,4.0,1:07.442,False,True,True,3.0
2018,9,Austrian Grand Prix,Red Bull Ring,Austria,2018-07-01,raikkonen,Kimi Räikkönen,Finnish,Ferrari,3.0,2,18.0,71,Finished,1.0,1:06.957,False,True,False,1.0
2018,9,Austrian Grand Prix,Red Bull Ring,Austria,2018-07-01,vettel,Sebastian Vettel,German,Ferrari,6.0,3,15.0,71,Finished,2.0,1:07.082,False,True,False,3.0
2018,9,Austrian Grand Prix,Red Bull Ring,Austria,2018-07-01,grosjean,Romain Grosjean,French,Haas F1 Team,5.0,4,12.0,70,+1 Lap,16.0,1:09.071,False,False,False,1.0
2018,9,Austrian Grand Prix,Red Bull Ring,Austria,2018-07-01,kevin_magnussen,Kevin Magnussen,Danish,Haas F1 Team,8.0,5,10.0,70,+1 Lap,7.0,1:08.476,False,False,False,3.0
2018,9,Austrian Grand Prix,Red Bull Ring,Austria,2018-07-01,ocon,Esteban Ocon,French,Force India,11.0,6,8.0,70,+1 Lap,11.0,1:08.850,False,False,False,5.0
2018,9,Austrian Grand Prix,Red Bull Ring,Austria,2018-07-01,perez,Sergio Pérez,Mexican,Force India,16.0,7,6.0,70,+1 Lap,8.0,1:08.504,False,False,False,9.0
2018,9,Austrian Grand Prix,Red Bull Ring,Austria,2018-07-01,alonso,Fernando Alonso,Spanish,McLaren,13.0,8,4.0,70,+1 Lap,9.0,1:08.661,False,False,False,5.0
2018,9,Austrian Grand Prix,Red Bull Ring,Austria,2018-07-01,leclerc,Charles Leclerc,Monegasque,Sauber,18.0,9,2.0,70,+1 Lap,14.0,1:09.006,False,False,False,9.0
2018,9,Austrian Grand Prix,Red Bull Ring,Austria,2018-07-01,ericsson,Marcus Ericsson,Swedish,Sauber,20.0,10,1.0,70,+1 Lap,6.0,1:08.216,False,False,False,10.0
2018,9,Austrian Grand Prix,Red Bull Ring,Austria,2018-07-01,gasly,Pierre Gasly,French,Toro Rosso,12.0,11,0.0,70,+1 Lap,19.0,1:09.295,False,False,False,1.0
2018,9,Austrian Grand Prix,Red Bull Ring,Austria,2018-07-01,sainz,Carlos Sainz,Spanish,Renault,9.0,12,0.0,70,+1 Lap,10.0,1:08.766,False,False,False,-3.0
2018,9,Austrian Grand Prix,Red Bull Ring,Austria,2018-07-01,sirotkin,Sergey Sirotkin,Russian,Williams,17.0,13,0.0,69,+2 Laps,13.0,1:08.971,False,False,False,4.0
2018,9,Austrian Grand Prix,Red Bull Ring,Austria,2018-07-01,stroll,Lance Stroll,Canadian,Williams,14.0,14,0.0,69,+2 Laps,18.0,1:09.203,False,False,False,0.0
2018,9,Austrian Grand Prix,Red Bull Ring,Austria,2018-07-01,vandoorne,Stoffel Vandoorne,Belgian,McLaren,15.0,15,0.0,65,Collision damage,12.0,1:08.894,True,False,False,0.0
2018,9,Austrian Grand Prix,Red Bull Ring,Austria,2018-07-01,hamilton,Lewis Hamilton,British,Mercedes,2.0,16,0.0,62,Fuel pressure,3.0,1:07.241,True,False,False,-14.0
2018,9,Austrian Grand Prix,Red Bull Ring,Austria,2018-07-01,brendon_hartley,Brendon Hartley,New Zealander,Toro Rosso,19.0,17,0.0,54,Hydraulics,17.0,1:09.171,True,False,False,2.0
2018,9,Austrian Grand Prix,Red Bull Ring,Austria,2018-07-01,ricciardo,Daniel Ricciardo,Australian,Red Bull,7.0,18,0.0,53,Exhaust,5.0,1:07.591,True,False,False,-11.0
2018,9,Austrian Grand Prix,Red Bull Ring,Austria,2018-07-01,bottas,Valtteri Bottas,Finnish,Mercedes,1.0,19,0.0,13,Hydraulics,15.0,1:09.044,True,False,False,-18.0
2018,9,Austrian Grand Prix,Red Bull Ring,Austria,2018-07-01,hulkenberg,Nico Hülkenberg,German,Renault,10.0,20,0.0,11,Engine,20.0,1:10.380,True,False,False,-10.0
2018,10,British Grand Prix,Silverstone Circuit,UK,2018-07-08,vettel,Sebastian Vettel,German,Ferrari,2.0,1,25.0,52,Finished,1.0,1:30.696,False,True,True,1.0
2018,10,British Grand Prix,Silverstone Circuit,UK,2018-07-08,hamilton,Lewis Hamilton,British,Mercedes,1.0,2,18.0,52,Finished,3.0,1:31.245,False,True,False,-1.0
2018,10,British Grand Prix,Silverstone Circuit,UK,2018-07-08,raikkonen,Kimi Räikkönen,Finnish,Ferrari,3.0,3,15.0,52,Finished,2.0,1:30.795,False,True,False,0.0
2018,10,British Grand Prix,Silverstone Circuit,UK,2018-07-08,bottas,Valtteri Bottas,Finnish,Mercedes,4.0,4,12.0,52,Finished,4.0,1:31.377,False,False,False,0.0
2018,10,British Grand Prix,Silverstone Circuit,UK,2018-07-08,ricciardo,Daniel Ricciardo,Australian,Red Bull,6.0,5,10.0,52,Finished,5.0,1:31.589,False,False,False,1.0
2018,10,British Grand Prix,Silverstone Circuit,UK,2018-07-08,hulkenberg,Nico Hülkenberg,German,Renault,11.0,6,8.0,52,Finished,7.0,1:33.405,False,False,False,5.0
2018,10,British Grand Prix,Silverstone Circuit,UK,2018-07-08,ocon,Esteban Ocon,French,Force India,10.0,7,6.0,52,Finished,13.0,1:33.606,False,False,False,3.0
2018,10,British Grand Prix,Silverstone Circuit,UK,2018-07-08,alonso,Fernando Alonso,Spanish,McLaren,13.0,8,4.0,52,Finished,10.0,1:33.482,False,False,False,5.0
2018,10,British Grand Prix,Silverstone Circuit,UK,2018-07-08,kevin_magnussen,Kevin Magnussen,Danish,Haas F1 Team,7.0,9,2.0,52,Finished,12.0,1:33.604,False,False,False,-2.0
2018,10,British Grand Prix,Silverstone Circuit,UK,2018-07-08,perez,Sergio Pérez,Mexican,Force India,12.0,10,1.0,52,Finished,9.0,1:33.472,False,False,False,2.0
2018,10,British Grand Prix,Silverstone Circuit,UK,2018-07-08,vandoorne,Stoffel Vandoorne,Belgian,McLaren,17.0,11,0.0,52,Finished,11.0,1:33.551,False,False,False,6.0
2018,10,British Grand Prix,Silverstone Circuit,UK,2018-07-08,stroll,Lance Stroll,Canadian,Williams,19.0,12,0.0,52,Finished,15.0,1:33.869,False,False,False,7.0
2018,10,British Grand Prix,Silverstone Circuit,UK,2018-07-08,gasly,Pierre Gasly,French,Toro Rosso,14.0,13,0.0,52,Finished,8.0,1:33.465,False,False,False,1.0
2018,10,British Grand Prix,Silverstone Circuit,UK,2018-07-08,sirotkin,Sergey Sirotkin,Russian,Williams,18.0,14,0.0,52,Finished,18.0,1:34.620,False,False,False,4.0
2018,10,British Grand Prix,Silverstone Circuit,UK,2018-07-08,max_verstappen,Max Verstappen,Dutch,Red Bull,5.0,15,0.0,46,Brakes,6.0,1:32.007,True,False,False,-10.0
2018,10,British Grand Prix,Silverstone Circuit,UK,2018-07-08,grosjean,Romain Grosjean,French,Haas F1 Team,8.0,16,0.0,37,Collision,16.0,1:34.391,True,False,False,-8.0
2018,10,British Grand Prix,Silverstone Circuit,UK,2018-07-08,sainz,Carlos Sainz,Spanish,Renault,16.0,17,0.0,37,Collision,17.0,1:34.602,True,False,False,-1.0
2018,10,British Grand Prix,Silverstone Circuit,UK,2018-07-08,ericsson,Marcus Ericsson,Swedish,Sauber,15.0,18,0.0,31,Accident,14.0,1:33.675,True,False,False,-3.0
2018,10,British Grand Prix,Silverstone Circuit,UK,2018-07-08,leclerc,Charles Leclerc,Monegasque,Sauber,9.0,19,0.0,18,Tyre,19.0,1:35.209,True,False,False,-10.0
2018,10,British Grand Prix,Silverstone Circuit,UK,2018-07-08,brendon_hartley,Brendon Hartley,New Zealander,Toro Rosso,,20,0.0,1,Power Unit,,,True,False,False,
2018,11,German Grand Prix,Hockenheimring,Germany,2018-07-22,hamilton,Lewis Hamilton,British,Mercedes,14.0,1,25.0,67,Finished,1.0,1:15.545,False,True,True,13.0
2018,11,German Grand Prix,Hockenheimring,Germany,2018-07-22,bottas,Valtteri Bottas,Finnish,Mercedes,2.0,2,18.0,67,Finished,2.0,1:15.721,False,True,False,0.0
2018,11,German Grand Prix,Hockenheimring,Germany,2018-07-22,raikkonen,Kimi Räikkönen,Finnish,Ferrari,3.0,3,15.0,67,Finished,4.0,1:15.990,False,True,False,0.0
2018,11,German Grand Prix,Hockenheimring,Germany,2018-07-22,max_verstappen,Max Verstappen,Dutch,Red Bull,4.0,4,12.0,67,Finished,3.0,1:15.852,False,False,False,0.0
2018,11,German Grand Prix,Hockenheimring,Germany,2018-07-22,hulkenberg,Nico Hülkenberg,German,Renault,7.0,5,10.0,67,Finished,16.0,1:17.910,False,False,False,2.0
2018,11,German Grand Prix,Hockenheimring,Germany,2018-07-22,grosjean,Romain Grosjean,French,Haas F1 Team,6.0,6,8.0,67,Finished,5.0,1:16.716,False,False,False,0.0
2018,11,German Grand Prix,Hockenheimring,Germany,2018-07-22,perez,Sergio Pérez,Mexican,Force India,10.0,7,6.0,67,Finished,15.0,1:17.867,False,False,False,3.0
2018,11,German Grand Prix,Hockenheimring,Germany,2018-07-22,ocon,Esteban Ocon,French,Force India,15.0,8,4.0,67,Finished,17.0,1:17.941,False,False,False,7.0
2018,11,German Grand Prix,Hockenheimring,Germany,2018-07-22,ericsson,Marcus Ericsson,Swedish,Sauber,13.0,9,2.0,67,Finished,12.0,1:17.745,False,False,False,4.0
2018,11,German Grand Prix,Hockenheimring,Germany,2018-07-22,brendon_hartley,Brendon Hartley,New Zealander,Toro Rosso,17.0,10,1.0,67,Finished,9.0,1:17.681,False,False,False,7.0
2018,11,German Grand Prix,Hockenheimring,Germany,2018-07-22,kevin_magnussen,Kevin Magnussen,Danish,Haas F1 Team,5.0,11,0.0,67,Finished,10.0,1:17.697,False,False,False,-6.0
2018,11,German Grand Prix,Hockenheimring,Germany,2018-07-22,sainz,Carlos Sainz,Spanish,Renault,8.0,12,0.0,67,Finished,7.0,1:17.430,False,False,False,-4.0
2018,11,German Grand Prix,Hockenheimring,Germany,2018-07-22,vandoorne,Stoffel Vandoorne,Belgian,McLaren,19.0,13,0.0,67,Finished,8.0,1:17.537,False,False,False,6.0
2018,11,German Grand Prix,Hockenheimring,Germany,2018-07-22,gasly,Pierre Gasly,French,Toro Rosso,16.0,14,0.0,66,+1 Lap,13.0,1:17.762,False,False,False,2.0
2018,11,German Grand Prix,Hockenheimring,Germany,2018-07-22,leclerc,Charles Leclerc,Monegasque,Sauber,9.0,15,0.0,66,+1 Lap,14.0,1:17.852,False,False,False,-6.0
2018,11,German Grand Prix,Hockenheimring,Germany,2018-07-22,alonso,Fernando Alonso,Spanish,McLaren,11.0,16,0.0,65,Retired,11.0,1:17.741,True,False,False,-5.0
2018,11,German Grand Prix,Hockenheimring,Germany,2018-07-22,stroll,Lance Stroll,Canadian,Williams,18.0,17,0.0,53,Engine,19.0,1:18.861,True,False,False,1.0
2018,11,German Grand Prix,Hockenheimring,Germany,2018-07-22,vettel,Sebastian Vettel,German,Ferrari,1.0,18,0.0,51,Accident,6.0,1:17.290,True,False,False,-17.0
2018,11,German Grand Prix,Hockenheimring,Germany,2018-07-22,sirotkin,Sergey Sirotkin,Russian,Williams,12.0,19,0.0,51,Engine,20.0,1:18.934,True,False,False,-7.0
2018,11,German Grand Prix,Hockenheimring,Germany,2018-07-22,ricciardo,Daniel Ricciardo,Australian,Red Bull,20.0,20,0.0,27,Engine,18.0,1:18.262,True,False,False,0.0
2018,12,Hungarian Grand Prix,Hungaroring,Hungary,2018-07-29,hamilton,Lewis Hamilton,British,Mercedes,1.0,1,25.0,70,Finished,4.0,1:21.107,False,True,True,0.0
2018,12,Hungarian Grand Prix,Hungaroring,Hungary,2018-07-29,vettel,Sebastian Vettel,German,Ferrari,4.0,2,18.0,70,Finished,2.0,1:20.056,False,True,False,2.0
2018,12,Hungarian Grand Prix,Hungaroring,Hungary,2018-07-29,raikkonen,Kimi Räikkönen,Finnish,Ferrari,3.0,3,15.0,70,Finished,3.0,1:20.292,False,True,False,0.0
2018,12,Hungarian Grand Prix,Hungaroring,Hungary,2018-07-29,ricciardo,Daniel Ricciardo,Australian,Red Bull,12.0,4,12.0,70,Finished,1.0,1:20.012,False,False,False,8.0
2018,12,Hungarian Grand Prix,Hungaroring,Hungary,2018-07-29,bottas,Valtteri Bottas,Finnish,Mercedes,2.0,5,10.0,70,Finished,8.0,1:21.736,False,False,False,-3.0
2018,12,Hungarian Grand Prix,Hungaroring,Hungary,2018-07-29,gasly,Pierre Gasly,French,Toro Rosso,6.0,6,8.0,70,Finished,7.0,1:21.685,False,False,False,0.0
2018,12,Hungarian Grand Prix,Hungaroring,Hungary,2018-07-29,kevin_magnussen,Kevin Magnussen,Danish,Haas F1 Team,9.0,7,6.0,69,+1 Lap,6.0,1:21.302,False,False,False,2.0
2018,12,Hungarian Grand Prix,Hungaroring,Hungary,2018-07-29,alonso,Fernando Alonso,Spanish,McLaren,11.0,8,4.0,69,+1 Lap,9.0,1:22.090,False,False,False,3.0
2018,12,Hungarian Grand Prix,Hungaroring,Hungary,2018-07-29,sainz,Carlos Sainz,Spanish,Renault,5.0,9,2.0,69,+1 Lap,13.0,1:22.774,False,False,False,-4.0
2018,12,Hungarian Grand Prix,Hungaroring,Hungary,2018-07-29,grosjean,Romain Grosjean,French,Haas F1 Team,10.0,10,1.0,69,+1 Lap,10.0,1:22.606,False,False,False,0.0
2018,12,Hungarian Grand Prix,Hungaroring,Hungary,2018-07-29,brendon_hartley,Brendon Hartley,New Zealander,Toro Rosso,8.0,11,0.0,69,+1 Lap,11.0,1:22.612,False,False,False,-3.0
2018,12,Hungarian Grand Prix,Hungaroring,Hungary,2018-07-29,hulkenberg,Nico Hülkenberg,German,Renault,13.0,12,0.0,69,+1 Lap,5.0,1:21.261,False,False,False,1.0
2018,12,Hungarian Grand Prix,Hungaroring,Hungary,2018-07-29,ocon,Esteban Ocon,French,Force India,18.0,13,0.0,69,+1 Lap,14.0,1:22.876,False,False,False,5.0
2018,12,Hungarian Grand Prix,Hungaroring,Hungary,2018-07-29,perez,Sergio Pérez,Mexican,Force India,19.0,14,0.0,69,+1 Lap,16.0,1:23.263,False,False,False,5.0
2018,12,Hungarian Grand Prix,Hungaroring,Hungary,2018-07-29,ericsson,Marcus Ericsson,Swedish,Sauber,14.0,15,0.0,68,+2 Laps,17.0,1:23.671,False,False,False,-1.0
2018,12,Hungarian Grand Prix,Hungaroring,Hungary,2018-07-29,sirotkin,Sergey Sirotkin,Russian,Williams,20.0,16,0.0,68,+2 Laps,18.0,1:23.708,False,False,False,4.0
2018,12,Hungarian Grand Prix,Hungaroring,Hungary,2018-07-29,stroll,Lance Stroll,Canadian,Williams,15.0,17,0.0,68,+2 Laps,12.0,1:22.660,False,False,False,-2.0
2018,12,Hungarian Grand Prix,Hungaroring,Hungary,2018-07-29,vandoorne,Stoffel Vandoorne,Belgian,McLaren,16.0,18,0.0,49,Gearbox,15.0,1:23.077,True,False,False,-2.0
2018,12,Hungarian Grand Prix,Hungaroring,Hungary,2018-07-29,max_verstappen,Max Verstappen,Dutch,Red Bull,7.0,19,0.0,5,Power loss,19.0,1:23.985,True,False,False,-12.0
2018,12,Hungarian Grand Prix,Hungaroring,Hungary,2018-07-29,leclerc,Charles Leclerc,Monegasque,Sauber,17.0,20,0.0,0,Suspension,,,True,False,False,-3.0
2018,13,Belgian Grand Prix,Circuit de Spa-Francorchamps,Belgium,2018-08-26,vettel,Sebastian Vettel,German,Ferrari,2.0,1,25.0,44,Finished,2.0,1:46.644,False,True,True,1.0
2018,13,Belgian Grand Prix,Circuit de Spa-Francorchamps,Belgium,2018-08-26,hamilton,Lewis Hamilton,British,Mercedes,1.0,2,18.0,44,Finished,3.0,1:46.721,False,True,False,-1.0
2018,13,Belgian Grand Prix,Circuit de Spa-Francorchamps,Belgium,2018-08-26,max_verstappen,Max Verstappen,Dutch,Red Bull,7.0,3,15.0,44,Finished,4.0,1:46.946,False,True,False,4.0
2018,13,Belgian Grand Prix,Circuit de Spa-Francorchamps,Belgium,2018-08-26,bottas,Valtteri Bottas,Finnish,Mercedes,19.0,4,12.0,44,Finished,1.0,1:46.286,False,False,False,15.0
2018,13,Belgian Grand Prix,Circuit de Spa-Francorchamps,Belgium,2018-08-26,perez,Sergio Pérez,Mexican,Force India,4.0,5,10.0,44,Finished,7.0,1:48.080,False,False,False,-1.0
2018,13,Belgian Grand Prix,Circuit de Spa-Francorchamps,Belgium,2018-08-26,ocon,Esteban Ocon,French,Force India,3.0,6,8.0,44,Finished,6.0,1:48.078,False,False,False,-3.0
2018,13,Belgian Grand Prix,Circuit de Spa-Francorchamps,Belgium,2018-08-26,grosjean,Romain Grosjean,French,Haas F1 Team,5.0,7,6.0,44,Finished,8.0,1:48.283,False,False,False,-2.0
2018,13,Belgian Grand Prix,Circuit de Spa-Francorchamps,Belgium,2018-08-26,kevin_magnussen,Kevin Magnussen,Danish,Haas F1 Team,9.0,8,4.0,44,Finished,5.0,1:47.937,False,False,False,1.0
2018,13,Belgian Grand Prix,Circuit de Spa-Francorchamps,Belgium,2018-08-26,gasly,Pierre Gasly,French,Toro Rosso,10.0,9,2.0,44,Finished,9.0,1:48.588,False,False,False,1.0
2018,13,Belgian Grand Prix,Circuit de Spa-Francorchamps,Belgium,2018-08-26,ericsson,Marcus Ericsson,Swedish,Sauber,13.0,10,1.0,43,+1 Lap,11.0,1:48.694,False,False,False,3.0
2018,13,Belgian Grand Prix,Circuit de Spa-Francorchamps,Belgium,2018-08-26,sainz,Carlos Sainz,Spanish,Renault,14.0,11,0.0,43,+1 Lap,10.0,1:48.670,False,False,False,3.0
2018,13,Belgian Grand Prix,Circuit de Spa-Francorchamps,Belgium,2018-08-26,sirotkin,Sergey Sirotkin,Russian,Williams,16.0,12,0.0,43,+1 Lap,14.0,1:49.113,False,False,False,4.0
2018,13,Belgian Grand Prix,Circuit de Spa-Francorchamps,Belgium,2018-08-26,stroll,Lance Stroll,Canadian,Williams,17.0,13,0.0,43,+1 Lap,16.0,1:49.287,False,False,False,4.0
2018,13,Belgian Grand Prix,Circuit de Spa-Francorchamps,Belgium,2018-08-26,brendon_hartley,Brendon Hartley,New Zealander,Toro Rosso,11.0,14,0.0,43,+1 Lap,12.0,1:48.756,False,False,False,-3.0
2018,13,Belgian Grand Prix,Circuit de Spa-Francorchamps,Belgium,2018-08-26,vandoorne,Stoffel Vandoorne,Belgian,McLaren,18.0,15,0.0,43,+1 Lap,13.0,1:48.956,False,False,False,3.0
2018,13,Belgian Grand Prix,Circuit de Spa-Francorchamps,Belgium,2018-08-26,ricciardo,Daniel Ricciardo,Australian,Red Bull,8.0,16,0.0,28,Retired,15.0,1:49.242,True,False,False,-8.0
2018,13,Belgian Grand Prix,Circuit de Spa-Francorchamps,Belgium,2018-08-26,raikkonen,Kimi Räikkönen,Finnish,Ferrari,6.0,17,0.0,8,Brakes,17.0,1:54.320,True,False,False,-11.0
2018,13,Belgian Grand Prix,Circuit de Spa-Francorchamps,Belgium,2018-08-26,leclerc,Charles Leclerc,Monegasque,Sauber,12.0,18,0.0,0,Accident,,,True,False,False,-6.0
2018,13,Belgian Grand Prix,Circuit de Spa-Francorchamps,Belgium,2018-08-26,alonso,Fernando Alonso,Spanish,McLaren,15.0,19,0.0,0,Accident,,,True,False,False,-4.0
2018,13,Belgian Grand Prix,Circuit de Spa-Francorchamps,Belgium,2018-08-26,hulkenberg,Nico Hülkenberg,German,Renault,20.0,20,0.0,0,Accident,,,True,False,False,0.0
2018,14,Italian Grand Prix,Autodromo Nazionale di Monza,Italy,2018-09-02,hamilton,Lewis Hamilton,British,Mercedes,3.0,1,25.0,53,Finished,1.0,1:22.497,False,True,True,2.0
2018,14,Italian Grand Prix,Autodromo Nazionale di Monza,Italy,2018-09-02,raikkonen,Kimi Räikkönen,Finnish,Ferrari,1.0,2,18.0,53,Finished,4.0,1:23.515,False,True,False,-1.0
2018,14,Italian Grand Prix,Autodromo Nazionale di Monza,Italy,2018-09-02,bottas,Valtteri Bottas,Finnish,Mercedes,4.0,3,15.0,53,Finished,3.0,1:22.907,False,True,False,1.0
2018,14,Italian Grand Prix,Autodromo Nazionale di Monza,Italy,2018-09-02,vettel,Sebastian Vettel,German,Ferrari,2.0,4,12.0,53,Finished,2.0,1:22.505,False,False,False,-2.0
2018,14,Italian Grand Prix,Autodromo Nazionale di Monza,Italy,2018-09-02,max_verstappen,Max Verstappen,Dutch,Red Bull,5.0,5,10.0,53,Finished,6.0,1:23.609,False,False,False,0.0
2018,14,Italian Grand Prix,Autodromo Nazionale di Monza,Italy,2018-09-02,ocon,Esteban Ocon,French,Force India,8.0,6,8.0,53,Finished,12.0,1:24.243,False,False,False,2.0
2018,14,Italian Grand Prix,Autodromo Nazionale di Monza,Italy,2018-09-02,perez,Sergio Pérez,Mexican,Force India,14.0,7,6.0,53,Finished,11.0,1:24.179,False,False,False,7.0
2018,14,Italian Grand Prix,Autodromo Nazionale di Monza,Italy,2018-09-02,sainz,Carlos Sainz,Spanish,Renault,7.0,8,4.0,53,Finished,5.0,1:23.529,False,False,False,-1.0
2018,14,Italian Grand Prix,Autodromo Nazionale di Monza,Italy,2018-09-02,stroll,Lance Stroll,Canadian,Williams,10.0,9,2.0,52,+1 Lap,9.0,1:24.056,False,False,False,1.0
2018,14,Italian Grand Prix,Autodromo Nazionale di Monza,Italy,2018-09-02,sirotkin,Sergey Sirotkin,Russian,Williams,12.0,10,1.0,52,+1 Lap,14.0,1:24.580,False,False,False,2.0
2018,14,Italian Grand Prix,Autodromo Nazionale di Monza,Italy,2018-09-02,leclerc,Charles Leclerc,Monegasque,Sauber,15.0,11,0.0,52,+1 Lap,8.0,1:23.768,False,False,False,4.0
2018,14,Italian Grand Prix,Autodromo Nazionale di Monza,Italy,2018-09-02,vandoorne,Stoffel Vandoorne,Belgian,McLaren,17.0,12,0.0,52,+1 Lap,13.0,1:24.504,False,False,False,5.0
2018,14,Italian Grand Prix,Autodromo Nazionale di Monza,Italy,2018-09-02,hulkenberg,Nico Hülkenberg,German,Renault,20.0,13,0.0,52,+1 Lap,16.0,1:24.772,False,False,False,7.0
2018,14,Italian Grand Prix,Autodromo Nazionale di Monza,Italy,2018-09-02,gasly,Pierre Gasly,French,Toro Rosso,9.0,14,0.0,52,+1 Lap,10.0,1:24.059,False,False,False,-5.0
2018,14,Italian Grand Prix,Autodromo Nazionale di Monza,Italy,2018-09-02,ericsson,Marcus Ericsson,Swedish,Sauber,18.0,15,0.0,52,+1 Lap,15.0,1:24.767,False,False,False,3.0
2018,14,Italian Grand Prix,Autodromo Nazionale di Monza,Italy,2018-09-02,kevin_magnussen,Kevin Magnussen,Danish,Haas F1 Team,11.0,16,0.0,52,+1 Lap,7.0,1:23.768,False,False,False,-5.0
2018,14,Italian Grand Prix,Autodromo Nazionale di Monza,Italy,2018-09-02,ricciardo,Daniel Ricciardo,Australian,Red Bull,19.0,17,0.0,23,Engine,18.0,1:25.692,True,False,False,2.0
2018,14,Italian Grand Prix,Autodromo Nazionale di Monza,Italy,2018-09-02,alonso,Fernando Alonso,Spanish,McLaren,13.0,18,0.0,9,Engine,17.0,1:25.229,True,False,False,-5.0
2018,14,Italian Grand Prix,Autodromo Nazionale di Monza,Italy,2018-09-02,brendon_hartley,Brendon Hartley,New Zealander,Toro Rosso,16.0,19,0.0,0,Brakes,19.0,1:27.009,True,False,False,-3.0
2018,14,Italian Grand Prix,Autodromo Nazionale di Monza,Italy,2018-09-02,grosjean,Romain Grosjean,French,Haas F1 Team,6.0,20,0.0,53,Disqualified,,,True,False,False,-14.0
2018,15,Singapore Grand Prix,Marina Bay Street Circuit,Singapore,2018-09-16,hamilton,Lewis Hamilton,British,Mercedes,1.0,1,25.0,61,Finished,2.0,1:42.913,False,True,True,0.0
2018,15,Singapore Grand Prix,Marina Bay Street Circuit,Singapore,2018-09-16,max_verstappen,Max Verstappen,Dutch,Red Bull,2.0,2,18.0,61,Finished,5.0,1:43.345,False,True,False,0.0
2018,15,Singapore Grand Prix,Marina Bay Street Circuit,Singapore,2018-09-16,vettel,Sebastian Vettel,German,Ferrari,3.0,3,15.0,61,Finished,6.0,1:44.669,False,True,False,0.0
2018,15,Singapore Grand Prix,Marina Bay Street Circuit,Singapore,2018-09-16,bottas,Valtteri Bottas,Finnish,Mercedes,4.0,4,12.0,61,Finished,8.0,1:44.720,False,False,False,0.0
2018,15,Singapore Grand Prix,Marina Bay Street Circuit,Singapore,2018-09-16,raikkonen,Kimi Räikkönen,Finnish,Ferrari,5.0,5,10.0,61,Finished,7.0,1:44.715,False,False,False,0.0
2018,15,Singapore Grand Prix,Marina Bay Street Circuit,Singapore,2018-09-16,ricciardo,Daniel Ricciardo,Australian,Red Bull,6.0,6,8.0,61,Finished,3.0,1:43.120,False,False,False,0.0
2018,15,Singapore Grand Prix,Marina Bay Street Circuit,Singapore,2018-09-16,alonso,Fernando Alonso,Spanish,McLaren,11.0,7,6.0,61,Finished,4.0,1:43.164,False,False,False,4.0
2018,15,Singapore Grand Prix,Marina Bay Street Circuit,Singapore,2018-09-16,sainz,Carlos Sainz,Spanish,Renault,12.0,8,4.0,60,+1 Lap,12.0,1:45.211,False,False,False,4.0
2018,15,Singapore Grand Prix,Marina Bay Street Circuit,Singapore,2018-09-16,leclerc,Charles Leclerc,Monegasque,Sauber,13.0,9,2.0,60,+1 Lap,11.0,1:45.203,False,False,False,4.0
2018,15,Singapore Grand Prix,Marina Bay Street Circuit,Singapore,2018-09-16,hulkenberg,Nico Hülkenberg,German,Renault,10.0,10,1.0,60,+1 Lap,19.0,1:46.093,False,False,False,0.0
2018,15,Singapore Grand Prix,Marina Bay Street Circuit,Singapore,2018-09-16,ericsson,Marcus Ericsson,Swedish,Sauber,14.0,11,0.0,60,+1 Lap,10.0,1:45.169,False,False,False,3.0
2018,15,Singapore Grand Prix,Marina Bay Street Circuit,Singapore,2018-09-16,vandoorne,Stoffel Vandoorne,Belgian,McLaren,18.0,12,0.0,60,+1 Lap,14.0,1:45.555,False,False,False,6.0
2018,15,Singapore Grand Prix,Marina Bay Street Circuit,Singapore,2018-09-16,gasly,Pierre Gasly,French,Toro Rosso,15.0,13,0.0,60,+1 Lap,18.0,1:46.063,False,False,False,2.0
2018,15,Singapore Grand Prix,Marina Bay Street Circuit,Singapore,2018-09-16,stroll,Lance Stroll,Canadian,Williams,20.0,14,0.0,60,+1 Lap,17.0,1:46.033,False,False,False,6.0
2018,15,Singapore Grand Prix,Marina Bay Street Circuit,Singapore,2018-09-16,grosjean,Romain Grosjean,French,Haas F1 Team,8.0,15,0.0,60,+1 Lap,16.0,1:45.904,False,False,False,-7.0
2018,15,Singapore Grand Prix,Marina Bay Street Circuit,Singapore,2018-09-16,perez,Sergio Pérez,Mexican,Force India,7.0,16,0.0,60,+1 Lap,13.0,1:45.389,False,False,False,-9.0
2018,15,Singapore Grand Prix,Marina Bay Street Circuit,Singapore,2018-09-16,brendon_hartley,Brendon Hartley,New Zealander,Toro Rosso,17.0,17,0.0,60,+1 Lap,9.0,1:44.889,False,False,False,0.0
2018,15,Singapore Grand Prix,Marina Bay Street Circuit,Singapore,2018-09-16,kevin_magnussen,Kevin Magnussen,Danish,Haas F1 Team,16.0,18,0.0,59,+2 Laps,1.0,1:41.905,False,False,False,-2.0
2018,15,Singapore Grand Prix,Marina Bay Street Circuit,Singapore,2018-09-16,sirotkin,Sergey Sirotkin,Russian,Williams,19.0,19,0.0,59,+2 Laps,15.0,1:45.902,False,False,False,0.0
2018,15,Singapore Grand Prix,Marina Bay Street Circuit,Singapore,2018-09-16,ocon,Esteban Ocon,French,Force India,9.0,20,0.0,0,Collision,,,True,False,False,-11.0
2018,16,Russian Grand Prix,Sochi Autodrom,Russia,2018-09-30,hamilton,Lewis Hamilton,British,Mercedes,2.0,1,25.0,53,Finished,2.0,1:35.916,False,True,True,1.0
2018,16,Russian Grand Prix,Sochi Autodrom,Russia,2018-09-30,bottas,Valtteri Bottas,Finnish,Mercedes,1.0,2,18.0,53,Finished,1.0,1:35.861,False,True,False,-1.0
2018,16,Russian Grand Prix,Sochi Autodrom,Russia,2018-09-30,vettel,Sebastian Vettel,German,Ferrari,3.0,3,15.0,53,Finished,3.0,1:35.990,False,True,False,0.0
2018,16,Russian Grand Prix,Sochi Autodrom,Russia,2018-09-30,raikkonen,Kimi Räikkönen,Finnish,Ferrari,4.0,4,12.0,53,Finished,6.0,1:36.611,False,False,False,0.0
2018,16,Russian Grand Prix,Sochi Autodrom,Russia,2018-09-30,max_verstappen,Max Verstappen,Dutch,Red Bull,19.0,5,10.0,53,Finished,4.0,1:36.283,False,False,False,14.0
2018,16,Russian Grand Prix,Sochi Autodrom,Russia,2018-09-30,ricciardo,Daniel Ricciardo,Australian,Red Bull,18.0,6,8.0,53,Finished,5.0,1:36.345,False,False,False,12.0
2018,16,Russian Grand Prix,Sochi Autodrom,Russia,2018-09-30,leclerc,Charles Leclerc,Monegasque,Sauber,7.0,7,6.0,53,Finished,9.0,1:38.107,False,False,False,0.0
2018,16,Russian Grand Prix,Sochi Autodrom,Russia,2018-09-30,kevin_magnussen,Kevin Magnussen,Danish,Haas F1 Team,5.0,8,4.0,52,+1 Lap,8.0,1:38.015,False,False,False,-3.0
2018,16,Russian Grand Prix,Sochi Autodrom,Russia,2018-09-30,ocon,Esteban Ocon,French,Force India,6.0,9,2.0,52,+1 Lap,12.0,1:38.366,False,False,False,-3.0
2018,16,Russian Grand Prix,Sochi Autodrom,Russia,2018-09-30,perez,Sergio Pérez,Mexican,Force India,8.0,10,1.0,52,+1 Lap,11.0,1:38.300,False,False,False,-2.0
2018,16,Russian Grand Prix,Sochi Autodrom,Russia,2018-09-30,grosjean,Romain Grosjean,French,Haas F1 Team,9.0,11,0.0,52,+1 Lap,10.0,1:38.244,False,False,False,-2.0
2018,16,Russian Grand Prix,Sochi Autodrom,Russia,2018-09-30,hulkenberg,Nico Hülkenberg,German,Renault,12.0,12,0.0,52,+1 Lap,13.0,1:39.108,False,False,False,0.0
2018,16,Russian Grand Prix,Sochi Autodrom,Russia,2018-09-30,ericsson,Marcus Ericsson,Swedish,Sauber,10.0,13,0.0,52,+1 Lap,7.0,1:37.931,False,False,False,-3.0
2018,16,Russian Grand Prix,Sochi Autodrom,Russia,2018-09-30,alonso,Fernando Alonso,Spanish,McLaren,16.0,14,0.0,52,+1 Lap,15.0,1:39.590,False,False,False,2.0
2018,16,Russian Grand Prix,Sochi Autodrom,Russia,2018-09-30,stroll,Lance Stroll,Canadian,Williams,14.0,15,0.0,52,+1 Lap,14.0,1:39.435,False,False,False,-1.0
2018,16,Russian Grand Prix,Sochi Autodrom,Russia,2018-09-30,vandoorne,Stoffel Vandoorne,Belgian,McLaren,15.0,16,0.0,51,+2 Laps,18.0,1:39.922,False,False,False,-1.0
2018,16,Russian Grand Prix,Sochi Autodrom,Russia,2018-09-30,sainz,Carlos Sainz,Spanish,Renault,11.0,17,0.0,51,+2 Laps,16.0,1:39.731,False,False,False,-6.0
2018,16,Russian Grand Prix,Sochi Autodrom,Russia,2018-09-30,sirotkin,Sergey Sirotkin,Russian,Williams,13.0,18,0.0,51,+2 Laps,17.0,1:39.838,False,False,False,-5.0
2018,16,Russian Grand Prix,Sochi Autodrom,Russia,2018-09-30,gasly,Pierre Gasly,French,Toro Rosso,17.0,19,0.0,4,Brakes,19.0,1:44.071,True,False,False,-2.0
2018,16,Russian Grand Prix,Sochi Autodrom,Russia,2018-09-30,brendon_hartley,Brendon Hartley,New Zealander,Toro Rosso,20.0,20,0.0,4,Brakes,20.0,1:45.852,True,False,False,0.0
2018,17,Japanese Grand Prix,Suzuka Circuit,Japan,2018-10-07,hamilton,Lewis Hamilton,British,Mercedes,1.0,1,25.0,53,Finished,2.0,1:32.785,False,True,True,0.0
2018,17,Japanese Grand Prix,Suzuka Circuit,Japan,2018-10-07,bottas,Valtteri Bottas,Finnish,Mercedes,2.0,2,18.0,53,Finished,3.0,1:33.110,False,True,False,0.0
2018,17,Japanese Grand Prix,Suzuka Circuit,Japan,2018-10-07,max_verstappen,Max Verstappen,Dutch,Red Bull,3.0,3,15.0,53,Finished,6.0,1:33.367,False,True,False,0.0
2018,17,Japanese Grand Prix,Suzuka Circuit,Japan,2018-10-07,ricciardo,Daniel Ricciardo,Australian,Red Bull,15.0,4,12.0,53,Finished,4.0,1:33.187,False,False,False,11.0
2018,17,Japanese Grand Prix,Suzuka Circuit,Japan,2018-10-07,raikkonen,Kimi Räikkönen,Finnish,Ferrari,4.0,5,10.0,53,Finished,12.0,1:34.223,False,False,False,-1.0
2018,17,Japanese Grand Prix,Suzuka Circuit,Japan,2018-10-07,vettel,Sebastian Vettel,German,Ferrari,8.0,6,8.0,53,Finished,1.0,1:32.318,False,False,False,2.0
2018,17,Japanese Grand Prix,Suzuka Circuit,Japan,2018-10-07,perez,Sergio Pérez,Mexican,Force India,9.0,7,6.0,53,Finished,9.0,1:34.073,False,False,False,2.0
2018,17,Japanese Grand Prix,Suzuka Circuit,Japan,2018-10-07,grosjean,Romain Grosjean,French,Haas F1 Team,5.0,8,4.0,53,Finished,15.0,1:34.786,False,False,False,-3.0
2018,17,Japanese Grand Prix,Suzuka Circuit,Japan,2018-10-07,ocon,Esteban Ocon,French,Force India,11.0,9,2.0,53,Finished,14.0,1:34.670,False,False,False,2.0
2018,17,Japanese Grand Prix,Suzuka Circuit,Japan,2018-10-07,sainz,Carlos Sainz,Spanish,Renault,13.0,10,1.0,52,+1 Lap,11.0,1:34.197,False,False,False,3.0
2018,17,Japanese Grand Prix,Suzuka Circuit,Japan,2018-10-07,gasly,Pierre Gasly,French,Toro Rosso,7.0,11,0.0,52,+1 Lap,10.0,1:34.133,False,False,False,-4.0
2018,17,Japanese Grand Prix,Suzuka Circuit,Japan,2018-10-07,ericsson,Marcus Ericsson,Swedish,Sauber,20.0,12,0.0,52,+1 Lap,19.0,1:36.294,False,False,False,8.0
2018,17,Japanese Grand Prix,Suzuka Circuit,Japan,2018-10-07,brendon_hartley,Brendon Hartley,New Zealander,Toro Rosso,6.0,13,0.0,52,+1 Lap,16.0,1:34.857,False,False,False,-7.0
2018,17,Japanese Grand Prix,Suzuka Circuit,Japan,2018-10-07,alonso,Fernando Alonso,Spanish,McLaren,18.0,14,0.0,52,+1 Lap,7.0,1:33.943,False,False,False,4.0
2018,17,Japanese Grand Prix,Suzuka Circuit,Japan,2018-10-07,vandoorne,Stoffel Vandoorne,Belgian,McLaren,19.0,15,0.0,52,+1 Lap,18.0,1:35.023,False,False,False,4.0
2018,17,Japanese Grand Prix,Suzuka Circuit,Japan,2018-10-07,sirotkin,Sergey Sirotkin,Russian,Williams,17.0,16,0.0,52,+1 Lap,8.0,1:33.985,False,False,False,1.0
2018,17,Japanese Grand Prix,Suzuka Circuit,Japan,2018-10-07,stroll,Lance Stroll,Canadian,Williams,14.0,17,0.0,52,+1 Lap,5.0,1:33.354,False,False,False,-3.0
2018,17,Japanese Grand Prix,Suzuka Circuit,Japan,2018-10-07,leclerc,Charles Leclerc,Monegasque,Sauber,10.0,18,0.0,38,Mechanical,13.0,1:34.515,True,False,False,-8.0
2018,17,Japanese Grand Prix,Suzuka Circuit,Japan,2018-10-07,hulkenberg,Nico Hülkenberg,German,Renault,16.0,19,0.0,37,Engine,17.0,1:34.934,True,False,False,-3.0
2018,17,Japanese Grand Prix,Suzuka Circuit,Japan,2018-10-07,kevin_magnussen,Kevin Magnussen,Danish,Haas F1 Team,12.0,20,0.0,8,Collision damage,20.0,1:39.908,True,False,False,-8.0
2018,18,United States Grand Prix,Circuit of the Americas,USA,2018-10-21,raikkonen,Kimi Räikkönen,Finnish,Ferrari,2.0,1,25.0,56,Finished,5.0,1:38.482,False,True,True,1.0
2018,18,United States Grand Prix,Circuit of the Americas,USA,2018-10-21,max_verstappen,Max Verstappen,Dutch,Red Bull,18.0,2,18.0,56,Finished,2.0,1:38.246,False,True,False,16.0
2018,18,United States Grand Prix,Circuit of the Americas,USA,2018-10-21,hamilton,Lewis Hamilton,British,Mercedes,1.0,3,15.0,56,Finished,1.0,1:37.392,False,True,False,-2.0
2018,18,United States Grand Prix,Circuit of the Americas,USA,2018-10-21,vettel,Sebastian Vettel,German,Ferrari,5.0,4,12.0,56,Finished,3.0,1:38.280,False,False,False,1.0
2018,18,United States Grand Prix,Circuit of the Americas,USA,2018-10-21,bottas,Valtteri Bottas,Finnish,Mercedes,3.0,5,10.0,56,Finished,4.0,1:38.470,False,False,False,-2.0
2018,18,United States Grand Prix,Circuit of the Americas,USA,2018-10-21,hulkenberg,Nico Hülkenberg,German,Renault,7.0,6,8.0,56,Finished,8.0,1:39.548,False,False,False,1.0
2018,18,United States Grand Prix,Circuit of the Americas,USA,2018-10-21,sainz,Carlos Sainz,Spanish,Renault,11.0,7,6.0,56,Finished,11.0,1:39.858,False,False,False,4.0
2018,18,United States Grand Prix,Circuit of the Americas,USA,2018-10-21,perez,Sergio Pérez,Mexican,Force India,10.0,8,4.0,56,Finished,13.0,1:39.992,False,False,False,2.0
2018,18,United States Grand Prix,Circuit of the Americas,USA,2018-10-21,brendon_hartley,Brendon Hartley,New Zealander,Toro Rosso,20.0,9,2.0,55,+1 Lap,6.0,1:38.963,False,False,False,11.0
2018,18,United States Grand Prix,Circuit of the Americas,USA,2018-10-21,ericsson,Marcus Ericsson,Swedish,Sauber,16.0,10,1.0,55,+1 Lap,9.0,1:39.569,False,False,False,6.0
2018,18,United States Grand Prix,Circuit of the Americas,USA,2018-10-21,vandoorne,Stoffel Vandoorne,Belgian,McLaren,17.0,11,0.0,55,+1 Lap,12.0,1:39.915,False,False,False,6.0
2018,18,United States Grand Prix,Circuit of the Americas,USA,2018-10-21,gasly,Pierre Gasly,French,Toro Rosso,19.0,12,0.0,55,+1 Lap,14.0,1:40.098,False,False,False,7.0
2018,18,United States Grand Prix,Circuit of the Americas,USA,2018-10-21,sirotkin,Sergey Sirotkin,Russian,Williams,14.0,13,0.0,55,+1 Lap,7.0,1:39.240,False,False,False,1.0
2018,18,United States Grand Prix,Circuit of the Americas,USA,2018-10-21,stroll,Lance Stroll,Canadian,Williams,15.0,14,0.0,54,+2 Laps,10.0,1:39.646,False,False,False,1.0
2018,18,United States Grand Prix,Circuit of the Americas,USA,2018-10-21,leclerc,Charles Leclerc,Monegasque,Sauber,9.0,15,0.0,31,Collision damage,16.0,1:40.522,True,False,False,-6.0
2018,18,United States Grand Prix,Circuit of the Americas,USA,2018-10-21,ricciardo,Daniel Ricciardo,Australian,Red Bull,4.0,16,0.0,8,Battery,15.0,1:40.433,True,False,False,-12.0
2018,18,United States Grand Prix,Circuit of the Americas,USA,2018-10-21,grosjean,Romain Grosjean,French,Haas F1 Team,8.0,17,0.0,2,Collision damage,18.0,1:41.982,True,False,False,-9.0
2018,18,United States Grand Prix,Circuit of the Americas,USA,2018-10-21,alonso,Fernando Alonso,Spanish,McLaren,13.0,18,0.0,1,Collision,17.0,1:40.933,True,False,False,-5.0
2018,18,United States Grand Prix,Circuit of the Americas,USA,2018-10-21,ocon,Esteban Ocon,French,Force India,6.0,19,0.0,56,Disqualified,,,True,False,False,-13.0
2018,18,United States Grand Prix,Circuit of the Americas,USA,2018-10-21,kevin_magnussen,Kevin Magnussen,Danish,Haas F1 Team,12.0,20,0.0,56,Disqualified,,,True,False,False,-8.0
2018,19,Mexican Grand Prix,Autódromo Hermanos Rodríguez,Mexico,2018-10-28,max_verstappen,Max Verstappen,Dutch,Red Bull,2.0,1,25.0,71,Finished,2.0,1:19.186,False,True,True,1.0
2018,19,Mexican Grand Prix,Autódromo Hermanos Rodríguez,Mexico,2018-10-28,vettel,Sebastian Vettel,German,Ferrari,4.0,2,18.0,71,Finished,4.0,1:19.522,False,True,False,2.0
2018,19,Mexican Grand Prix,Autódromo Hermanos Rodríguez,Mexico,2018-10-28,raikkonen,Kimi Räikkönen,Finnish,Ferrari,6.0,3,15.0,71,Finished,5.0,1:20.334,False,True,False,3.0
2018,19,Mexican Grand Prix,Autódromo Hermanos Rodríguez,Mexico,2018-10-28,hamilton,Lewis Hamilton,British,Mercedes,3.0,4,12.0,71,Finished,8.0,1:20.728,False,False,False,-1.0
2018,19,Mexican Grand Prix,Autódromo Hermanos Rodríguez,Mexico,2018-10-28,bottas,Valtteri Bottas,Finnish,Mercedes,5.0,5,10.0,70,+1 Lap,1.0,1:18.741,False,False,False,0.0
2018,19,Mexican Grand Prix,Autódromo Hermanos Rodríguez,Mexico,2018-10-28,hulkenberg,Nico Hülkenberg,German,Renault,7.0,6,8.0,69,+2 Laps,7.0,1:20.637,False,False,False,1.0
2018,19,Mexican Grand Prix,Autódromo Hermanos Rodríguez,Mexico,2018-10-28,leclerc,Charles Leclerc,Monegasque,Sauber,9.0,7,6.0,69,+2 Laps,6.0,1:20.537,False,False,False,2.0
2018,19,Mexican Grand Prix,Autódromo Hermanos Rodríguez,Mexico,2018-10-28,vandoorne,Stoffel Vandoorne,Belgian,McLaren,15.0,8,4.0,69,+2 Laps,11.0,1:21.921,False,False,False,7.0
2018,19,Mexican Grand Prix,Autódromo Hermanos Rodríguez,Mexico,2018-10-28,ericsson,Marcus Ericsson,Swedish,Sauber,10.0,9,2.0,69,+2 Laps,14.0,1:22.440,False,False,False,1.0
2018,19,Mexican Grand Prix,Autódromo Hermanos Rodríguez,Mexico,2018-10-28,gasly,Pierre Gasly,French,Toro Rosso,20.0,10,1.0,69,+2 Laps,17.0,1:22.755,False,False,False,10.0
2018,19,Mexican Grand Prix,Autódromo Hermanos Rodríguez,Mexico,2018-10-28,ocon,Esteban Ocon,French,Force India,11.0,11,0.0,69,+2 Laps,15.0,1:22.629,False,False,False,0.0
2018,19,Mexican Grand Prix,Autódromo Hermanos Rodríguez,Mexico,2018-10-28,stroll,Lance Stroll,Canadian,Williams,17.0,12,0.0,69,+2 Laps,18.0,1:22.983,False,False,False,5.0
2018,19,Mexican Grand Prix,Autódromo Hermanos Rodríguez,Mexico,2018-10-28,sirotkin,Sergey Sirotkin,Russian,Williams,19.0,13,0.0,69,+2 Laps,16.0,1:22.640,False,False,False,6.0
2018,19,Mexican Grand Prix,Autódromo Hermanos Rodríguez,Mexico,2018-10-28,brendon_hartley,Brendon Hartley,New Zealander,Toro Rosso,14.0,14,0.0,69,+2 Laps,13.0,1:22.438,False,False,False,0.0
2018,19,Mexican Grand Prix,Autódromo Hermanos Rodríguez,Mexico,2018-10-28,kevin_magnussen,Kevin Magnussen,Danish,Haas F1 Team,16.0,15,0.0,69,+2 Laps,10.0,1:21.874,False,False,False,1.0
2018,19,Mexican Grand Prix,Autódromo Hermanos Rodríguez,Mexico,2018-10-28,grosjean,Romain Grosjean,French,Haas F1 Team,18.0,16,0.0,68,+3 Laps,9.0,1:21.370,False,False,False,2.0
2018,19,Mexican Grand Prix,Autódromo Hermanos Rodríguez,Mexico,2018-10-28,ricciardo,Daniel Ricciardo,Australian,Red Bull,1.0,17,0.0,61,Engine,3.0,1:19.462,True,False,False,-16.0
2018,19,Mexican Grand Prix,Autódromo Hermanos Rodríguez,Mexico,2018-10-28,perez,Sergio Pérez,Mexican,Force India,13.0,18,0.0,38,Brakes,19.0,1:23.545,True,False,False,-5.0
2018,19,Mexican Grand Prix,Autódromo Hermanos Rodríguez,Mexico,2018-10-28,sainz,Carlos Sainz,Spanish,Renault,8.0,19,0.0,28,Suspension,12.0,1:22.386,True,False,False,-11.0
2018,19,Mexican Grand Prix,Autódromo Hermanos Rodríguez,Mexico,2018-10-28,alonso,Fernando Alonso,Spanish,McLaren,12.0,20,0.0,3,Engine,20.0,1:24.197,True,False,False,-8.0
2018,20,Brazilian Grand Prix,Autódromo José Carlos Pace,Brazil,2018-11-11,hamilton,Lewis Hamilton,British,Mercedes,1.0,1,25.0,71,Finished,7.0,1:11.795,False,True,True,0.0
2018,20,Brazilian Grand Prix,Autódromo José Carlos Pace,Brazil,2018-11-11,max_verstappen,Max Verstappen,Dutch,Red Bull,5.0,2,18.0,71,Finished,4.0,1:11.578,False,True,False,3.0
2018,20,Brazilian Grand Prix,Autódromo José Carlos Pace,Brazil,2018-11-11,raikkonen,Kimi Räikkönen,Finnish,Ferrari,4.0,3,15.0,71,Finished,6.0,1:11.769,False,True,False,1.0
2018,20,Brazilian Grand Prix,Autódromo José Carlos Pace,Brazil,2018-11-11,ricciardo,Daniel Ricciardo,Australian,Red Bull,11.0,4,12.0,71,Finished,3.0,1:11.343,False,False,False,7.0
2018,20,Brazilian Grand Prix,Autódromo José Carlos Pace,Brazil,2018-11-11,bottas,Valtteri Bottas,Finnish,Mercedes,3.0,5,10.0,71,Finished,1.0,1:10.540,False,False,False,-2.0
2018,20,Brazilian Grand Prix,Autódromo José Carlos Pace,Brazil,2018-11-11,vettel,Sebastian Vettel,German,Ferrari,2.0,6,8.0,71,Finished,2.0,1:10.831,False,False,False,-4.0
2018,20,Brazilian Grand Prix,Autódromo José Carlos Pace,Brazil,2018-11-11,leclerc,Charles Leclerc,Monegasque,Sauber,7.0,7,6.0,71,Finished,8.0,1:12.082,False,False,False,0.0
2018,20,Brazilian Grand Prix,Autódromo José Carlos Pace,Brazil,2018-11-11,grosjean,Romain Grosjean,French,Haas F1 Team,8.0,8,4.0,71,Finished,12.0,1:12.362,False,False,False,0.0
2018,20,Brazilian Grand Prix,Autódromo José Carlos Pace,Brazil,2018-11-11,kevin_magnussen,Kevin Magnussen,Danish,Haas F1 Team,10.0,9,2.0,71,Finished,10.0,1:12.206,False,False,False,1.0
2018,20,Brazilian Grand Prix,Autódromo José Carlos Pace,Brazil,2018-11-11,perez,Sergio Pérez,Mexican,Force India,12.0,10,1.0,70,+1 Lap,13.0,1:12.472,False,False,False,2.0
2018,20,Brazilian Grand Prix,Autódromo José Carlos Pace,Brazil,2018-11-11,brendon_hartley,Brendon Hartley,New Zealander,Toro Rosso,16.0,11,0.0,70,+1 Lap,15.0,1:12.949,False,False,False,5.0
2018,20,Brazilian Grand Prix,Autódromo José Carlos Pace,Brazil,2018-11-11,sainz,Carlos Sainz,Spanish,Renault,15.0,12,0.0,70,+1 Lap,9.0,1:12.169,False,False,False,3.0
2018,20,Brazilian Grand Prix,Autódromo José Carlos Pace,Brazil,2018-11-11,gasly,Pierre Gasly,French,Toro Rosso,9.0,13,0.0,70,+1 Lap,17.0,1:13.822,False,False,False,-4.0
2018,20,Brazilian Grand Prix,Autódromo José Carlos Pace,Brazil,2018-11-11,vandoorne,Stoffel Vandoorne,Belgian,McLaren,20.0,14,0.0,70,+1 Lap,16.0,1:12.968,False,False,False,6.0
2018,20,Brazilian Grand Prix,Autódromo José Carlos Pace,Brazil,2018-11-11,ocon,Esteban Ocon,French,Force India,18.0,15,0.0,70,+1 Lap,11.0,1:12.352,False,False,False,3.0
2018,20,Brazilian Grand Prix,Autódromo José Carlos Pace,Brazil,2018-11-11,sirotkin,Sergey Sirotkin,Russian,Williams,14.0,16,0.0,69,+2 Laps,19.0,1:14.262,False,False,False,-2.0
2018,20,Brazilian Grand Prix,Autódromo José Carlos Pace,Brazil,2018-11-11,alonso,Fernando Alonso,Spanish,McLaren,17.0,17,0.0,69,+2 Laps,14.0,1:12.643,False,False,False,0.0
2018,20,Brazilian Grand Prix,Autódromo José Carlos Pace,Brazil,2018-11-11,stroll,Lance Stroll,Canadian,Williams,19.0,18,0.0,69,+2 Laps,5.0,1:11.751,False,False,False,1.0
2018,20,Brazilian Grand Prix,Autódromo José Carlos Pace,Brazil,2018-11-11,hulkenberg,Nico Hülkenberg,German,Renault,13.0,19,0.0,32,Overheating,18.0,1:14.029,True,False,False,-6.0
2018,20,Brazilian Grand Prix,Autódromo José Carlos Pace,Brazil,2018-11-11,ericsson,Marcus Ericsson,Swedish,Sauber,6.0,20,0.0,20,Collision,20.0,1:15.281,True,False,False,-14.0
2018,21,Abu Dhabi Grand Prix,Yas Marina Circuit,UAE,2018-11-25,hamilton,Lewis Hamilton,British,Mercedes,1.0,1,25.0,55,Finished,5.0,1:41.357,False,True,True,0.0
2018,21,Abu Dhabi Grand Prix,Yas Marina Circuit,UAE,2018-11-25,vettel,Sebastian Vettel,German,Ferrari,3.0,2,18.0,55,Finished,1.0,1:40.867,False,True,False,1.0
2018,21,Abu Dhabi Grand Prix,Yas Marina Circuit,UAE,2018-11-25,max_verstappen,Max Verstappen,Dutch,Red Bull,6.0,3,15.0,55,Finished,6.0,1:41.909,False,True,False,3.0
2018,21,Abu Dhabi Grand Prix,Yas Marina Circuit,UAE,2018-11-25,ricciardo,Daniel Ricciardo,Australian,Red Bull,5.0,4,12.0,55,Finished,3.0,1:41.249,False,False,False,1.0
2018,21,Abu Dhabi Grand Prix,Yas Marina Circuit,UAE,2018-11-25,bottas,Valtteri Bottas,Finnish,Mercedes,2.0,5,10.0,55,Finished,2.0,1:40.953,False,False,False,-3.0
2018,21,Abu Dhabi Grand Prix,Yas Marina Circuit,UAE,2018-11-25,sainz,Carlos Sainz,Spanish,Renault,11.0,6,8.0,55,Finished,4.0,1:41.351,False,False,False,5.0
2018,21,Abu Dhabi Grand Prix,Yas Marina Circuit,UAE,2018-11-25,leclerc,Charles Leclerc,Monegasque,Sauber,8.0,7,6.0,55,Finished,10.0,1:42.876,False,False,False,1.0
2018,21,Abu Dhabi Grand Prix,Yas Marina Circuit,UAE,2018-11-25,perez,Sergio Pérez,Mexican,Force India,14.0,8,4.0,55,Finished,8.0,1:42.816,False,False,False,6.0
2018,21,Abu Dhabi Grand Prix,Yas Marina Circuit,UAE,2018-11-25,grosjean,Romain Grosjean,French,Haas F1 Team,7.0,9,2.0,54,+1 Lap,11.0,1:43.195,False,False,False,-2.0
2018,21,Abu Dhabi Grand Prix,Yas Marina Circuit,UAE,2018-11-25,kevin_magnussen,Kevin Magnussen,Danish,Haas F1 Team,13.0,10,1.0,54,+1 Lap,9.0,1:42.822,False,False,False,3.0
2018,21,Abu Dhabi Grand Prix,Yas Marina Circuit,UAE,2018-11-25,alonso,Fernando Alonso,Spanish,McLaren,15.0,11,0.0,54,+1 Lap,7.0,1:42.393,False,False,False,4.0
2018,21,Abu Dhabi Grand Prix,Yas Marina Circuit,UAE,2018-11-25,brendon_hartley,Brendon Hartley,New Zealander,Toro Rosso,16.0,12,0.0,54,+1 Lap,17.0,1:44.174,False,False,False,4.0
2018,21,Abu Dhabi Grand Prix,Yas Marina Circuit,UAE,2018-11-25,stroll,Lance Stroll,Canadian,Williams,20.0,13,0.0,54,+1 Lap,16.0,1:44.033,False,False,False,7.0
2018,21,Abu Dhabi Grand Prix,Yas Marina Circuit,UAE,2018-11-25,vandoorne,Stoffel Vandoorne,Belgian,McLaren,18.0,14,0.0,54,+1 Lap,12.0,1:43.249,False,False,False,4.0
2018,21,Abu Dhabi Grand Prix,Yas Marina Circuit,UAE,2018-11-25,sirotkin,Sergey Sirotkin,Russian,Williams,19.0,15,0.0,54,+1 Lap,14.0,1:43.831,False,False,False,4.0
2018,21,Abu Dhabi Grand Prix,Yas Marina Circuit,UAE,2018-11-25,gasly,Pierre Gasly,French,Toro Rosso,17.0,16,0.0,46,Engine,15.0,1:43.988,True,False,False,1.0
2018,21,Abu Dhabi Grand Prix,Yas Marina Circuit,UAE,2018-11-25,ocon,Esteban Ocon,French,Force India,9.0,17,0.0,44,Engine,13.0,1:43.591,True,False,False,-8.0
2018,21,Abu Dhabi Grand Prix,Yas Marina Circuit,UAE,2018-11-25,ericsson,Marcus Ericsson,Swedish,Sauber,12.0,18,0.0,24,Power loss,19.0,1:46.077,True,False,False,-6.0
2018,21,Abu Dhabi Grand Prix,Yas Marina Circuit,UAE,2018-11-25,raikkonen,Kimi Räikkönen,Finnish,Ferrari,4.0,19,0.0,6,Power loss,18.0,1:45.198,True,False,False,-15.0
2018,21,Abu Dhabi Grand Prix,Yas Marina Circuit,UAE,2018-11-25,hulkenberg,Nico Hülkenberg,German,Renault,10.0,20,0.0,0,Collision,,,True,False,False,-10.0
2019,1,Australian Grand Prix,Albert Park Grand Prix Circuit,Australia,2019-03-17,bottas,Valtteri Bottas,Finnish,Mercedes,2.0,1,26.0,58,Finished,1.0,1:25.580,False,True,True,1.0
2019,1,Australian Grand Prix,Albert Park Grand Prix Circuit,Australia,2019-03-17,hamilton,Lewis Hamilton,British,Mercedes,1.0,2,18.0,58,Finished,2.0,1:26.057,False,True,False,-1.0
2019,1,Australian Grand Prix,Albert Park Grand Prix Circuit,Australia,2019-03-17,max_verstappen,Max Verstappen,Dutch,Red Bull,4.0,3,15.0,58,Finished,3.0,1:26.256,False,True,False,1.0
2019,1,Australian Grand Prix,Albert Park Grand Prix Circuit,Australia,2019-03-17,vettel,Sebastian Vettel,German,Ferrari,3.0,4,12.0,58,Finished,8.0,1:27.954,False,False,False,-1.0
2019,1,Australian Grand Prix,Albert Park Grand Prix Circuit,Australia,2019-03-17,leclerc,Charles Leclerc,Monegasque,Ferrari,5.0,5,10.0,58,Finished,4.0,1:26.926,False,False,False,0.0
2019,1,Australian Grand Prix,Albert Park Grand Prix Circuit,Australia,2019-03-17,kevin_magnussen,Kevin Magnussen,Danish,Haas F1 Team,7.0,6,8.0,58,Finished,9.0,1:28.182,False,False,False,1.0
2019,1,Australian Grand Prix,Albert Park Grand Prix Circuit,Australia,2019-03-17,hulkenberg,Nico Hülkenberg,German,Renault,11.0,7,6.0,57,+1 Lap,12.0,1:28.444,False,False,False,4.0
2019,1,Australian Grand Prix,Albert Park Grand Prix Circuit,Australia,2019-03-17,raikkonen,Kimi Räikkönen,Finnish,Alfa Romeo,9.0,8,4.0,57,+1 Lap,11.0,1:28.270,False,False,False,1.0
2019,1,Australian Grand Prix,Albert Park Grand Prix Circuit,Australia,2019-03-17,stroll,Lance Stroll,Canadian,Racing Point,16.0,9,2.0,57,+1 Lap,7.0,1:27.568,False,False,False,7.0
2019,1,Australian Grand Prix,Albert Park Grand Prix Circuit,Australia,2019-03-17,kvyat,Daniil Kvyat,Russian,Toro Rosso,15.0,10,1.0,57,+1 Lap,6.0,1:27.448,False,False,False,5.0
2019,1,Australian Grand Prix,Albert Park Grand Prix Circuit,Australia,2019-03-17,gasly,Pierre Gasly,French,Red Bull,17.0,11,0.0,57,+1 Lap,5.0,1:27.229,False,False,False,6.0
2019,1,Australian Grand Prix,Albert Park Grand Prix Circuit,Australia,2019-03-17,norris,Lando Norris,British,McLaren,8.0,12,0.0,57,+1 Lap,16.0,1:28.555,False,False,False,-4.0
2019,1,Australian Grand Prix,Albert Park Grand Prix Circuit,Australia,2019-03-17,perez,Sergio Pérez,Mexican,Racing Point,10.0,13,0.0,57,+1 Lap,15.0,1:28.485,False,False,False,-3.0
2019,1,Australian Grand Prix,Albert Park Grand Prix Circuit,Australia,2019-03-17,albon,Alexander Albon,Thai,Toro Rosso,13.0,14,0.0,57,+1 Lap,10.0,1:28.188,False,False,False,-1.0
2019,1,Australian Grand Prix,Albert Park Grand Prix Circuit,Australia,2019-03-17,giovinazzi,Antonio Giovinazzi,Italian,Alfa Romeo,14.0,15,0.0,57,+1 Lap,14.0,1:28.479,False,False,False,-1.0
2019,1,Australian Grand Prix,Albert Park Grand Prix Circuit,Australia,2019-03-17,russell,George Russell,British,Williams,19.0,16,0.0,56,+2 Laps,17.0,1:28.713,False,False,False,3.0
2019,1,Australian Grand Prix,Albert Park Grand Prix Circuit,Australia,2019-03-17,kubica,Robert Kubica,Polish,Williams,20.0,17,0.0,55,+3 Laps,18.0,1:29.284,False,False,False,3.0
2019,1,Australian Grand Prix,Albert Park Grand Prix Circuit,Australia,2019-03-17,grosjean,Romain Grosjean,French,Haas F1 Team,6.0,18,0.0,29,Wheel,13.0,1:28.462,True,False,False,-12.0
2019,1,Australian Grand Prix,Albert Park Grand Prix Circuit,Australia,2019-03-17,ricciardo,Daniel Ricciardo,Australian,Renault,12.0,19,0.0,28,Damage,19.0,1:29.848,True,False,False,-7.0
2019,1,Australian Grand Prix,Albert Park Grand Prix Circuit,Australia,2019-03-17,sainz,Carlos Sainz,Spanish,McLaren,18.0,20,0.0,9,Engine,20.0,1:30.899,True,False,False,-2.0
2019,2,Bahrain Grand Prix,Bahrain International Circuit,Bahrain,2019-03-31,hamilton,Lewis Hamilton,British,Mercedes,3.0,1,25.0,57,Finished,2.0,1:33.528,False,True,True,2.0
2019,2,Bahrain Grand Prix,Bahrain International Circuit,Bahrain,2019-03-31,bottas,Valtteri Bottas,Finnish,Mercedes,4.0,2,18.0,57,Finished,3.0,1:34.209,False,True,False,2.0
2019,2,Bahrain Grand Prix,Bahrain International Circuit,Bahrain,2019-03-31,leclerc,Charles Leclerc,Monegasque,Ferrari,1.0,3,16.0,57,Finished,1.0,1:33.411,False,True,False,-2.0
2019,2,Bahrain Grand Prix,Bahrain International Circuit,Bahrain,2019-03-31,max_verstappen,Max Verstappen,Dutch,Red Bull,5.0,4,12.0,57,Finished,9.0,1:35.311,False,False,False,1.0
2019,2,Bahrain Grand Prix,Bahrain International Circuit,Bahrain,2019-03-31,vettel,Sebastian Vettel,German,Ferrari,2.0,5,10.0,57,Finished,4.0,1:34.895,False,False,False,-3.0
2019,2,Bahrain Grand Prix,Bahrain International Circuit,Bahrain,2019-03-31,norris,Lando Norris,British,McLaren,9.0,6,8.0,57,Finished,12.0,1:35.777,False,False,False,3.0
2019,2,Bahrain Grand Prix,Bahrain International Circuit,Bahrain,2019-03-31,raikkonen,Kimi Räikkönen,Finnish,Alfa Romeo,8.0,7,6.0,57,Finished,11.0,1:35.589,False,False,False,1.0
2019,2,Bahrain Grand Prix,Bahrain International Circuit,Bahrain,2019-03-31,gasly,Pierre Gasly,French,Red Bull,13.0,8,4.0,57,Finished,8.0,1:35.291,False,False,False,5.0
2019,2,Bahrain Grand Prix,Bahrain International Circuit,Bahrain,2019-03-31,albon,Alexander Albon,Thai,Toro Rosso,12.0,9,2.0,57,Finished,16.0,1:36.752,False,False,False,3.0
2019,2,Bahrain Grand Prix,Bahrain International Circuit,Bahrain,2019-03-31,perez,Sergio Pérez,Mexican,Racing Point,14.0,10,1.0,57,Finished,14.0,1:36.330,False,False,False,4.0
2019,2,Bahrain Grand Prix,Bahrain International Circuit,Bahrain,2019-03-31,giovinazzi,Antonio Giovinazzi,Italian,Alfa Romeo,16.0,11,0.0,57,Finished,7.0,1:35.237,False,False,False,5.0
2019,2,Bahrain Grand Prix,Bahrain International Circuit,Bahrain,2019-03-31,kvyat,Daniil Kvyat,Russian,Toro Rosso,15.0,12,0.0,56,+1 Lap,5.0,1:34.934,False,False,False,3.0
2019,2,Bahrain Grand Prix,Bahrain International Circuit,Bahrain,2019-03-31,kevin_magnussen,Kevin Magnussen,Danish,Haas F1 Team,6.0,13,0.0,56,+1 Lap,13.0,1:35.892,False,False,False,-7.0
2019,2,Bahrain Grand Prix,Bahrain International Circuit,Bahrain,2019-03-31,stroll,Lance Stroll,Canadian,Racing Point,18.0,14,0.0,56,+1 Lap,17.0,1:37.037,False,False,False,4.0
2019,2,Bahrain Grand Prix,Bahrain International Circuit,Bahrain,2019-03-31,russell,George Russell,British,Williams,19.0,15,0.0,56,+1 Lap,19.0,1:37.313,False,False,False,4.0
2019,2,Bahrain Grand Prix,Bahrain International Circuit,Bahrain,2019-03-31,kubica,Robert Kubica,Polish,Williams,20.0,16,0.0,55,+2 Laps,20.0,1:37.903,False,False,False,4.0
2019,2,Bahrain Grand Prix,Bahrain International Circuit,Bahrain,2019-03-31,hulkenberg,Nico Hülkenberg,German,Renault,17.0,17,0.0,53,Engine,6.0,1:35.215,True,False,False,0.0
2019,2,Bahrain Grand Prix,Bahrain International Circuit,Bahrain,2019-03-31,ricciardo,Daniel Ricciardo,Australian,Renault,10.0,18,0.0,53,Out of fuel,15.0,1:36.697,True,False,False,-8.0
2019,2,Bahrain Grand Prix,Bahrain International Circuit,Bahrain,2019-03-31,sainz,Carlos Sainz,Spanish,McLaren,7.0,19,0.0,53,Collision damage,10.0,1:35.586,True,False,False,-12.0
2019,2,Bahrain Grand Prix,Bahrain International Circuit,Bahrain,2019-03-31,grosjean,Romain Grosjean,French,Haas F1 Team,11.0,20,0.0,16,Retired,18.0,1:37.262,True,False,False,-9.0
2019,3,Chinese Grand Prix,Shanghai International Circuit,China,2019-04-14,hamilton,Lewis Hamilton,British,Mercedes,2.0,1,25.0,56,Finished,5.0,1:35.892,False,True,True,1.0
2019,3,Chinese Grand Prix,Shanghai International Circuit,China,2019-04-14,bottas,Valtteri Bottas,Finnish,Mercedes,1.0,2,18.0,56,Finished,4.0,1:34.872,False,True,False,-1.0
2019,3,Chinese Grand Prix,Shanghai International Circuit,China,2019-04-14,vettel,Sebastian Vettel,German,Ferrari,3.0,3,15.0,56,Finished,2.0,1:34.836,False,True,False,0.0
2019,3,Chinese Grand Prix,Shanghai International Circuit,China,2019-04-14,max_verstappen,Max Verstappen,Dutch,Red Bull,5.0,4,12.0,56,Finished,6.0,1:36.143,False,False,False,1.0
2019,3,Chinese Grand Prix,Shanghai International Circuit,China,2019-04-14,leclerc,Charles Leclerc,Monegasque,Ferrari,4.0,5,10.0,56,Finished,3.0,1:34.860,False,False,False,-1.0
2019,3,Chinese Grand Prix,Shanghai International Circuit,China,2019-04-14,gasly,Pierre Gasly,French,Red Bull,6.0,6,9.0,56,Finished,1.0,1:34.742,False,False,False,0.0
2019,3,Chinese Grand Prix,Shanghai International Circuit,China,2019-04-14,ricciardo,Daniel Ricciardo,Australian,Renault,7.0,7,6.0,55,+1 Lap,16.0,1:38.632,False,False,False,0.0
2019,3,Chinese Grand Prix,Shanghai International Circuit,China,2019-04-14,perez,Sergio Pérez,Mexican,Racing Point,12.0,8,4.0,55,+1 Lap,17.0,1:38.702,False,False,False,4.0
2019,3,Chinese Grand Prix,Shanghai International Circuit,China,2019-04-14,raikkonen,Kimi Räikkönen,Finnish,Alfa Romeo,13.0,9,2.0,55,+1 Lap,12.0,1:37.812,False,False,False,4.0
2019,3,Chinese Grand Prix,Shanghai International Circuit,China,2019-04-14,albon,Alexander Albon,Thai,Toro Rosso,,10,1.0,55,+1 Lap,18.0,1:38.901,False,False,False,
2019,3,Chinese Grand Prix,Shanghai International Circuit,China,2019-04-14,grosjean,Romain Grosjean,French,Haas F1 Team,10.0,11,0.0,55,+1 Lap,8.0,1:36.873,False,False,False,-1.0
2019,3,Chinese Grand Prix,Shanghai International Circuit,China,2019-04-14,stroll,Lance Stroll,Canadian,Racing Point,16.0,12,0.0,55,+1 Lap,7.0,1:36.678,False,False,False,4.0
2019,3,Chinese Grand Prix,Shanghai International Circuit,China,2019-04-14,kevin_magnussen,Kevin Magnussen,Danish,Haas F1 Team,9.0,13,0.0,55,+1 Lap,10.0,1:37.471,False,False,False,-4.0
2019,3,Chinese Grand Prix,Shanghai International Circuit,China,2019-04-14,sainz,Carlos Sainz,Spanish,McLaren,14.0,14,0.0,55,+1 Lap,11.0,1:37.502,False,False,False,0.0
2019,3,Chinese Grand Prix,Shanghai International Circuit,China,2019-04-14,giovinazzi,Antonio Giovinazzi,Italian,Alfa Romeo,19.0,15,0.0,55,+1 Lap,14.0,1:38.048,False,False,False,4.0
2019,3,Chinese Grand Prix,Shanghai International Circuit,China,2019-04-14,russell,George Russell,British,Williams,17.0,16,0.0,54,+2 Laps,9.0,1:37.283,False,False,False,1.0
2019,3,Chinese Grand Prix,Shanghai International Circuit,China,2019-04-14,kubica,Robert Kubica,Polish,Williams,18.0,17,0.0,54,+2 Laps,20.0,1:39.772,False,False,False,1.0
2019,3,Chinese Grand Prix,Shanghai International Circuit,China,2019-04-14,norris,Lando Norris,British,McLaren,15.0,18,0.0,50,Collision,15.0,1:38.346,True,False,False,-3.0
2019,3,Chinese Grand Prix,Shanghai International Circuit,China,2019-04-14,kvyat,Daniil Kvyat,Russian,Toro Rosso,11.0,19,0.0,41,Collision,13.0,1:37.975,True,False,False,-8.0
2019,3,Chinese Grand Prix,Shanghai International Circuit,China,2019-04-14,hulkenberg,Nico Hülkenberg,German,Renault,8.0,20,0.0,16,Power Unit,19.0,1:39.677,True,False,False,-12.0
2019,4,Azerbaijan Grand Prix,Baku City Circuit,Azerbaijan,2019-04-28,bottas,Valtteri Bottas,Finnish,Mercedes,1.0,1,25.0,51,Finished,2.0,1:44.024,False,True,True,0.0
2019,4,Azerbaijan Grand Prix,Baku City Circuit,Azerbaijan,2019-04-28,hamilton,Lewis Hamilton,British,Mercedes,2.0,2,18.0,51,Finished,3.0,1:44.166,False,True,False,0.0
2019,4,Azerbaijan Grand Prix,Baku City Circuit,Azerbaijan,2019-04-28,vettel,Sebastian Vettel,German,Ferrari,3.0,3,15.0,51,Finished,4.0,1:44.629,False,True,False,0.0
2019,4,Azerbaijan Grand Prix,Baku City Circuit,Azerbaijan,2019-04-28,max_verstappen,Max Verstappen,Dutch,Red Bull,4.0,4,12.0,51,Finished,5.0,1:44.794,False,False,False,0.0
2019,4,Azerbaijan Grand Prix,Baku City Circuit,Azerbaijan,2019-04-28,leclerc,Charles Leclerc,Monegasque,Ferrari,8.0,5,11.0,51,Finished,1.0,1:43.009,False,False,False,3.0
2019,4,Azerbaijan Grand Prix,Baku City Circuit,Azerbaijan,2019-04-28,perez,Sergio Pérez,Mexican,Racing Point,5.0,6,8.0,51,Finished,7.0,1:45.524,False,False,False,-1.0
2019,4,Azerbaijan Grand Prix,Baku City Circuit,Azerbaijan,2019-04-28,sainz,Carlos Sainz,Spanish,McLaren,9.0,7,6.0,51,Finished,10.0,1:45.807,False,False,False,2.0
2019,4,Azerbaijan Grand Prix,Baku City Circuit,Azerbaijan,2019-04-28,norris,Lando Norris,British,McLaren,7.0,8,4.0,51,Finished,6.0,1:45.394,False,False,False,-1.0
2019,4,Azerbaijan Grand Prix,Baku City Circuit,Azerbaijan,2019-04-28,stroll,Lance Stroll,Canadian,Racing Point,13.0,9,2.0,51,Finished,12.0,1:46.009,False,False,False,4.0
2019,4,Azerbaijan Grand Prix,Baku City Circuit,Azerbaijan,2019-04-28,raikkonen,Kimi Räikkönen,Finnish,Alfa Romeo,,10,1.0,50,+1 Lap,13.0,1:46.479,False,False,False,
2019,4,Azerbaijan Grand Prix,Baku City Circuit,Azerbaijan,2019-04-28,albon,Alexander Albon,Thai,Toro Rosso,11.0,11,0.0,50,+1 Lap,9.0,1:45.754,False,False,False,0.0
2019,4,Azerbaijan Grand Prix,Baku City Circuit,Azerbaijan,2019-04-28,giovinazzi,Antonio Giovinazzi,Italian,Alfa Romeo,17.0,12,0.0,50,+1 Lap,11.0,1:45.969,False,False,False,5.0
2019,4,Azerbaijan Grand Prix,Baku City Circuit,Azerbaijan,2019-04-28,kevin_magnussen,Kevin Magnussen,Danish,Haas F1 Team,12.0,13,0.0,50,+1 Lap,14.0,1:46.682,False,False,False,-1.0
2019,4,Azerbaijan Grand Prix,Baku City Circuit,Azerbaijan,2019-04-28,hulkenberg,Nico Hülkenberg,German,Renault,15.0,14,0.0,50,+1 Lap,17.0,1:47.407,False,False,False,1.0
2019,4,Azerbaijan Grand Prix,Baku City Circuit,Azerbaijan,2019-04-28,russell,George Russell,British,Williams,16.0,15,0.0,49,+2 Laps,16.0,1:47.251,False,False,False,1.0
2019,4,Azerbaijan Grand Prix,Baku City Circuit,Azerbaijan,2019-04-28,kubica,Robert Kubica,Polish,Williams,,16,0.0,49,+2 Laps,19.0,1:47.709,False,False,False,
2019,4,Azerbaijan Grand Prix,Baku City Circuit,Azerbaijan,2019-04-28,gasly,Pierre Gasly,French,Red Bull,,17,0.0,38,Transmission,8.0,1:45.712,True,False,False,
2019,4,Azerbaijan Grand Prix,Baku City Circuit,Azerbaijan,2019-04-28,grosjean,Romain Grosjean,French,Haas F1 Team,14.0,18,0.0,38,Brakes,20.0,1:48.517,True,False,False,-4.0
2019,4,Azerbaijan Grand Prix,Baku City Circuit,Azerbaijan,2019-04-28,kvyat,Daniil Kvyat,Russian,Toro Rosso,6.0,19,0.0,33,Collision,18.0,1:47.681,True,False,False,-13.0
2019,4,Azerbaijan Grand Prix,Baku City Circuit,Azerbaijan,2019-04-28,ricciardo,Daniel Ricciardo,Australian,Renault,10.0,20,0.0,31,Collision,15.0,1:46.767,True,False,False,-10.0
2019,5,Spanish Grand Prix,Circuit de Barcelona-Catalunya,Spain,2019-05-12,hamilton,Lewis Hamilton,British,Mercedes,2.0,1,26.0,66,Finished,1.0,1:18.492,False,True,True,1.0
2019,5,Spanish Grand Prix,Circuit de Barcelona-Catalunya,Spain,2019-05-12,bottas,Valtteri Bottas,Finnish,Mercedes,1.0,2,18.0,66,Finished,2.0,1:18.737,False,True,False,-1.0
2019,5,Spanish Grand Prix,Circuit de Barcelona-Catalunya,Spain,2019-05-12,max_verstappen,Max Verstappen,Dutch,Red Bull,4.0,3,15.0,66,Finished,3.0,1:19.769,False,True,False,1.0
2019,5,Spanish Grand Prix,Circuit de Barcelona-Catalunya,Spain,2019-05-12,vettel,Sebastian Vettel,German,Ferrari,3.0,4,12.0,66,Finished,4.0,1:19.820,False,False,False,-1.0
2019,5,Spanish Grand Prix,Circuit de Barcelona-Catalunya,Spain,2019-05-12,leclerc,Charles Leclerc,Monegasque,Ferrari,5.0,5,10.0,66,Finished,5.0,1:20.002,False,False,False,0.0
2019,5,Spanish Grand Prix,Circuit de Barcelona-Catalunya,Spain,2019-05-12,gasly,Pierre Gasly,French,Red Bull,6.0,6,8.0,66,Finished,6.0,1:20.536,False,False,False,0.0
2019,5,Spanish Grand Prix,Circuit de Barcelona-Catalunya,Spain,2019-05-12,kevin_magnussen,Kevin Magnussen,Danish,Haas F1 Team,8.0,7,6.0,66,Finished,9.0,1:20.770,False,False,False,1.0
2019,5,Spanish Grand Prix,Circuit de Barcelona-Catalunya,Spain,2019-05-12,sainz,Carlos Sainz,Spanish,McLaren,12.0,8,4.0,66,Finished,10.0,1:20.859,False,False,False,4.0
2019,5,Spanish Grand Prix,Circuit de Barcelona-Catalunya,Spain,2019-05-12,kvyat,Daniil Kvyat,Russian,Toro Rosso,9.0,9,2.0,66,Finished,8.0,1:20.726,False,False,False,0.0
2019,5,Spanish Grand Prix,Circuit de Barcelona-Catalunya,Spain,2019-05-12,grosjean,Romain Grosjean,French,Haas F1 Team,7.0,10,1.0,66,Finished,12.0,1:21.057,False,False,False,-3.0
2019,5,Spanish Grand Prix,Circuit de Barcelona-Catalunya,Spain,2019-05-12,albon,Alexander Albon,Thai,Toro Rosso,11.0,11,0.0,66,Finished,11.0,1:21.028,False,False,False,0.0
2019,5,Spanish Grand Prix,Circuit de Barcelona-Catalunya,Spain,2019-05-12,ricciardo,Daniel Ricciardo,Australian,Renault,13.0,12,0.0,66,Finished,7.0,1:20.615,False,False,False,1.0
2019,5,Spanish Grand Prix,Circuit de Barcelona-Catalunya,Spain,2019-05-12,hulkenberg,Nico Hülkenberg,German,Renault,,13,0.0,66,Finished,13.0,1:21.282,False,False,False,
2019,5,Spanish Grand Prix,Circuit de Barcelona-Catalunya,Spain,2019-05-12,raikkonen,Kimi Räikkönen,Finnish,Alfa Romeo,14.0,14,0.0,66,Finished,14.0,1:21.382,False,False,False,0.0
2019,5,Spanish Grand Prix,Circuit de Barcelona-Catalunya,Spain,2019-05-12,perez,Sergio Pérez,Mexican,Racing Point,15.0,15,0.0,66,Finished,16.0,1:21.859,False,False,False,0.0
2019,5,Spanish Grand Prix,Circuit de Barcelona-Catalunya,Spain,2019-05-12,giovinazzi,Antonio Giovinazzi,Italian,Alfa Romeo,18.0,16,0.0,66,Finished,15.0,1:21.833,False,False,False,2.0
2019,5,Spanish Grand Prix,Circuit de Barcelona-Catalunya,Spain,2019-05-12,russell,George Russell,British,Williams,19.0,17,0.0,65,+1 Lap,17.0,1:22.382,False,False,False,2.0
2019,5,Spanish Grand Prix,Circuit de Barcelona-Catalunya,Spain,2019-05-12,kubica,Robert Kubica,Polish,Williams,17.0,18,0.0,65,+1 Lap,19.0,1:23.202,False,False,False,-1.0
2019,5,Spanish Grand Prix,Circuit de Barcelona-Catalunya,Spain,2019-05-12,stroll,Lance Stroll,Canadian,Racing Point,16.0,19,0.0,44,Collision,20.0,1:23.226,True,False,False,-3.0
2019,5,Spanish Grand Prix,Circuit de Barcelona-Catalunya,Spain,2019-05-12,norris,Lando Norris,British,McLaren,10.0,20,0.0,44,Collision,18.0,1:22.561,True,False,False,-10.0
2019,6,Monaco Grand Prix,Circuit de Monaco,Monaco,2019-05-26,hamilton,Lewis Hamilton,British,Mercedes,1.0,1,25.0,78,Finished,6.0,1:16.167,False,True,True,0.0
2019,6,Monaco Grand Prix,Circuit de Monaco,Monaco,2019-05-26,vettel,Sebastian Vettel,German,Ferrari,4.0,2,18.0,78,Finished,9.0,1:16.277,False,True,False,2.0
2019,6,Monaco Grand Prix,Circuit de Monaco,Monaco,2019-05-26,bottas,Valtteri Bottas,Finnish,Mercedes,2.0,3,15.0,78,Finished,2.0,1:15.163,False,True,False,-1.0
2019,6,Monaco Grand Prix,Circuit de Monaco,Monaco,2019-05-26,max_verstappen,Max Verstappen,Dutch,Red Bull,3.0,4,12.0,78,Finished,7.0,1:16.229,False,False,False,-1.0
2019,6,Monaco Grand Prix,Circuit de Monaco,Monaco,2019-05-26,gasly,Pierre Gasly,French,Red Bull,8.0,5,11.0,78,Finished,1.0,1:14.279,False,False,False,3.0
2019,6,Monaco Grand Prix,Circuit de Monaco,Monaco,2019-05-26,sainz,Carlos Sainz,Spanish,McLaren,9.0,6,8.0,78,Finished,5.0,1:15.891,False,False,False,3.0
2019,6,Monaco Grand Prix,Circuit de Monaco,Monaco,2019-05-26,kvyat,Daniil Kvyat,Russian,Toro Rosso,7.0,7,6.0,78,Finished,10.0,1:16.288,False,False,False,0.0
2019,6,Monaco Grand Prix,Circuit de Monaco,Monaco,2019-05-26,albon,Alexander Albon,Thai,Toro Rosso,10.0,8,4.0,78,Finished,3.0,1:15.607,False,False,False,2.0
2019,6,Monaco Grand Prix,Circuit de Monaco,Monaco,2019-05-26,ricciardo,Daniel Ricciardo,Australian,Renault,6.0,9,2.0,78,Finished,4.0,1:15.697,False,False,False,-3.0
2019,6,Monaco Grand Prix,Circuit de Monaco,Monaco,2019-05-26,grosjean,Romain Grosjean,French,Haas F1 Team,13.0,10,1.0,78,Finished,16.0,1:16.746,False,False,False,3.0
2019,6,Monaco Grand Prix,Circuit de Monaco,Monaco,2019-05-26,norris,Lando Norris,British,McLaren,12.0,11,0.0,78,Finished,13.0,1:16.413,False,False,False,1.0
2019,6,Monaco Grand Prix,Circuit de Monaco,Monaco,2019-05-26,perez,Sergio Pérez,Mexican,Racing Point,16.0,12,0.0,77,+1 Lap,15.0,1:16.613,False,False,False,4.0
2019,6,Monaco Grand Prix,Circuit de Monaco,Monaco,2019-05-26,hulkenberg,Nico Hülkenberg,German,Renault,11.0,13,0.0,77,+1 Lap,8.0,1:16.276,False,False,False,-2.0
2019,6,Monaco Grand Prix,Circuit de Monaco,Monaco,2019-05-26,kevin_magnussen,Kevin Magnussen,Danish,Haas F1 Team,5.0,14,0.0,77,+1 Lap,17.0,1:16.992,False,False,False,-9.0
2019,6,Monaco Grand Prix,Circuit de Monaco,Monaco,2019-05-26,russell,George Russell,British,Williams,19.0,15,0.0,77,+1 Lap,18.0,1:17.038,False,False,False,4.0
2019,6,Monaco Grand Prix,Circuit de Monaco,Monaco,2019-05-26,stroll,Lance Stroll,Canadian,Racing Point,17.0,16,0.0,77,+1 Lap,12.0,1:16.379,False,False,False,1.0
2019,6,Monaco Grand Prix,Circuit de Monaco,Monaco,2019-05-26,raikkonen,Kimi Räikkönen,Finnish,Alfa Romeo,14.0,17,0.0,77,+1 Lap,14.0,1:16.436,False,False,False,-3.0
2019,6,Monaco Grand Prix,Circuit de Monaco,Monaco,2019-05-26,kubica,Robert Kubica,Polish,Williams,20.0,18,0.0,77,+1 Lap,19.0,1:17.388,False,False,False,2.0
2019,6,Monaco Grand Prix,Circuit de Monaco,Monaco,2019-05-26,giovinazzi,Antonio Giovinazzi,Italian,Alfa Romeo,18.0,19,0.0,76,+2 Laps,11.0,1:16.299,False,False,False,-1.0
2019,6,Monaco Grand Prix,Circuit de Monaco,Monaco,2019-05-26,leclerc,Charles Leclerc,Monegasque,Ferrari,15.0,20,0.0,16,Collision,20.0,1:19.151,True,False,False,-5.0
2019,7,Canadian Grand Prix,Circuit Gilles Villeneuve,Canada,2019-06-09,hamilton,Lewis Hamilton,British,Mercedes,2.0,1,25.0,70,Finished,4.0,1:14.813,False,True,True,1.0
2019,7,Canadian Grand Prix,Circuit Gilles Villeneuve,Canada,2019-06-09,vettel,Sebastian Vettel,German,Ferrari,1.0,2,18.0,70,Finished,5.0,1:14.875,False,True,False,-1.0
2019,7,Canadian Grand Prix,Circuit Gilles Villeneuve,Canada,2019-06-09,leclerc,Charles Leclerc,Monegasque,Ferrari,3.0,3,15.0,70,Finished,2.0,1:14.356,False,True,False,0.0
2019,7,Canadian Grand Prix,Circuit Gilles Villeneuve,Canada,2019-06-09,bottas,Valtteri Bottas,Finnish,Mercedes,6.0,4,13.0,70,Finished,1.0,1:13.078,False,False,False,2.0
2019,7,Canadian Grand Prix,Circuit Gilles Villeneuve,Canada,2019-06-09,max_verstappen,Max Verstappen,Dutch,Red Bull,9.0,5,10.0,70,Finished,3.0,1:14.767,False,False,False,4.0
2019,7,Canadian Grand Prix,Circuit Gilles Villeneuve,Canada,2019-06-09,ricciardo,Daniel Ricciardo,Australian,Renault,4.0,6,8.0,69,+1 Lap,9.0,1:16.075,False,False,False,-2.0
2019,7,Canadian Grand Prix,Circuit Gilles Villeneuve,Canada,2019-06-09,hulkenberg,Nico Hülkenberg,German,Renault,7.0,7,6.0,69,+1 Lap,7.0,1:15.995,False,False,False,0.0
2019,7,Canadian Grand Prix,Circuit Gilles Villeneuve,Canada,2019-06-09,gasly,Pierre Gasly,French,Red Bull,5.0,8,4.0,69,+1 Lap,10.0,1:16.157,False,False,False,-3.0
2019,7,Canadian Grand Prix,Circuit Gilles Villeneuve,Canada,2019-06-09,stroll,Lance Stroll,Canadian,Racing Point,17.0,9,2.0,69,+1 Lap,8.0,1:16.043,False,False,False,8.0
2019,7,Canadian Grand Prix,Circuit Gilles Villeneuve,Canada,2019-06-09,kvyat,Daniil Kvyat,Russian,Toro Rosso,10.0,10,1.0,69,+1 Lap,11.0,1:16.198,False,False,False,0.0
2019,7,Canadian Grand Prix,Circuit Gilles Villeneuve,Canada,2019-06-09,sainz,Carlos Sainz,Spanish,McLaren,11.0,11,0.0,69,+1 Lap,15.0,1:16.471,False,False,False,0.0
2019,7,Canadian Grand Prix,Circuit Gilles Villeneuve,Canada,2019-06-09,perez,Sergio Pérez,Mexican,Racing Point,15.0,12,0.0,69,+1 Lap,13.0,1:16.314,False,False,False,3.0
2019,7,Canadian Grand Prix,Circuit Gilles Villeneuve,Canada,2019-06-09,giovinazzi,Antonio Giovinazzi,Italian,Alfa Romeo,12.0,13,0.0,69,+1 Lap,14.0,1:16.365,False,False,False,-1.0
2019,7,Canadian Grand Prix,Circuit Gilles Villeneuve,Canada,2019-06-09,grosjean,Romain Grosjean,French,Haas F1 Team,14.0,14,0.0,69,+1 Lap,12.0,1:16.245,False,False,False,0.0
2019,7,Canadian Grand Prix,Circuit Gilles Villeneuve,Canada,2019-06-09,raikkonen,Kimi Räikkönen,Finnish,Alfa Romeo,16.0,15,0.0,69,+1 Lap,6.0,1:15.442,False,False,False,1.0
2019,7,Canadian Grand Prix,Circuit Gilles Villeneuve,Canada,2019-06-09,russell,George Russell,British,Williams,18.0,16,0.0,68,+2 Laps,17.0,1:17.241,False,False,False,2.0
2019,7,Canadian Grand Prix,Circuit Gilles Villeneuve,Canada,2019-06-09,kevin_magnussen,Kevin Magnussen,Danish,Haas F1 Team,,17,0.0,68,+2 Laps,19.0,1:17.309,False,False,False,
2019,7,Canadian Grand Prix,Circuit Gilles Villeneuve,Canada,2019-06-09,kubica,Robert Kubica,Polish,Williams,19.0,18,0.0,67,+3 Laps,18.0,1:17.285,False,False,False,1.0
2019,7,Canadian Grand Prix,Circuit Gilles Villeneuve,Canada,2019-06-09,albon,Alexander Albon,Thai,Toro Rosso,13.0,19,0.0,59,Collision damage,16.0,1:17.151,True,False,False,-6.0
2019,7,Canadian Grand Prix,Circuit Gilles Villeneuve,Canada,2019-06-09,norris,Lando Norris,British,McLaren,8.0,20,0.0,8,Suspension,20.0,1:18.023,True,False,False,-12.0
2019,8,French Grand Prix,Circuit Paul Ricard,France,2019-06-23,hamilton,Lewis Hamilton,British,Mercedes,1.0,1,25.0,53,Finished,2.0,1:32.764,False,True,True,0.0
2019,8,French Grand Prix,Circuit Paul Ricard,France,2019-06-23,bottas,Valtteri Bottas,Finnish,Mercedes,2.0,2,18.0,53,Finished,3.0,1:33.586,False,True,False,0.0
2019,8,French Grand Prix,Circuit Paul Ricard,France,2019-06-23,leclerc,Charles Leclerc,Monegasque,Ferrari,3.0,3,15.0,53,Finished,4.0,1:33.828,False,True,False,0.0
2019,8,French Grand Prix,Circuit Paul Ricard,France,2019-06-23,max_verstappen,Max Verstappen,Dutch,Red Bull,4.0,4,12.0,53,Finished,5.0,1:34.162,False,False,False,0.0
2019,8,French Grand Prix,Circuit Paul Ricard,France,2019-06-23,vettel,Sebastian Vettel,German,Ferrari,7.0,5,11.0,53,Finished,1.0,1:32.740,False,False,False,2.0
2019,8,French Grand Prix,Circuit Paul Ricard,France,2019-06-23,sainz,Carlos Sainz,Spanish,McLaren,6.0,6,8.0,53,Finished,6.0,1:34.561,False,False,False,0.0
2019,8,French Grand Prix,Circuit Paul Ricard,France,2019-06-23,raikkonen,Kimi Räikkönen,Finnish,Alfa Romeo,12.0,7,6.0,52,+1 Lap,8.0,1:34.873,False,False,False,5.0
2019,8,French Grand Prix,Circuit Paul Ricard,France,2019-06-23,hulkenberg,Nico Hülkenberg,German,Renault,13.0,8,4.0,52,+1 Lap,10.0,1:34.950,False,False,False,5.0
2019,8,French Grand Prix,Circuit Paul Ricard,France,2019-06-23,norris,Lando Norris,British,McLaren,5.0,9,2.0,52,+1 Lap,7.0,1:34.754,False,False,False,-4.0
2019,8,French Grand Prix,Circuit Paul Ricard,France,2019-06-23,gasly,Pierre Gasly,French,Red Bull,9.0,10,1.0,52,+1 Lap,15.0,1:35.197,False,False,False,-1.0
2019,8,French Grand Prix,Circuit Paul Ricard,France,2019-06-23,ricciardo,Daniel Ricciardo,Australian,Renault,8.0,11,0.0,52,+1 Lap,14.0,1:35.150,False,False,False,-3.0
2019,8,French Grand Prix,Circuit Paul Ricard,France,2019-06-23,perez,Sergio Pérez,Mexican,Racing Point,14.0,12,0.0,52,+1 Lap,11.0,1:35.014,False,False,False,2.0
2019,8,French Grand Prix,Circuit Paul Ricard,France,2019-06-23,stroll,Lance Stroll,Canadian,Racing Point,17.0,13,0.0,52,+1 Lap,9.0,1:34.924,False,False,False,4.0
2019,8,French Grand Prix,Circuit Paul Ricard,France,2019-06-23,kvyat,Daniil Kvyat,Russian,Toro Rosso,19.0,14,0.0,52,+1 Lap,16.0,1:35.225,False,False,False,5.0
2019,8,French Grand Prix,Circuit Paul Ricard,France,2019-06-23,albon,Alexander Albon,Thai,Toro Rosso,11.0,15,0.0,52,+1 Lap,12.0,1:35.029,False,False,False,-4.0
2019,8,French Grand Prix,Circuit Paul Ricard,France,2019-06-23,giovinazzi,Antonio Giovinazzi,Italian,Alfa Romeo,10.0,16,0.0,52,+1 Lap,13.0,1:35.115,False,False,False,-6.0
2019,8,French Grand Prix,Circuit Paul Ricard,France,2019-06-23,kevin_magnussen,Kevin Magnussen,Danish,Haas F1 Team,15.0,17,0.0,52,+1 Lap,18.0,1:35.692,False,False,False,-2.0
2019,8,French Grand Prix,Circuit Paul Ricard,France,2019-06-23,kubica,Robert Kubica,Polish,Williams,18.0,18,0.0,51,+2 Laps,20.0,1:36.608,False,False,False,0.0
2019,8,French Grand Prix,Circuit Paul Ricard,France,2019-06-23,russell,George Russell,British,Williams,20.0,19,0.0,51,+2 Laps,19.0,1:35.830,False,False,False,1.0
2019,8,French Grand Prix,Circuit Paul Ricard,France,2019-06-23,grosjean,Romain Grosjean,French,Haas F1 Team,16.0,20,0.0,44,Retired,17.0,1:35.691,True,False,False,-4.0
2019,9,Austrian Grand Prix,Red Bull Ring,Austria,2019-06-30,max_verstappen,Max Verstappen,Dutch,Red Bull,2.0,1,26.0,71,Finished,1.0,1:07.475,False,True,True,1.0
2019,9,Austrian Grand Prix,Red Bull Ring,Austria,2019-06-30,leclerc,Charles Leclerc,Monegasque,Ferrari,1.0,2,18.0,71,Finished,3.0,1:07.994,False,True,False,-1.0
2019,9,Austrian Grand Prix,Red Bull Ring,Austria,2019-06-30,bottas,Valtteri Bottas,Finnish,Mercedes,3.0,3,15.0,71,Finished,7.0,1:08.565,False,True,False,0.0
2019,9,Austrian Grand Prix,Red Bull Ring,Austria,2019-06-30,vettel,Sebastian Vettel,German,Ferrari,9.0,4,12.0,71,Finished,2.0,1:07.676,False,False,False,5.0
2019,9,Austrian Grand Prix,Red Bull Ring,Austria,2019-06-30,hamilton,Lewis Hamilton,British,Mercedes,4.0,5,10.0,71,Finished,5.0,1:08.050,False,False,False,-1.0
2019,9,Austrian Grand Prix,Red Bull Ring,Austria,2019-06-30,norris,Lando Norris,British,McLaren,5.0,6,8.0,70,+1 Lap,8.0,1:08.699,False,False,False,-1.0
2019,9,Austrian Grand Prix,Red Bull Ring,Austria,2019-06-30,gasly,Pierre Gasly,French,Red Bull,8.0,7,6.0,70,+1 Lap,9.0,1:08.790,False,False,False,1.0
2019,9,Austrian Grand Prix,Red Bull Ring,Austria,2019-06-30,sainz,Carlos Sainz,Spanish,McLaren,19.0,8,4.0,70,+1 Lap,6.0,1:08.117,False,False,False,11.0
2019,9,Austrian Grand Prix,Red Bull Ring,Austria,2019-06-30,raikkonen,Kimi Räikkönen,Finnish,Alfa Romeo,6.0,9,2.0,70,+1 Lap,15.0,1:09.126,False,False,False,-3.0
2019,9,Austrian Grand Prix,Red Bull Ring,Austria,2019-06-30,giovinazzi,Antonio Giovinazzi,Italian,Alfa Romeo,7.0,10,1.0,70,+1 Lap,13.0,1:09.051,False,False,False,-3.0
2019,9,Austrian Grand Prix,Red Bull Ring,Austria,2019-06-30,perez,Sergio Pérez,Mexican,Racing Point,13.0,11,0.0,70,+1 Lap,14.0,1:09.061,False,False,False,2.0
2019,9,Austrian Grand Prix,Red Bull Ring,Austria,2019-06-30,ricciardo,Daniel Ricciardo,Australian,Renault,12.0,12,0.0,70,+1 Lap,4.0,1:08.019,False,False,False,0.0
2019,9,Austrian Grand Prix,Red Bull Ring,Austria,2019-06-30,hulkenberg,Nico Hülkenberg,German,Renault,15.0,13,0.0,70,+1 Lap,16.0,1:09.248,False,False,False,2.0
2019,9,Austrian Grand Prix,Red Bull Ring,Austria,2019-06-30,stroll,Lance Stroll,Canadian,Racing Point,14.0,14,0.0,70,+1 Lap,17.0,1:09.288,False,False,False,0.0
2019,9,Austrian Grand Prix,Red Bull Ring,Austria,2019-06-30,albon,Alexander Albon,Thai,Toro Rosso,18.0,15,0.0,70,+1 Lap,11.0,1:08.946,False,False,False,3.0
2019,9,Austrian Grand Prix,Red Bull Ring,Austria,2019-06-30,grosjean,Romain Grosjean,French,Haas F1 Team,11.0,16,0.0,70,+1 Lap,12.0,1:08.987,False,False,False,-5.0
2019,9,Austrian Grand Prix,Red Bull Ring,Austria,2019-06-30,kvyat,Daniil Kvyat,Russian,Toro Rosso,16.0,17,0.0,70,+1 Lap,18.0,1:09.498,False,False,False,-1.0
2019,9,Austrian Grand Prix,Red Bull Ring,Austria,2019-06-30,russell,George Russell,British,Williams,,18,0.0,69,+2 Laps,19.0,1:09.926,False,False,False,
2019,9,Austrian Grand Prix,Red Bull Ring,Austria,2019-06-30,kevin_magnussen,Kevin Magnussen,Danish,Haas F1 Team,10.0,19,0.0,69,+2 Laps,10.0,1:08.903,False,False,False,-9.0
2019,9,Austrian Grand Prix,Red Bull Ring,Austria,2019-06-30,kubica,Robert Kubica,Polish,Williams,17.0,20,0.0,68,+3 Laps,20.0,1:10.964,False,False,False,-3.0
2019,10,British Grand Prix,Silverstone Circuit,UK,2019-07-14,hamilton,Lewis Hamilton,British,Mercedes,2.0,1,26.0,52,Finished,1.0,1:27.369,False,True,True,1.0
2019,10,British Grand Prix,Silverstone Circuit,UK,2019-07-14,bottas,Valtteri Bottas,Finnish,Mercedes,1.0,2,18.0,52,Finished,2.0,1:27.406,False,True,False,-1.0
2019,10,British Grand Prix,Silverstone Circuit,UK,2019-07-14,leclerc,Charles Leclerc,Monegasque,Ferrari,3.0,3,15.0,52,Finished,5.0,1:29.313,False,True,False,0.0
2019,10,British Grand Prix,Silverstone Circuit,UK,2019-07-14,gasly,Pierre Gasly,French,Red Bull,5.0,4,12.0,52,Finished,8.0,1:29.544,False,False,False,1.0
2019,10,British Grand Prix,Silverstone Circuit,UK,2019-07-14,max_verstappen,Max Verstappen,Dutch,Red Bull,4.0,5,10.0,52,Finished,4.0,1:29.272,False,False,False,-1.0
2019,10,British Grand Prix,Silverstone Circuit,UK,2019-07-14,sainz,Carlos Sainz,Spanish,McLaren,13.0,6,8.0,52,Finished,11.0,1:29.757,False,False,False,7.0
2019,10,British Grand Prix,Silverstone Circuit,UK,2019-07-14,ricciardo,Daniel Ricciardo,Australian,Renault,7.0,7,6.0,52,Finished,9.0,1:29.624,False,False,False,0.0
2019,10,British Grand Prix,Silverstone Circuit,UK,2019-07-14,raikkonen,Kimi Räikkönen,Finnish,Alfa Romeo,12.0,8,4.0,52,Finished,14.0,1:30.034,False,False,False,4.0
2019,10,British Grand Prix,Silverstone Circuit,UK,2019-07-14,kvyat,Daniil Kvyat,Russian,Toro Rosso,17.0,9,2.0,52,Finished,12.0,1:29.910,False,False,False,8.0
2019,10,British Grand Prix,Silverstone Circuit,UK,2019-07-14,hulkenberg,Nico Hülkenberg,German,Renault,10.0,10,1.0,52,Finished,13.0,1:29.949,False,False,False,0.0
2019,10,British Grand Prix,Silverstone Circuit,UK,2019-07-14,norris,Lando Norris,British,McLaren,8.0,11,0.0,52,Finished,10.0,1:29.636,False,False,False,-3.0
2019,10,British Grand Prix,Silverstone Circuit,UK,2019-07-14,albon,Alexander Albon,Thai,Toro Rosso,9.0,12,0.0,52,Finished,15.0,1:30.872,False,False,False,-3.0
2019,10,British Grand Prix,Silverstone Circuit,UK,2019-07-14,stroll,Lance Stroll,Canadian,Racing Point,18.0,13,0.0,52,Finished,6.0,1:29.390,False,False,False,5.0
2019,10,British Grand Prix,Silverstone Circuit,UK,2019-07-14,russell,George Russell,British,Williams,19.0,14,0.0,51,+1 Lap,16.0,1:31.013,False,False,False,5.0
2019,10,British Grand Prix,Silverstone Circuit,UK,2019-07-14,kubica,Robert Kubica,Polish,Williams,20.0,15,0.0,51,+1 Lap,17.0,1:31.509,False,False,False,5.0
2019,10,British Grand Prix,Silverstone Circuit,UK,2019-07-14,vettel,Sebastian Vettel,German,Ferrari,6.0,16,0.0,51,+1 Lap,3.0,1:28.733,False,False,False,-10.0
2019,10,British Grand Prix,Silverstone Circuit,UK,2019-07-14,perez,Sergio Pérez,Mexican,Racing Point,15.0,17,0.0,51,+1 Lap,7.0,1:29.456,False,False,False,-2.0
2019,10,British Grand Prix,Silverstone Circuit,UK,2019-07-14,giovinazzi,Antonio Giovinazzi,Italian,Alfa Romeo,11.0,18,0.0,18,Spun off,18.0,1:32.464,True,False,False,-7.0
2019,10,British Grand Prix,Silverstone Circuit,UK,2019-07-14,grosjean,Romain Grosjean,French,Haas F1 Team,14.0,19,0.0,9,Collision,20.0,1:34.350,True,False,False,-5.0
2019,10,British Grand Prix,Silverstone Circuit,UK,2019-07-14,kevin_magnussen,Kevin Magnussen,Danish,Haas F1 Team,16.0,20,0.0,6,Collision,19.0,1:33.425,True,False,False,-4.0
2019,11,German Grand Prix,Hockenheimring,Germany,2019-07-28,max_verstappen,Max Verstappen,Dutch,Red Bull,2.0,1,26.0,64,Finished,1.0,1:16.645,False,True,True,1.0
2019,11,German Grand Prix,Hockenheimring,Germany,2019-07-28,vettel,Sebastian Vettel,German,Ferrari,20.0,2,18.0,64,Finished,2.0,1:16.794,False,True,False,18.0
2019,11,German Grand Prix,Hockenheimring,Germany,2019-07-28,kvyat,Daniil Kvyat,Russian,Toro Rosso,14.0,3,15.0,64,Finished,6.0,1:17.708,False,True,False,11.0
2019,11,German Grand Prix,Hockenheimring,Germany,2019-07-28,stroll,Lance Stroll,Canadian,Racing Point,15.0,4,12.0,64,Finished,8.0,1:17.831,False,False,False,11.0
2019,11,German Grand Prix,Hockenheimring,Germany,2019-07-28,sainz,Carlos Sainz,Spanish,McLaren,7.0,5,10.0,64,Finished,9.0,1:17.841,False,False,False,2.0
2019,11,German Grand Prix,Hockenheimring,Germany,2019-07-28,albon,Alexander Albon,Thai,Toro Rosso,16.0,6,8.0,64,Finished,10.0,1:17.850,False,False,False,10.0
2019,11,German Grand Prix,Hockenheimring,Germany,2019-07-28,grosjean,Romain Grosjean,French,Haas F1 Team,6.0,7,6.0,64,Finished,7.0,1:17.746,False,False,False,-1.0
2019,11,German Grand Prix,Hockenheimring,Germany,2019-07-28,kevin_magnussen,Kevin Magnussen,Danish,Haas F1 Team,12.0,8,4.0,64,Finished,5.0,1:17.507,False,False,False,4.0
2019,11,German Grand Prix,Hockenheimring,Germany,2019-07-28,hamilton,Lewis Hamilton,British,Mercedes,1.0,9,2.0,64,Finished,12.0,1:18.811,False,False,False,-8.0
2019,11,German Grand Prix,Hockenheimring,Germany,2019-07-28,kubica,Robert Kubica,Polish,Williams,18.0,10,1.0,64,Finished,13.0,1:19.062,False,False,False,8.0
2019,11,German Grand Prix,Hockenheimring,Germany,2019-07-28,russell,George Russell,British,Williams,17.0,11,0.0,64,Finished,3.0,1:17.485,False,False,False,6.0
2019,11,German Grand Prix,Hockenheimring,Germany,2019-07-28,raikkonen,Kimi Räikkönen,Finnish,Alfa Romeo,5.0,12,0.0,64,Finished,15.0,1:19.563,False,False,False,-7.0
2019,11,German Grand Prix,Hockenheimring,Germany,2019-07-28,giovinazzi,Antonio Giovinazzi,Italian,Alfa Romeo,11.0,13,0.0,64,Finished,14.0,1:19.300,False,False,False,-2.0
2019,11,German Grand Prix,Hockenheimring,Germany,2019-07-28,gasly,Pierre Gasly,French,Red Bull,4.0,14,0.0,61,Collision,4.0,1:17.495,True,False,False,-10.0
2019,11,German Grand Prix,Hockenheimring,Germany,2019-07-28,bottas,Valtteri Bottas,Finnish,Mercedes,3.0,15,0.0,56,Accident,11.0,1:18.272,True,False,False,-12.0
2019,11,German Grand Prix,Hockenheimring,Germany,2019-07-28,hulkenberg,Nico Hülkenberg,German,Renault,9.0,16,0.0,39,Accident,17.0,1:29.576,True,False,False,-7.0
2019,11,German Grand Prix,Hockenheimring,Germany,2019-07-28,leclerc,Charles Leclerc,Monegasque,Ferrari,10.0,17,0.0,27,Accident,16.0,1:27.697,True,False,False,-7.0
2019,11,German Grand Prix,Hockenheimring,Germany,2019-07-28,norris,Lando Norris,British,McLaren,19.0,18,0.0,25,Power loss,18.0,1:31.081,True,False,False,1.0
2019,11,German Grand Prix,Hockenheimring,Germany,2019-07-28,ricciardo,Daniel Ricciardo,Australian,Renault,13.0,19,0.0,13,Exhaust,19.0,1:32.654,True,False,False,-6.0
2019,11,German Grand Prix,Hockenheimring,Germany,2019-07-28,perez,Sergio Pérez,Mexican,Racing Point,8.0,20,0.0,1,Spun off,,,True,False,False,-12.0
2019,12,Hungarian Grand Prix,Hungaroring,Hungary,2019-08-04,hamilton,Lewis Hamilton,British,Mercedes,3.0,1,25.0,70,Finished,2.0,1:18.528,False,True,True,2.0
2019,12,Hungarian Grand Prix,Hungaroring,Hungary,2019-08-04,max_verstappen,Max Verstappen,Dutch,Red Bull,1.0,2,19.0,70,Finished,1.0,1:17.103,False,True,False,-1.0
2019,12,Hungarian Grand Prix,Hungaroring,Hungary,2019-08-04,vettel,Sebastian Vettel,German,Ferrari,5.0,3,15.0,70,Finished,4.0,1:19.786,False,True,False,2.0
2019,12,Hungarian Grand Prix,Hungaroring,Hungary,2019-08-04,leclerc,Charles Leclerc,Monegasque,Ferrari,4.0,4,12.0,70,Finished,5.0,1:20.493,False,False,False,0.0
2019,12,Hungarian Grand Prix,Hungaroring,Hungary,2019-08-04,sainz,Carlos Sainz,Spanish,McLaren,8.0,5,10.0,69,+1 Lap,10.0,1:21.002,False,False,False,3.0
2019,12,Hungarian Grand Prix,Hungaroring,Hungary,2019-08-04,gasly,Pierre Gasly,French,Red Bull,6.0,6,8.0,69,+1 Lap,12.0,1:21.045,False,False,False,0.0
2019,12,Hungarian Grand Prix,Hungaroring,Hungary,2019-08-04,raikkonen,Kimi Räikkönen,Finnish,Alfa Romeo,10.0,7,6.0,69,+1 Lap,9.0,1:20.880,False,False,False,3.0
2019,12,Hungarian Grand Prix,Hungaroring,Hungary,2019-08-04,bottas,Valtteri Bottas,Finnish,Mercedes,2.0,8,4.0,69,+1 Lap,3.0,1:19.331,False,False,False,-6.0
2019,12,Hungarian Grand Prix,Hungaroring,Hungary,2019-08-04,norris,Lando Norris,British,McLaren,7.0,9,2.0,69,+1 Lap,13.0,1:21.188,False,False,False,-2.0
2019,12,Hungarian Grand Prix,Hungaroring,Hungary,2019-08-04,albon,Alexander Albon,Thai,Toro Rosso,12.0,10,1.0,69,+1 Lap,7.0,1:20.621,False,False,False,2.0
2019,12,Hungarian Grand Prix,Hungaroring,Hungary,2019-08-04,perez,Sergio Pérez,Mexican,Racing Point,16.0,11,0.0,69,+1 Lap,15.0,1:21.734,False,False,False,5.0
2019,12,Hungarian Grand Prix,Hungaroring,Hungary,2019-08-04,hulkenberg,Nico Hülkenberg,German,Renault,11.0,12,0.0,69,+1 Lap,14.0,1:21.650,False,False,False,-1.0
2019,12,Hungarian Grand Prix,Hungaroring,Hungary,2019-08-04,kevin_magnussen,Kevin Magnussen,Danish,Haas F1 Team,14.0,13,0.0,69,+1 Lap,11.0,1:21.008,False,False,False,1.0
2019,12,Hungarian Grand Prix,Hungaroring,Hungary,2019-08-04,ricciardo,Daniel Ricciardo,Australian,Renault,20.0,14,0.0,69,+1 Lap,8.0,1:20.839,False,False,False,6.0
2019,12,Hungarian Grand Prix,Hungaroring,Hungary,2019-08-04,kvyat,Daniil Kvyat,Russian,Toro Rosso,13.0,15,0.0,68,+2 Laps,16.0,1:21.932,False,False,False,-2.0
2019,12,Hungarian Grand Prix,Hungaroring,Hungary,2019-08-04,russell,George Russell,British,Williams,15.0,16,0.0,68,+2 Laps,17.0,1:22.386,False,False,False,-1.0
2019,12,Hungarian Grand Prix,Hungaroring,Hungary,2019-08-04,stroll,Lance Stroll,Canadian,Racing Point,18.0,17,0.0,68,+2 Laps,6.0,1:20.603,False,False,False,1.0
2019,12,Hungarian Grand Prix,Hungaroring,Hungary,2019-08-04,giovinazzi,Antonio Giovinazzi,Italian,Alfa Romeo,17.0,18,0.0,68,+2 Laps,19.0,1:23.134,False,False,False,-1.0
2019,12,Hungarian Grand Prix,Hungaroring,Hungary,2019-08-04,kubica,Robert Kubica,Polish,Williams,19.0,19,0.0,67,+3 Laps,20.0,1:23.436,False,False,False,0.0
2019,12,Hungarian Grand Prix,Hungaroring,Hungary,2019-08-04,grosjean,Romain Grosjean,French,Haas F1 Team,9.0,20,0.0,49,Water pressure,18.0,1:22.809,True,False,False,-11.0
2019,13,Belgian Grand Prix,Circuit de Spa-Francorchamps,Belgium,2019-09-01,leclerc,Charles Leclerc,Monegasque,Ferrari,1.0,1,25.0,44,Finished,4.0,1:46.664,False,True,True,0.0
2019,13,Belgian Grand Prix,Circuit de Spa-Francorchamps,Belgium,2019-09-01,hamilton,Lewis Hamilton,British,Mercedes,3.0,2,18.0,44,Finished,3.0,1:46.580,False,True,False,1.0
2019,13,Belgian Grand Prix,Circuit de Spa-Francorchamps,Belgium,2019-09-01,bottas,Valtteri Bottas,Finnish,Mercedes,4.0,3,15.0,44,Finished,2.0,1:46.465,False,True,False,1.0
2019,13,Belgian Grand Prix,Circuit de Spa-Francorchamps,Belgium,2019-09-01,vettel,Sebastian Vettel,German,Ferrari,2.0,4,13.0,44,Finished,1.0,1:46.409,False,False,False,-2.0
2019,13,Belgian Grand Prix,Circuit de Spa-Francorchamps,Belgium,2019-09-01,albon,Alexander Albon,Thai,Red Bull,17.0,5,10.0,44,Finished,5.0,1:47.507,False,False,False,12.0
2019,13,Belgian Grand Prix,Circuit de Spa-Francorchamps,Belgium,2019-09-01,perez,Sergio Pérez,Mexican,Racing Point,7.0,6,8.0,44,Finished,13.0,1:48.781,False,False,False,1.0
2019,13,Belgian Grand Prix,Circuit de Spa-Francorchamps,Belgium,2019-09-01,kvyat,Daniil Kvyat,Russian,Toro Rosso,19.0,7,6.0,44,Finished,7.0,1:48.143,False,False,False,12.0
2019,13,Belgian Grand Prix,Circuit de Spa-Francorchamps,Belgium,2019-09-01,hulkenberg,Nico Hülkenberg,German,Renault,12.0,8,4.0,44,Finished,9.0,1:48.349,False,False,False,4.0
2019,13,Belgian Grand Prix,Circuit de Spa-Francorchamps,Belgium,2019-09-01,gasly,Pierre Gasly,French,Toro Rosso,13.0,9,2.0,44,Finished,17.0,1:49.700,False,False,False,4.0
2019,13,Belgian Grand Prix,Circuit de Spa-Francorchamps,Belgium,2019-09-01,stroll,Lance Stroll,Canadian,Racing Point,16.0,10,1.0,44,Finished,10.0,1:48.357,False,False,False,6.0
2019,13,Belgian Grand Prix,Circuit de Spa-Francorchamps,Belgium,2019-09-01,norris,Lando Norris,British,McLaren,11.0,11,0.0,43,Engine,8.0,1:48.321,True,False,False,0.0
2019,13,Belgian Grand Prix,Circuit de Spa-Francorchamps,Belgium,2019-09-01,kevin_magnussen,Kevin Magnussen,Danish,Haas F1 Team,8.0,12,0.0,43,+1 Lap,11.0,1:48.677,False,False,False,-4.0
2019,13,Belgian Grand Prix,Circuit de Spa-Francorchamps,Belgium,2019-09-01,grosjean,Romain Grosjean,French,Haas F1 Team,9.0,13,0.0,43,+1 Lap,16.0,1:49.274,False,False,False,-4.0
2019,13,Belgian Grand Prix,Circuit de Spa-Francorchamps,Belgium,2019-09-01,ricciardo,Daniel Ricciardo,Australian,Renault,10.0,14,0.0,43,+1 Lap,18.0,1:50.451,False,False,False,-4.0
2019,13,Belgian Grand Prix,Circuit de Spa-Francorchamps,Belgium,2019-09-01,russell,George Russell,British,Williams,14.0,15,0.0,43,+1 Lap,14.0,1:48.860,False,False,False,-1.0
2019,13,Belgian Grand Prix,Circuit de Spa-Francorchamps,Belgium,2019-09-01,raikkonen,Kimi Räikkönen,Finnish,Alfa Romeo,6.0,16,0.0,43,+1 Lap,12.0,1:48.753,False,False,False,-10.0
2019,13,Belgian Grand Prix,Circuit de Spa-Francorchamps,Belgium,2019-09-01,kubica,Robert Kubica,Polish,Williams,,17,0.0,43,+1 Lap,15.0,1:49.220,False,False,False,
2019,13,Belgian Grand Prix,Circuit de Spa-Francorchamps,Belgium,2019-09-01,giovinazzi,Antonio Giovinazzi,Italian,Alfa Romeo,18.0,18,0.0,42,Accident,6.0,1:47.560,True,False,False,0.0
2019,13,Belgian Grand Prix,Circuit de Spa-Francorchamps,Belgium,2019-09-01,sainz,Carlos Sainz,Spanish,McLaren,15.0,19,0.0,1,Power loss,,,True,False,False,-4.0
2019,13,Belgian Grand Prix,Circuit de Spa-Francorchamps,Belgium,2019-09-01,max_verstappen,Max Verstappen,Dutch,Red Bull,5.0,20,0.0,0,Accident,,,True,False,False,-15.0
2019,14,Italian Grand Prix,Autodromo Nazionale di Monza,Italy,2019-09-08,leclerc,Charles Leclerc,Monegasque,Ferrari,1.0,1,25.0,53,Finished,4.0,1:23.009,False,True,True,0.0
2019,14,Italian Grand Prix,Autodromo Nazionale di Monza,Italy,2019-09-08,bottas,Valtteri Bottas,Finnish,Mercedes,3.0,2,18.0,53,Finished,3.0,1:22.859,False,True,False,1.0
2019,14,Italian Grand Prix,Autodromo Nazionale di Monza,Italy,2019-09-08,hamilton,Lewis Hamilton,British,Mercedes,2.0,3,16.0,53,Finished,1.0,1:21.779,False,True,False,-1.0
2019,14,Italian Grand Prix,Autodromo Nazionale di Monza,Italy,2019-09-08,ricciardo,Daniel Ricciardo,Australian,Renault,5.0,4,12.0,53,Finished,7.0,1:23.466,False,False,False,1.0
2019,14,Italian Grand Prix,Autodromo Nazionale di Monza,Italy,2019-09-08,hulkenberg,Nico Hülkenberg,German,Renault,6.0,5,10.0,53,Finished,8.0,1:23.641,False,False,False,1.0
2019,14,Italian Grand Prix,Autodromo Nazionale di Monza,Italy,2019-09-08,albon,Alexander Albon,Thai,Red Bull,8.0,6,8.0,53,Finished,6.0,1:23.364,False,False,False,2.0
2019,14,Italian Grand Prix,Autodromo Nazionale di Monza,Italy,2019-09-08,perez,Sergio Pérez,Mexican,Racing Point,18.0,7,6.0,53,Finished,9.0,1:23.770,False,False,False,11.0
2019,14,Italian Grand Prix,Autodromo Nazionale di Monza,Italy,2019-09-08,max_verstappen,Max Verstappen,Dutch,Red Bull,19.0,8,4.0,53,Finished,5.0,1:23.143,False,False,False,11.0
2019,14,Italian Grand Prix,Autodromo Nazionale di Monza,Italy,2019-09-08,giovinazzi,Antonio Giovinazzi,Italian,Alfa Romeo,10.0,9,2.0,52,+1 Lap,15.0,1:24.503,False,False,False,1.0
2019,14,Italian Grand Prix,Autodromo Nazionale di Monza,Italy,2019-09-08,norris,Lando Norris,British,McLaren,16.0,10,1.0,52,+1 Lap,11.0,1:24.044,False,False,False,6.0
2019,14,Italian Grand Prix,Autodromo Nazionale di Monza,Italy,2019-09-08,gasly,Pierre Gasly,French,Toro Rosso,17.0,11,0.0,52,+1 Lap,10.0,1:23.885,False,False,False,6.0
2019,14,Italian Grand Prix,Autodromo Nazionale di Monza,Italy,2019-09-08,stroll,Lance Stroll,Canadian,Racing Point,9.0,12,0.0,52,+1 Lap,12.0,1:24.165,False,False,False,-3.0
2019,14,Italian Grand Prix,Autodromo Nazionale di Monza,Italy,2019-09-08,vettel,Sebastian Vettel,German,Ferrari,4.0,13,0.0,52,+1 Lap,2.0,1:22.799,False,False,False,-9.0
2019,14,Italian Grand Prix,Autodromo Nazionale di Monza,Italy,2019-09-08,russell,George Russell,British,Williams,14.0,14,0.0,52,+1 Lap,16.0,1:24.842,False,False,False,0.0
2019,14,Italian Grand Prix,Autodromo Nazionale di Monza,Italy,2019-09-08,raikkonen,Kimi Räikkönen,Finnish,Alfa Romeo,,15,0.0,52,+1 Lap,13.0,1:24.419,False,False,False,
2019,14,Italian Grand Prix,Autodromo Nazionale di Monza,Italy,2019-09-08,grosjean,Romain Grosjean,French,Haas F1 Team,13.0,16,0.0,52,+1 Lap,17.0,1:24.985,False,False,False,-3.0
2019,14,Italian Grand Prix,Autodromo Nazionale di Monza,Italy,2019-09-08,kubica,Robert Kubica,Polish,Williams,15.0,17,0.0,51,+2 Laps,18.0,1:24.989,False,False,False,-2.0
2019,14,Italian Grand Prix,Autodromo Nazionale di Monza,Italy,2019-09-08,kevin_magnussen,Kevin Magnussen,Danish,Haas F1 Team,11.0,18,0.0,43,Hydraulics,14.0,1:24.443,True,False,False,-7.0
2019,14,Italian Grand Prix,Autodromo Nazionale di Monza,Italy,2019-09-08,kvyat,Daniil Kvyat,Russian,Toro Rosso,12.0,19,0.0,29,Engine,20.0,1:25.772,True,False,False,-7.0
2019,14,Italian Grand Prix,Autodromo Nazionale di Monza,Italy,2019-09-08,sainz,Carlos Sainz,Spanish,McLaren,7.0,20,0.0,27,Wheel,19.0,1:25.637,True,False,False,-13.0
2019,15,Singapore Grand Prix,Marina Bay Street Circuit,Singapore,2019-09-22,vettel,Sebastian Vettel,German,Ferrari,3.0,1,25.0,61,Finished,5.0,1:44.802,False,True,True,2.0
2019,15,Singapore Grand Prix,Marina Bay Street Circuit,Singapore,2019-09-22,leclerc,Charles Leclerc,Monegasque,Ferrari,1.0,2,18.0,61,Finished,4.0,1:44.723,False,True,False,-1.0
2019,15,Singapore Grand Prix,Marina Bay Street Circuit,Singapore,2019-09-22,max_verstappen,Max Verstappen,Dutch,Red Bull,4.0,3,15.0,61,Finished,8.0,1:45.176,False,True,False,1.0
2019,15,Singapore Grand Prix,Marina Bay Street Circuit,Singapore,2019-09-22,hamilton,Lewis Hamilton,British,Mercedes,2.0,4,12.0,61,Finished,7.0,1:44.914,False,False,False,-2.0
2019,15,Singapore Grand Prix,Marina Bay Street Circuit,Singapore,2019-09-22,bottas,Valtteri Bottas,Finnish,Mercedes,5.0,5,10.0,61,Finished,2.0,1:43.534,False,False,False,0.0
2019,15,Singapore Grand Prix,Marina Bay Street Circuit,Singapore,2019-09-22,albon,Alexander Albon,Thai,Red Bull,6.0,6,8.0,61,Finished,9.0,1:45.260,False,False,False,0.0
2019,15,Singapore Grand Prix,Marina Bay Street Circuit,Singapore,2019-09-22,norris,Lando Norris,British,McLaren,9.0,7,6.0,61,Finished,11.0,1:45.716,False,False,False,2.0
2019,15,Singapore Grand Prix,Marina Bay Street Circuit,Singapore,2019-09-22,gasly,Pierre Gasly,French,Toro Rosso,11.0,8,4.0,61,Finished,13.0,1:45.769,False,False,False,3.0
2019,15,Singapore Grand Prix,Marina Bay Street Circuit,Singapore,2019-09-22,hulkenberg,Nico Hülkenberg,German,Renault,8.0,9,2.0,61,Finished,12.0,1:45.765,False,False,False,-1.0
2019,15,Singapore Grand Prix,Marina Bay Street Circuit,Singapore,2019-09-22,giovinazzi,Antonio Giovinazzi,Italian,Alfa Romeo,10.0,10,1.0,61,Finished,10.0,1:45.630,False,False,False,0.0
2019,15,Singapore Grand Prix,Marina Bay Street Circuit,Singapore,2019-09-22,grosjean,Romain Grosjean,French,Haas F1 Team,17.0,11,0.0,61,Finished,16.0,1:46.274,False,False,False,6.0
2019,15,Singapore Grand Prix,Marina Bay Street Circuit,Singapore,2019-09-22,sainz,Carlos Sainz,Spanish,McLaren,7.0,12,0.0,61,Finished,15.0,1:45.969,False,False,False,-5.0
2019,15,Singapore Grand Prix,Marina Bay Street Circuit,Singapore,2019-09-22,stroll,Lance Stroll,Canadian,Racing Point,16.0,13,0.0,61,Finished,6.0,1:44.896,False,False,False,3.0
2019,15,Singapore Grand Prix,Marina Bay Street Circuit,Singapore,2019-09-22,ricciardo,Daniel Ricciardo,Australian,Renault,20.0,14,0.0,61,Finished,14.0,1:45.915,False,False,False,6.0
2019,15,Singapore Grand Prix,Marina Bay Street Circuit,Singapore,2019-09-22,kvyat,Daniil Kvyat,Russian,Toro Rosso,14.0,15,0.0,61,Finished,3.0,1:44.371,False,False,False,-1.0
2019,15,Singapore Grand Prix,Marina Bay Street Circuit,Singapore,2019-09-22,kubica,Robert Kubica,Polish,Williams,19.0,16,0.0,61,Finished,18.0,1:46.793,False,False,False,3.0
2019,15,Singapore Grand Prix,Marina Bay Street Circuit,Singapore,2019-09-22,kevin_magnussen,Kevin Magnussen,Danish,Haas F1 Team,13.0,17,0.0,61,Finished,1.0,1:42.301,False,False,False,-4.0
2019,15,Singapore Grand Prix,Marina Bay Street Circuit,Singapore,2019-09-22,raikkonen,Kimi Räikkönen,Finnish,Alfa Romeo,12.0,18,0.0,49,Collision,19.0,1:47.062,True,False,False,-6.0
2019,15,Singapore Grand Prix,Marina Bay Street Circuit,Singapore,2019-09-22,perez,Sergio Pérez,Mexican,Racing Point,15.0,19,0.0,42,Engine,17.0,1:46.683,True,False,False,-4.0
2019,15,Singapore Grand Prix,Marina Bay Street Circuit,Singapore,2019-09-22,russell,George Russell,British,Williams,18.0,20,0.0,34,Collision,20.0,1:48.285,True,False,False,-2.0
2019,16,Russian Grand Prix,Sochi Autodrom,Russia,2019-09-29,hamilton,Lewis Hamilton,British,Mercedes,2.0,1,26.0,53,Finished,1.0,1:35.761,False,True,True,1.0
2019,16,Russian Grand Prix,Sochi Autodrom,Russia,2019-09-29,bottas,Valtteri Bottas,Finnish,Mercedes,4.0,2,18.0,53,Finished,3.0,1:36.316,False,True,False,2.0
2019,16,Russian Grand Prix,Sochi Autodrom,Russia,2019-09-29,leclerc,Charles Leclerc,Monegasque,Ferrari,1.0,3,15.0,53,Finished,2.0,1:36.193,False,True,False,-2.0
2019,16,Russian Grand Prix,Sochi Autodrom,Russia,2019-09-29,max_verstappen,Max Verstappen,Dutch,Red Bull,9.0,4,12.0,53,Finished,5.0,1:36.937,False,False,False,5.0
2019,16,Russian Grand Prix,Sochi Autodrom,Russia,2019-09-29,albon,Alexander Albon,Thai,Red Bull,,5,10.0,53,Finished,4.0,1:36.762,False,False,False,
2019,16,Russian Grand Prix,Sochi Autodrom,Russia,2019-09-29,sainz,Carlos Sainz,Spanish,McLaren,5.0,6,8.0,53,Finished,6.0,1:38.020,False,False,False,-1.0
2019,16,Russian Grand Prix,Sochi Autodrom,Russia,2019-09-29,perez,Sergio Pérez,Mexican,Racing Point,11.0,7,6.0,53,Finished,7.0,1:38.043,False,False,False,4.0
2019,16,Russian Grand Prix,Sochi Autodrom,Russia,2019-09-29,norris,Lando Norris,British,McLaren,7.0,8,4.0,53,Finished,11.0,1:38.301,False,False,False,-1.0
2019,16,Russian Grand Prix,Sochi Autodrom,Russia,2019-09-29,kevin_magnussen,Kevin Magnussen,Danish,Haas F1 Team,13.0,9,2.0,53,Finished,8.0,1:38.130,False,False,False,4.0
2019,16,Russian Grand Prix,Sochi Autodrom,Russia,2019-09-29,hulkenberg,Nico Hülkenberg,German,Renault,6.0,10,1.0,53,Finished,12.0,1:38.519,False,False,False,-4.0
2019,16,Russian Grand Prix,Sochi Autodrom,Russia,2019-09-29,stroll,Lance Stroll,Canadian,Racing Point,14.0,11,0.0,53,Finished,15.0,1:38.611,False,False,False,3.0
2019,16,Russian Grand Prix,Sochi Autodrom,Russia,2019-09-29,kvyat,Daniil Kvyat,Russian,Toro Rosso,19.0,12,0.0,53,Finished,9.0,1:38.228,False,False,False,7.0
2019,16,Russian Grand Prix,Sochi Autodrom,Russia,2019-09-29,raikkonen,Kimi Räikkönen,Finnish,Alfa Romeo,15.0,13,0.0,53,Finished,13.0,1:38.589,False,False,False,2.0
2019,16,Russian Grand Prix,Sochi Autodrom,Russia,2019-09-29,gasly,Pierre Gasly,French,Toro Rosso,16.0,14,0.0,53,Finished,14.0,1:38.606,False,False,False,2.0
2019,16,Russian Grand Prix,Sochi Autodrom,Russia,2019-09-29,giovinazzi,Antonio Giovinazzi,Italian,Alfa Romeo,12.0,15,0.0,53,Finished,16.0,1:38.696,False,False,False,-3.0
2019,16,Russian Grand Prix,Sochi Autodrom,Russia,2019-09-29,kubica,Robert Kubica,Polish,Williams,18.0,16,0.0,28,Brakes,19.0,1:42.327,True,False,False,2.0
2019,16,Russian Grand Prix,Sochi Autodrom,Russia,2019-09-29,russell,George Russell,British,Williams,17.0,17,0.0,27,Brakes,18.0,1:41.705,True,False,False,0.0
2019,16,Russian Grand Prix,Sochi Autodrom,Russia,2019-09-29,vettel,Sebastian Vettel,German,Ferrari,3.0,18,0.0,26,Power loss,10.0,1:38.245,True,False,False,-15.0
2019,16,Russian Grand Prix,Sochi Autodrom,Russia,2019-09-29,ricciardo,Daniel Ricciardo,Australian,Renault,10.0,19,0.0,24,Collision,17.0,1:41.284,True,False,False,-9.0
2019,16,Russian Grand Prix,Sochi Autodrom,Russia,2019-09-29,grosjean,Romain Grosjean,French,Haas F1 Team,8.0,20,0.0,0,Collision,,,True,False,False,-12.0
2019,17,Japanese Grand Prix,Suzuka Circuit,Japan,2019-10-13,bottas,Valtteri Bottas,Finnish,Mercedes,3.0,1,25.0,52,Finished,4.0,1:31.862,False,True,True,2.0
2019,17,Japanese Grand Prix,Suzuka Circuit,Japan,2019-10-13,vettel,Sebastian Vettel,German,Ferrari,1.0,2,18.0,52,Finished,5.0,1:32.122,False,True,False,-1.0
2019,17,Japanese Grand Prix,Suzuka Circuit,Japan,2019-10-13,hamilton,Lewis Hamilton,British,Mercedes,4.0,3,16.0,52,Finished,1.0,1:30.983,False,True,False,1.0
2019,17,Japanese Grand Prix,Suzuka Circuit,Japan,2019-10-13,albon,Alexander Albon,Thai,Red Bull,6.0,4,12.0,52,Finished,8.0,1:32.775,False,False,False,2.0
2019,17,Japanese Grand Prix,Suzuka Circuit,Japan,2019-10-13,sainz,Carlos Sainz,Spanish,McLaren,7.0,5,10.0,52,Finished,12.0,1:33.563,False,False,False,2.0
2019,17,Japanese Grand Prix,Suzuka Circuit,Japan,2019-10-13,leclerc,Charles Leclerc,Monegasque,Ferrari,2.0,6,8.0,51,+1 Lap,2.0,1:31.611,False,False,False,-4.0
2019,17,Japanese Grand Prix,Suzuka Circuit,Japan,2019-10-13,gasly,Pierre Gasly,French,Toro Rosso,9.0,7,6.0,51,+1 Lap,17.0,1:35.321,False,False,False,2.0
2019,17,Japanese Grand Prix,Suzuka Circuit,Japan,2019-10-13,perez,Sergio Pérez,Mexican,Racing Point,17.0,8,4.0,51,+1 Lap,7.0,1:32.621,False,False,False,9.0
2019,17,Japanese Grand Prix,Suzuka Circuit,Japan,2019-10-13,stroll,Lance Stroll,Canadian,Racing Point,12.0,9,2.0,51,+1 Lap,14.0,1:34.713,False,False,False,3.0
2019,17,Japanese Grand Prix,Suzuka Circuit,Japan,2019-10-13,kvyat,Daniil Kvyat,Russian,Toro Rosso,14.0,10,1.0,51,+1 Lap,10.0,1:33.239,False,False,False,4.0
2019,17,Japanese Grand Prix,Suzuka Circuit,Japan,2019-10-13,norris,Lando Norris,British,McLaren,8.0,11,0.0,51,+1 Lap,13.0,1:34.116,False,False,False,-3.0
2019,17,Japanese Grand Prix,Suzuka Circuit,Japan,2019-10-13,raikkonen,Kimi Räikkönen,Finnish,Alfa Romeo,13.0,12,0.0,51,+1 Lap,9.0,1:33.190,False,False,False,1.0
2019,17,Japanese Grand Prix,Suzuka Circuit,Japan,2019-10-13,grosjean,Romain Grosjean,French,Haas F1 Team,10.0,13,0.0,51,+1 Lap,16.0,1:34.988,False,False,False,-3.0
2019,17,Japanese Grand Prix,Suzuka Circuit,Japan,2019-10-13,giovinazzi,Antonio Giovinazzi,Italian,Alfa Romeo,11.0,14,0.0,51,+1 Lap,6.0,1:32.369,False,False,False,-3.0
2019,17,Japanese Grand Prix,Suzuka Circuit,Japan,2019-10-13,kevin_magnussen,Kevin Magnussen,Danish,Haas F1 Team,19.0,15,0.0,51,+1 Lap,3.0,1:31.732,False,False,False,4.0
2019,17,Japanese Grand Prix,Suzuka Circuit,Japan,2019-10-13,russell,George Russell,British,Williams,18.0,16,0.0,50,+2 Laps,18.0,1:35.458,False,False,False,2.0
2019,17,Japanese Grand Prix,Suzuka Circuit,Japan,2019-10-13,kubica,Robert Kubica,Polish,Williams,,17,0.0,50,+2 Laps,19.0,1:36.332,False,False,False,
2019,17,Japanese Grand Prix,Suzuka Circuit,Japan,2019-10-13,max_verstappen,Max Verstappen,Dutch,Red Bull,5.0,18,0.0,14,Brakes,20.0,1:37.249,True,False,False,-13.0
2019,17,Japanese Grand Prix,Suzuka Circuit,Japan,2019-10-13,ricciardo,Daniel Ricciardo,Australian,Renault,16.0,19,0.0,51,Disqualified,11.0,1:33.481,True,False,False,-3.0
2019,17,Japanese Grand Prix,Suzuka Circuit,Japan,2019-10-13,hulkenberg,Nico Hülkenberg,German,Renault,15.0,20,0.0,51,Disqualified,15.0,1:34.921,True,False,False,-5.0
2019,18,Mexican Grand Prix,Autódromo Hermanos Rodríguez,Mexico,2019-10-27,hamilton,Lewis Hamilton,British,Mercedes,3.0,1,25.0,71,Finished,4.0,1:19.461,False,True,True,2.0
2019,18,Mexican Grand Prix,Autódromo Hermanos Rodríguez,Mexico,2019-10-27,vettel,Sebastian Vettel,German,Ferrari,2.0,2,18.0,71,Finished,3.0,1:19.381,False,True,False,0.0
2019,18,Mexican Grand Prix,Autódromo Hermanos Rodríguez,Mexico,2019-10-27,bottas,Valtteri Bottas,Finnish,Mercedes,6.0,3,15.0,71,Finished,5.0,1:19.494,False,True,False,3.0
2019,18,Mexican Grand Prix,Autódromo Hermanos Rodríguez,Mexico,2019-10-27,leclerc,Charles Leclerc,Monegasque,Ferrari,1.0,4,13.0,71,Finished,1.0,1:19.232,False,False,False,-3.0
2019,18,Mexican Grand Prix,Autódromo Hermanos Rodríguez,Mexico,2019-10-27,albon,Alexander Albon,Thai,Red Bull,5.0,5,10.0,71,Finished,2.0,1:19.325,False,False,False,0.0
2019,18,Mexican Grand Prix,Autódromo Hermanos Rodríguez,Mexico,2019-10-27,max_verstappen,Max Verstappen,Dutch,Red Bull,4.0,6,8.0,71,Finished,11.0,1:20.406,False,False,False,-2.0
2019,18,Mexican Grand Prix,Autódromo Hermanos Rodríguez,Mexico,2019-10-27,perez,Sergio Pérez,Mexican,Racing Point,11.0,7,6.0,71,Finished,12.0,1:20.485,False,False,False,4.0
2019,18,Mexican Grand Prix,Autódromo Hermanos Rodríguez,Mexico,2019-10-27,ricciardo,Daniel Ricciardo,Australian,Renault,13.0,8,4.0,71,Finished,9.0,1:20.146,False,False,False,5.0
2019,18,Mexican Grand Prix,Autódromo Hermanos Rodríguez,Mexico,2019-10-27,gasly,Pierre Gasly,French,Toro Rosso,10.0,9,2.0,70,+1 Lap,6.0,1:19.530,False,False,False,1.0
2019,18,Mexican Grand Prix,Autódromo Hermanos Rodríguez,Mexico,2019-10-27,hulkenberg,Nico Hülkenberg,German,Renault,12.0,10,1.0,70,+1 Lap,14.0,1:20.791,False,False,False,2.0
2019,18,Mexican Grand Prix,Autódromo Hermanos Rodríguez,Mexico,2019-10-27,kvyat,Daniil Kvyat,Russian,Toro Rosso,9.0,11,0.0,70,+1 Lap,7.0,1:19.905,False,False,False,-2.0
2019,18,Mexican Grand Prix,Autódromo Hermanos Rodríguez,Mexico,2019-10-27,stroll,Lance Stroll,Canadian,Racing Point,16.0,12,0.0,70,+1 Lap,15.0,1:20.922,False,False,False,4.0
2019,18,Mexican Grand Prix,Autódromo Hermanos Rodríguez,Mexico,2019-10-27,sainz,Carlos Sainz,Spanish,McLaren,7.0,13,0.0,70,+1 Lap,10.0,1:20.311,False,False,False,-6.0
2019,18,Mexican Grand Prix,Autódromo Hermanos Rodríguez,Mexico,2019-10-27,giovinazzi,Antonio Giovinazzi,Italian,Alfa Romeo,15.0,14,0.0,70,+1 Lap,16.0,1:21.014,False,False,False,1.0
2019,18,Mexican Grand Prix,Autódromo Hermanos Rodríguez,Mexico,2019-10-27,kevin_magnussen,Kevin Magnussen,Danish,Haas F1 Team,17.0,15,0.0,69,+2 Laps,20.0,1:21.682,False,False,False,2.0
2019,18,Mexican Grand Prix,Autódromo Hermanos Rodríguez,Mexico,2019-10-27,russell,George Russell,British,Williams,19.0,16,0.0,69,+2 Laps,17.0,1:21.286,False,False,False,3.0
2019,18,Mexican Grand Prix,Autódromo Hermanos Rodríguez,Mexico,2019-10-27,grosjean,Romain Grosjean,French,Haas F1 Team,18.0,17,0.0,69,+2 Laps,18.0,1:21.581,False,False,False,1.0
2019,18,Mexican Grand Prix,Autódromo Hermanos Rodríguez,Mexico,2019-10-27,kubica,Robert Kubica,Polish,Williams,20.0,18,0.0,69,+2 Laps,13.0,1:20.696,False,False,False,2.0
2019,18,Mexican Grand Prix,Autódromo Hermanos Rodríguez,Mexico,2019-10-27,raikkonen,Kimi Räikkönen,Finnish,Alfa Romeo,14.0,19,0.0,58,Overheating,8.0,1:20.082,True,False,False,-5.0
2019,18,Mexican Grand Prix,Autódromo Hermanos Rodríguez,Mexico,2019-10-27,norris,Lando Norris,British,McLaren,8.0,20,0.0,48,Withdrew,19.0,1:21.643,True,False,False,-12.0
2019,19,United States Grand Prix,Circuit of the Americas,USA,2019-11-03,bottas,Valtteri Bottas,Finnish,Mercedes,1.0,1,25.0,56,Finished,2.0,1:36.957,False,True,True,0.0
2019,19,United States Grand Prix,Circuit of the Americas,USA,2019-11-03,hamilton,Lewis Hamilton,British,Mercedes,5.0,2,18.0,56,Finished,7.0,1:38.446,False,True,False,3.0
2019,19,United States Grand Prix,Circuit of the Americas,USA,2019-11-03,max_verstappen,Max Verstappen,Dutch,Red Bull,3.0,3,15.0,56,Finished,5.0,1:38.214,False,True,False,0.0
2019,19,United States Grand Prix,Circuit of the Americas,USA,2019-11-03,leclerc,Charles Leclerc,Monegasque,Ferrari,4.0,4,13.0,56,Finished,1.0,1:36.169,False,False,False,0.0
2019,19,United States Grand Prix,Circuit of the Americas,USA,2019-11-03,albon,Alexander Albon,Thai,Red Bull,6.0,5,10.0,56,Finished,3.0,1:38.029,False,False,False,1.0
2019,19,United States Grand Prix,Circuit of the Americas,USA,2019-11-03,ricciardo,Daniel Ricciardo,Australian,Renault,9.0,6,8.0,56,Finished,14.0,1:40.564,False,False,False,3.0
2019,19,United States Grand Prix,Circuit of the Americas,USA,2019-11-03,norris,Lando Norris,British,McLaren,8.0,7,6.0,56,Finished,4.0,1:38.074,False,False,False,1.0
2019,19,United States Grand Prix,Circuit of the Americas,USA,2019-11-03,sainz,Carlos Sainz,Spanish,McLaren,7.0,8,4.0,55,+1 Lap,15.0,1:40.844,False,False,False,-1.0
2019,19,United States Grand Prix,Circuit of the Americas,USA,2019-11-03,hulkenberg,Nico Hülkenberg,German,Renault,11.0,9,2.0,55,+1 Lap,6.0,1:38.437,False,False,False,2.0
2019,19,United States Grand Prix,Circuit of the Americas,USA,2019-11-03,perez,Sergio Pérez,Mexican,Racing Point,,10,1.0,55,+1 Lap,11.0,1:40.165,False,False,False,
2019,19,United States Grand Prix,Circuit of the Americas,USA,2019-11-03,raikkonen,Kimi Räikkönen,Finnish,Alfa Romeo,17.0,11,0.0,55,+1 Lap,9.0,1:39.608,False,False,False,6.0
2019,19,United States Grand Prix,Circuit of the Americas,USA,2019-11-03,kvyat,Daniil Kvyat,Russian,Toro Rosso,13.0,12,0.0,55,+1 Lap,8.0,1:38.969,False,False,False,1.0
2019,19,United States Grand Prix,Circuit of the Americas,USA,2019-11-03,stroll,Lance Stroll,Canadian,Racing Point,14.0,13,0.0,55,+1 Lap,13.0,1:40.380,False,False,False,1.0
2019,19,United States Grand Prix,Circuit of the Americas,USA,2019-11-03,giovinazzi,Antonio Giovinazzi,Italian,Alfa Romeo,16.0,14,0.0,55,+1 Lap,10.0,1:39.964,False,False,False,2.0
2019,19,United States Grand Prix,Circuit of the Americas,USA,2019-11-03,grosjean,Romain Grosjean,French,Haas F1 Team,15.0,15,0.0,55,+1 Lap,18.0,1:41.270,False,False,False,0.0
2019,19,United States Grand Prix,Circuit of the Americas,USA,2019-11-03,gasly,Pierre Gasly,French,Toro Rosso,10.0,16,0.0,54,Suspension,16.0,1:40.850,True,False,False,-6.0
2019,19,United States Grand Prix,Circuit of the Americas,USA,2019-11-03,russell,George Russell,British,Williams,18.0,17,0.0,54,+2 Laps,17.0,1:41.239,False,False,False,1.0
2019,19,United States Grand Prix,Circuit of the Americas,USA,2019-11-03,kevin_magnussen,Kevin Magnussen,Danish,Haas F1 Team,12.0,18,0.0,52,Brakes,12.0,1:40.347,True,False,False,-6.0
2019,19,United States Grand Prix,Circuit of the Americas,USA,2019-11-03,kubica,Robert Kubica,Polish,Williams,19.0,19,0.0,31,Oil leak,20.0,1:43.830,True,False,False,0.0
2019,19,United States Grand Prix,Circuit of the Americas,USA,2019-11-03,vettel,Sebastian Vettel,German,Ferrari,2.0,20,0.0,7,Suspension,19.0,1:42.165,True,False,False,-18.0
2019,20,Brazilian Grand Prix,Autódromo José Carlos Pace,Brazil,2019-11-17,max_verstappen,Max Verstappen,Dutch,Red Bull,1.0,1,25.0,71,Finished,2.0,1:10.862,False,True,True,0.0
2019,20,Brazilian Grand Prix,Autódromo José Carlos Pace,Brazil,2019-11-17,gasly,Pierre Gasly,French,Toro Rosso,6.0,2,18.0,71,Finished,9.0,1:12.425,False,True,False,4.0
2019,20,Brazilian Grand Prix,Autódromo José Carlos Pace,Brazil,2019-11-17,sainz,Carlos Sainz,Spanish,McLaren,20.0,3,15.0,71,Finished,16.0,1:13.158,False,True,False,17.0
2019,20,Brazilian Grand Prix,Autódromo José Carlos Pace,Brazil,2019-11-17,raikkonen,Kimi Räikkönen,Finnish,Alfa Romeo,8.0,4,12.0,71,Finished,15.0,1:13.135,False,False,False,4.0
2019,20,Brazilian Grand Prix,Autódromo José Carlos Pace,Brazil,2019-11-17,giovinazzi,Antonio Giovinazzi,Italian,Alfa Romeo,12.0,5,10.0,71,Finished,14.0,1:13.020,False,False,False,7.0
2019,20,Brazilian Grand Prix,Autódromo José Carlos Pace,Brazil,2019-11-17,ricciardo,Daniel Ricciardo,Australian,Renault,11.0,6,8.0,71,Finished,11.0,1:12.733,False,False,False,5.0
2019,20,Brazilian Grand Prix,Autódromo José Carlos Pace,Brazil,2019-11-17,hamilton,Lewis Hamilton,British,Mercedes,3.0,7,6.0,71,Finished,3.0,1:11.082,False,False,False,-4.0
2019,20,Brazilian Grand Prix,Autódromo José Carlos Pace,Brazil,2019-11-17,norris,Lando Norris,British,McLaren,10.0,8,4.0,71,Finished,7.0,1:12.328,False,False,False,2.0
2019,20,Brazilian Grand Prix,Autódromo José Carlos Pace,Brazil,2019-11-17,perez,Sergio Pérez,Mexican,Racing Point,15.0,9,2.0,71,Finished,12.0,1:12.840,False,False,False,6.0
2019,20,Brazilian Grand Prix,Autódromo José Carlos Pace,Brazil,2019-11-17,kvyat,Daniil Kvyat,Russian,Toro Rosso,16.0,10,1.0,71,Finished,8.0,1:12.385,False,False,False,6.0
2019,20,Brazilian Grand Prix,Autódromo José Carlos Pace,Brazil,2019-11-17,kevin_magnussen,Kevin Magnussen,Danish,Haas F1 Team,9.0,11,0.0,71,Finished,17.0,1:13.262,False,False,False,-2.0
2019,20,Brazilian Grand Prix,Autódromo José Carlos Pace,Brazil,2019-11-17,russell,George Russell,British,Williams,18.0,12,0.0,71,Finished,19.0,1:13.752,False,False,False,6.0
2019,20,Brazilian Grand Prix,Autódromo José Carlos Pace,Brazil,2019-11-17,grosjean,Romain Grosjean,French,Haas F1 Team,7.0,13,0.0,71,Finished,18.0,1:13.619,False,False,False,-6.0
2019,20,Brazilian Grand Prix,Autódromo José Carlos Pace,Brazil,2019-11-17,albon,Alexander Albon,Thai,Red Bull,5.0,14,0.0,71,Finished,4.0,1:11.087,False,False,False,-9.0
2019,20,Brazilian Grand Prix,Autódromo José Carlos Pace,Brazil,2019-11-17,hulkenberg,Nico Hülkenberg,German,Renault,13.0,15,0.0,71,Finished,13.0,1:12.934,False,False,False,-2.0
2019,20,Brazilian Grand Prix,Autódromo José Carlos Pace,Brazil,2019-11-17,kubica,Robert Kubica,Polish,Williams,19.0,16,0.0,70,+1 Lap,20.0,1:14.553,False,False,False,3.0
2019,20,Brazilian Grand Prix,Autódromo José Carlos Pace,Brazil,2019-11-17,vettel,Sebastian Vettel,German,Ferrari,2.0,17,0.0,65,Collision,5.0,1:11.384,True,False,False,-15.0
2019,20,Brazilian Grand Prix,Autódromo José Carlos Pace,Brazil,2019-11-17,leclerc,Charles Leclerc,Monegasque,Ferrari,14.0,18,0.0,65,Collision,6.0,1:11.423,True,False,False,-4.0
2019,20,Brazilian Grand Prix,Autódromo José Carlos Pace,Brazil,2019-11-17,stroll,Lance Stroll,Canadian,Racing Point,17.0,19,0.0,65,Suspension,10.0,1:12.603,True,False,False,-2.0
2019,20,Brazilian Grand Prix,Autódromo José Carlos Pace,Brazil,2019-11-17,bottas,Valtteri Bottas,Finnish,Mercedes,4.0,20,0.0,51,Power Unit,1.0,1:10.698,True,False,False,-16.0
2019,21,Abu Dhabi Grand Prix,Yas Marina Circuit,UAE,2019-12-01,hamilton,Lewis Hamilton,British,Mercedes,1.0,1,26.0,55,Finished,1.0,1:39.283,False,True,True,0.0
2019,21,Abu Dhabi Grand Prix,Yas Marina Circuit,UAE,2019-12-01,max_verstappen,Max Verstappen,Dutch,Red Bull,2.0,2,18.0,55,Finished,5.0,1:41.119,False,True,False,0.0
2019,21,Abu Dhabi Grand Prix,Yas Marina Circuit,UAE,2019-12-01,leclerc,Charles Leclerc,Monegasque,Ferrari,3.0,3,15.0,55,Finished,4.0,1:40.442,False,True,False,0.0
2019,21,Abu Dhabi Grand Prix,Yas Marina Circuit,UAE,2019-12-01,bottas,Valtteri Bottas,Finnish,Mercedes,20.0,4,12.0,55,Finished,2.0,1:39.715,False,False,False,16.0
2019,21,Abu Dhabi Grand Prix,Yas Marina Circuit,UAE,2019-12-01,vettel,Sebastian Vettel,German,Ferrari,4.0,5,10.0,55,Finished,3.0,1:40.128,False,False,False,-1.0
2019,21,Abu Dhabi Grand Prix,Yas Marina Circuit,UAE,2019-12-01,albon,Alexander Albon,Thai,Red Bull,5.0,6,8.0,55,Finished,8.0,1:42.219,False,False,False,-1.0
2019,21,Abu Dhabi Grand Prix,Yas Marina Circuit,UAE,2019-12-01,perez,Sergio Pérez,Mexican,Racing Point,10.0,7,6.0,54,+1 Lap,11.0,1:42.639,False,False,False,3.0
2019,21,Abu Dhabi Grand Prix,Yas Marina Circuit,UAE,2019-12-01,norris,Lando Norris,British,McLaren,6.0,8,4.0,54,+1 Lap,12.0,1:43.026,False,False,False,-2.0
2019,21,Abu Dhabi Grand Prix,Yas Marina Circuit,UAE,2019-12-01,kvyat,Daniil Kvyat,Russian,Toro Rosso,13.0,9,2.0,54,+1 Lap,9.0,1:42.222,False,False,False,4.0
2019,21,Abu Dhabi Grand Prix,Yas Marina Circuit,UAE,2019-12-01,sainz,Carlos Sainz,Spanish,McLaren,8.0,10,1.0,54,+1 Lap,7.0,1:41.294,False,False,False,-2.0
2019,21,Abu Dhabi Grand Prix,Yas Marina Circuit,UAE,2019-12-01,ricciardo,Daniel Ricciardo,Australian,Renault,7.0,11,0.0,54,+1 Lap,6.0,1:41.190,False,False,False,-4.0
2019,21,Abu Dhabi Grand Prix,Yas Marina Circuit,UAE,2019-12-01,hulkenberg,Nico Hülkenberg,German,Renault,9.0,12,0.0,54,+1 Lap,16.0,1:43.274,False,False,False,-3.0
2019,21,Abu Dhabi Grand Prix,Yas Marina Circuit,UAE,2019-12-01,raikkonen,Kimi Räikkönen,Finnish,Alfa Romeo,17.0,13,0.0,54,+1 Lap,14.0,1:43.142,False,False,False,4.0
2019,21,Abu Dhabi Grand Prix,Yas Marina Circuit,UAE,2019-12-01,kevin_magnussen,Kevin Magnussen,Danish,Haas F1 Team,14.0,14,0.0,54,+1 Lap,19.0,1:43.790,False,False,False,0.0
2019,21,Abu Dhabi Grand Prix,Yas Marina Circuit,UAE,2019-12-01,grosjean,Romain Grosjean,French,Haas F1 Team,15.0,15,0.0,54,+1 Lap,18.0,1:43.666,False,False,False,0.0
2019,21,Abu Dhabi Grand Prix,Yas Marina Circuit,UAE,2019-12-01,giovinazzi,Antonio Giovinazzi,Italian,Alfa Romeo,16.0,16,0.0,54,+1 Lap,15.0,1:43.256,False,False,False,0.0
2019,21,Abu Dhabi Grand Prix,Yas Marina Circuit,UAE,2019-12-01,russell,George Russell,British,Williams,18.0,17,0.0,54,+1 Lap,13.0,1:43.074,False,False,False,1.0
2019,21,Abu Dhabi Grand Prix,Yas Marina Circuit,UAE,2019-12-01,gasly,Pierre Gasly,French,Toro Rosso,11.0,18,0.0,53,+2 Laps,10.0,1:42.414,False,False,False,-7.0
2019,21,Abu Dhabi Grand Prix,Yas Marina Circuit,UAE,2019-12-01,kubica,Robert Kubica,Polish,Williams,19.0,19,0.0,53,+2 Laps,20.0,1:44.500,False,False,False,0.0
2019,21,Abu Dhabi Grand Prix,Yas Marina Circuit,UAE,2019-12-01,stroll,Lance Stroll,Canadian,Racing Point,12.0,20,0.0,45,Brakes,17.0,1:43.326,True,False,False,-8.0
2020,1,Austrian Grand Prix,Red Bull Ring,Austria,2020-07-05,bottas,Valtteri Bottas,Finnish,Mercedes,1.0,1,25.0,71,Finished,2.0,1:07.657,False,True,True,0.0
2020,1,Austrian Grand Prix,Red Bull Ring,Austria,2020-07-05,leclerc,Charles Leclerc,Monegasque,Ferrari,7.0,2,18.0,71,Finished,4.0,1:07.901,False,True,False,5.0
2020,1,Austrian Grand Prix,Red Bull Ring,Austria,2020-07-05,norris,Lando Norris,British,McLaren,3.0,3,16.0,71,Finished,1.0,1:07.475,False,True,False,0.0
2020,1,Austrian Grand Prix,Red Bull Ring,Austria,2020-07-05,hamilton,Lewis Hamilton,British,Mercedes,5.0,4,12.0,71,Finished,3.0,1:07.712,False,False,False,1.0
2020,1,Austrian Grand Prix,Red Bull Ring,Austria,2020-07-05,sainz,Carlos Sainz,Spanish,McLaren,8.0,5,10.0,71,Finished,5.0,1:07.974,False,False,False,3.0
2020,1,Austrian Grand Prix,Red Bull Ring,Austria,2020-07-05,perez,Sergio Pérez,Mexican,Racing Point,6.0,6,8.0,71,Finished,6.0,1:08.305,False,False,False,0.0
2020,1,Austrian Grand Prix,Red Bull Ring,Austria,2020-07-05,gasly,Pierre Gasly,French,AlphaTauri,12.0,7,6.0,71,Finished,11.0,1:09.025,False,False,False,5.0
2020,1,Austrian Grand Prix,Red Bull Ring,Austria,2020-07-05,ocon,Esteban Ocon,French,Renault,14.0,8,4.0,71,Finished,10.0,1:08.932,False,False,False,6.0
2020,1,Austrian Grand Prix,Red Bull Ring,Austria,2020-07-05,giovinazzi,Antonio Giovinazzi,Italian,Alfa Romeo,18.0,9,2.0,71,Finished,9.0,1:08.796,False,False,False,9.0
2020,1,Austrian Grand Prix,Red Bull Ring,Austria,2020-07-05,vettel,Sebastian Vettel,German,Ferrari,11.0,10,1.0,71,Finished,8.0,1:08.623,False,False,False,1.0
2020,1,Austrian Grand Prix,Red Bull Ring,Austria,2020-07-05,latifi,Nicholas Latifi,Canadian,Williams,20.0,11,0.0,71,Finished,16.0,1:09.662,False,False,False,9.0
2020,1,Austrian Grand Prix,Red Bull Ring,Austria,2020-07-05,kvyat,Daniil Kvyat,Russian,AlphaTauri,13.0,12,0.0,69,Suspension,13.0,1:09.135,True,False,False,1.0
2020,1,Austrian Grand Prix,Red Bull Ring,Austria,2020-07-05,albon,Alexander Albon,Thai,Red Bull,4.0,13,0.0,67,Electronics,7.0,1:08.432,True,False,False,-9.0
2020,1,Austrian Grand Prix,Red Bull Ring,Austria,2020-07-05,raikkonen,Kimi Räikkönen,Finnish,Alfa Romeo,19.0,14,0.0,53,Wheel,12.0,1:09.031,True,False,False,5.0
2020,1,Austrian Grand Prix,Red Bull Ring,Austria,2020-07-05,russell,George Russell,British,Williams,17.0,15,0.0,49,Fuel pressure,14.0,1:09.317,True,False,False,2.0
2020,1,Austrian Grand Prix,Red Bull Ring,Austria,2020-07-05,grosjean,Romain Grosjean,French,Haas F1 Team,15.0,16,0.0,49,Brakes,17.0,1:10.228,True,False,False,-1.0
2020,1,Austrian Grand Prix,Red Bull Ring,Austria,2020-07-05,kevin_magnussen,Kevin Magnussen,Danish,Haas F1 Team,16.0,17,0.0,24,Brakes,20.0,1:10.720,True,False,False,-1.0
2020,1,Austrian Grand Prix,Red Bull Ring,Austria,2020-07-05,stroll,Lance Stroll,Canadian,Racing Point,9.0,18,0.0,20,Engine,18.0,1:10.326,True,False,False,-9.0
2020,1,Austrian Grand Prix,Red Bull Ring,Austria,2020-07-05,ricciardo,Daniel Ricciardo,Australian,Renault,10.0,19,0.0,17,Overheating,19.0,1:10.610,True,False,False,-9.0
2020,1,Austrian Grand Prix,Red Bull Ring,Austria,2020-07-05,max_verstappen,Max Verstappen,Dutch,Red Bull,2.0,20,0.0,11,Electronics,15.0,1:09.351,True,False,False,-18.0
2020,2,Styrian Grand Prix,Red Bull Ring,Austria,2020-07-12,hamilton,Lewis Hamilton,British,Mercedes,1.0,1,25.0,71,Finished,3.0,1:06.719,False,True,True,0.0
2020,2,Styrian Grand Prix,Red Bull Ring,Austria,2020-07-12,bottas,Valtteri Bottas,Finnish,Mercedes,4.0,2,18.0,71,Finished,7.0,1:07.534,False,True,False,2.0
2020,2,Styrian Grand Prix,Red Bull Ring,Austria,2020-07-12,max_verstappen,Max Verstappen,Dutch,Red Bull,2.0,3,15.0,71,Finished,2.0,1:06.145,False,True,False,-1.0
2020,2,Styrian Grand Prix,Red Bull Ring,Austria,2020-07-12,albon,Alexander Albon,Thai,Red Bull,6.0,4,12.0,71,Finished,6.0,1:07.299,False,False,False,2.0
2020,2,Styrian Grand Prix,Red Bull Ring,Austria,2020-07-12,norris,Lando Norris,British,McLaren,9.0,5,10.0,71,Finished,5.0,1:07.193,False,False,False,4.0
2020,2,Styrian Grand Prix,Red Bull Ring,Austria,2020-07-12,perez,Sergio Pérez,Mexican,Racing Point,17.0,6,8.0,71,Finished,4.0,1:07.188,False,False,False,11.0
2020,2,Styrian Grand Prix,Red Bull Ring,Austria,2020-07-12,stroll,Lance Stroll,Canadian,Racing Point,12.0,7,6.0,71,Finished,10.0,1:07.833,False,False,False,5.0
2020,2,Styrian Grand Prix,Red Bull Ring,Austria,2020-07-12,ricciardo,Daniel Ricciardo,Australian,Renault,8.0,8,4.0,71,Finished,9.0,1:07.832,False,False,False,0.0
2020,2,Styrian Grand Prix,Red Bull Ring,Austria,2020-07-12,sainz,Carlos Sainz,Spanish,McLaren,3.0,9,3.0,70,+1 Lap,1.0,1:05.619,False,False,False,-6.0
2020,2,Styrian Grand Prix,Red Bull Ring,Austria,2020-07-12,kvyat,Daniil Kvyat,Russian,AlphaTauri,13.0,10,1.0,70,+1 Lap,13.0,1:08.378,False,False,False,3.0
2020,2,Styrian Grand Prix,Red Bull Ring,Austria,2020-07-12,raikkonen,Kimi Räikkönen,Finnish,Alfa Romeo,16.0,11,0.0,70,+1 Lap,14.0,1:08.382,False,False,False,5.0
2020,2,Styrian Grand Prix,Red Bull Ring,Austria,2020-07-12,kevin_magnussen,Kevin Magnussen,Danish,Haas F1 Team,15.0,12,0.0,70,+1 Lap,11.0,1:08.009,False,False,False,3.0
2020,2,Styrian Grand Prix,Red Bull Ring,Austria,2020-07-12,grosjean,Romain Grosjean,French,Haas F1 Team,,13,0.0,70,+1 Lap,12.0,1:08.047,False,False,False,
2020,2,Styrian Grand Prix,Red Bull Ring,Austria,2020-07-12,giovinazzi,Antonio Giovinazzi,Italian,Alfa Romeo,19.0,14,0.0,70,+1 Lap,15.0,1:08.512,False,False,False,5.0
2020,2,Styrian Grand Prix,Red Bull Ring,Austria,2020-07-12,gasly,Pierre Gasly,French,AlphaTauri,7.0,15,0.0,70,+1 Lap,8.0,1:07.827,False,False,False,-8.0
2020,2,Styrian Grand Prix,Red Bull Ring,Austria,2020-07-12,russell,George Russell,British,Williams,11.0,16,0.0,69,+2 Laps,16.0,1:08.601,False,False,False,-5.0
2020,2,Styrian Grand Prix,Red Bull Ring,Austria,2020-07-12,latifi,Nicholas Latifi,Canadian,Williams,18.0,17,0.0,69,+2 Laps,17.0,1:08.806,False,False,False,1.0
2020,2,Styrian Grand Prix,Red Bull Ring,Austria,2020-07-12,ocon,Esteban Ocon,French,Renault,5.0,18,0.0,25,Overheating,18.0,1:09.321,True,False,False,-13.0
2020,2,Styrian Grand Prix,Red Bull Ring,Austria,2020-07-12,leclerc,Charles Leclerc,Monegasque,Ferrari,14.0,19,0.0,4,Collision damage,19.0,1:35.379,True,False,False,-5.0
2020,2,Styrian Grand Prix,Red Bull Ring,Austria,2020-07-12,vettel,Sebastian Vettel,German,Ferrari,10.0,20,0.0,1,Collision damage,,,True,False,False,-10.0
2020,3,Hungarian Grand Prix,Hungaroring,Hungary,2020-07-19,hamilton,Lewis Hamilton,British,Mercedes,1.0,1,26.0,70,Finished,1.0,1:16.627,False,True,True,0.0
2020,3,Hungarian Grand Prix,Hungaroring,Hungary,2020-07-19,max_verstappen,Max Verstappen,Dutch,Red Bull,7.0,2,18.0,70,Finished,4.0,1:19.184,False,True,False,5.0
2020,3,Hungarian Grand Prix,Hungaroring,Hungary,2020-07-19,bottas,Valtteri Bottas,Finnish,Mercedes,2.0,3,15.0,70,Finished,2.0,1:17.665,False,True,False,-1.0
2020,3,Hungarian Grand Prix,Hungaroring,Hungary,2020-07-19,stroll,Lance Stroll,Canadian,Racing Point,3.0,4,12.0,70,Finished,3.0,1:18.973,False,False,False,-1.0
2020,3,Hungarian Grand Prix,Hungaroring,Hungary,2020-07-19,albon,Alexander Albon,Thai,Red Bull,13.0,5,10.0,70,Finished,5.0,1:19.440,False,False,False,8.0
2020,3,Hungarian Grand Prix,Hungaroring,Hungary,2020-07-19,vettel,Sebastian Vettel,German,Ferrari,5.0,6,8.0,69,+1 Lap,14.0,1:20.363,False,False,False,-1.0
2020,3,Hungarian Grand Prix,Hungaroring,Hungary,2020-07-19,perez,Sergio Pérez,Mexican,Racing Point,4.0,7,6.0,69,+1 Lap,10.0,1:20.090,False,False,False,-3.0
2020,3,Hungarian Grand Prix,Hungaroring,Hungary,2020-07-19,ricciardo,Daniel Ricciardo,Australian,Renault,11.0,8,4.0,69,+1 Lap,7.0,1:19.532,False,False,False,3.0
2020,3,Hungarian Grand Prix,Hungaroring,Hungary,2020-07-19,sainz,Carlos Sainz,Spanish,McLaren,9.0,9,2.0,69,+1 Lap,15.0,1:20.477,False,False,False,0.0
2020,3,Hungarian Grand Prix,Hungaroring,Hungary,2020-07-19,kevin_magnussen,Kevin Magnussen,Danish,Haas F1 Team,,10,1.0,69,+1 Lap,6.0,1:19.457,False,False,False,
2020,3,Hungarian Grand Prix,Hungaroring,Hungary,2020-07-19,leclerc,Charles Leclerc,Monegasque,Ferrari,6.0,11,0.0,69,+1 Lap,16.0,1:20.821,False,False,False,-5.0
2020,3,Hungarian Grand Prix,Hungaroring,Hungary,2020-07-19,kvyat,Daniil Kvyat,Russian,AlphaTauri,17.0,12,0.0,69,+1 Lap,18.0,1:20.946,False,False,False,5.0
2020,3,Hungarian Grand Prix,Hungaroring,Hungary,2020-07-19,norris,Lando Norris,British,McLaren,8.0,13,0.0,69,+1 Lap,8.0,1:19.945,False,False,False,-5.0
2020,3,Hungarian Grand Prix,Hungaroring,Hungary,2020-07-19,ocon,Esteban Ocon,French,Renault,14.0,14,0.0,69,+1 Lap,13.0,1:20.261,False,False,False,0.0
2020,3,Hungarian Grand Prix,Hungaroring,Hungary,2020-07-19,raikkonen,Kimi Räikkönen,Finnish,Alfa Romeo,20.0,15,0.0,69,+1 Lap,17.0,1:20.889,False,False,False,5.0
2020,3,Hungarian Grand Prix,Hungaroring,Hungary,2020-07-19,grosjean,Romain Grosjean,French,Haas F1 Team,,16,0.0,69,+1 Lap,12.0,1:20.232,False,False,False,
2020,3,Hungarian Grand Prix,Hungaroring,Hungary,2020-07-19,giovinazzi,Antonio Giovinazzi,Italian,Alfa Romeo,19.0,17,0.0,69,+1 Lap,11.0,1:20.096,False,False,False,2.0
2020,3,Hungarian Grand Prix,Hungaroring,Hungary,2020-07-19,russell,George Russell,British,Williams,12.0,18,0.0,69,+1 Lap,9.0,1:19.984,False,False,False,-6.0
2020,3,Hungarian Grand Prix,Hungaroring,Hungary,2020-07-19,latifi,Nicholas Latifi,Canadian,Williams,15.0,19,0.0,65,+5 Laps,19.0,1:21.198,False,False,False,-4.0
2020,3,Hungarian Grand Prix,Hungaroring,Hungary,2020-07-19,gasly,Pierre Gasly,French,AlphaTauri,10.0,20,0.0,15,Engine,20.0,1:23.939,True,False,False,-10.0
2020,4,British Grand Prix,Silverstone Circuit,UK,2020-08-02,hamilton,Lewis Hamilton,British,Mercedes,1.0,1,25.0,52,Finished,3.0,1:29.238,False,True,True,0.0
2020,4,British Grand Prix,Silverstone Circuit,UK,2020-08-02,max_verstappen,Max Verstappen,Dutch,Red Bull,3.0,2,19.0,52,Finished,1.0,1:27.097,False,True,False,1.0
2020,4,British Grand Prix,Silverstone Circuit,UK,2020-08-02,leclerc,Charles Leclerc,Monegasque,Ferrari,4.0,3,15.0,52,Finished,9.0,1:29.813,False,True,False,1.0
2020,4,British Grand Prix,Silverstone Circuit,UK,2020-08-02,ricciardo,Daniel Ricciardo,Australian,Renault,8.0,4,12.0,52,Finished,5.0,1:29.482,False,False,False,4.0
2020,4,British Grand Prix,Silverstone Circuit,UK,2020-08-02,norris,Lando Norris,British,McLaren,5.0,5,10.0,52,Finished,12.0,1:30.058,False,False,False,0.0
2020,4,British Grand Prix,Silverstone Circuit,UK,2020-08-02,ocon,Esteban Ocon,French,Renault,9.0,6,8.0,52,Finished,6.0,1:29.491,False,False,False,3.0
2020,4,British Grand Prix,Silverstone Circuit,UK,2020-08-02,gasly,Pierre Gasly,French,AlphaTauri,11.0,7,6.0,52,Finished,7.0,1:29.603,False,False,False,4.0
2020,4,British Grand Prix,Silverstone Circuit,UK,2020-08-02,albon,Alexander Albon,Thai,Red Bull,12.0,8,4.0,52,Finished,2.0,1:28.689,False,False,False,4.0
2020,4,British Grand Prix,Silverstone Circuit,UK,2020-08-02,stroll,Lance Stroll,Canadian,Racing Point,6.0,9,2.0,52,Finished,13.0,1:30.475,False,False,False,-3.0
2020,4,British Grand Prix,Silverstone Circuit,UK,2020-08-02,vettel,Sebastian Vettel,German,Ferrari,10.0,10,1.0,52,Finished,15.0,1:30.537,False,False,False,0.0
2020,4,British Grand Prix,Silverstone Circuit,UK,2020-08-02,bottas,Valtteri Bottas,Finnish,Mercedes,2.0,11,0.0,52,Finished,4.0,1:29.265,False,False,False,-9.0
2020,4,British Grand Prix,Silverstone Circuit,UK,2020-08-02,russell,George Russell,British,Williams,20.0,12,0.0,52,Finished,16.0,1:30.862,False,False,False,8.0
2020,4,British Grand Prix,Silverstone Circuit,UK,2020-08-02,sainz,Carlos Sainz,Spanish,McLaren,7.0,13,0.0,52,Finished,10.0,1:29.948,False,False,False,-6.0
2020,4,British Grand Prix,Silverstone Circuit,UK,2020-08-02,giovinazzi,Antonio Giovinazzi,Italian,Alfa Romeo,15.0,14,0.0,52,Finished,17.0,1:30.977,False,False,False,1.0
2020,4,British Grand Prix,Silverstone Circuit,UK,2020-08-02,latifi,Nicholas Latifi,Canadian,Williams,18.0,15,0.0,52,Finished,14.0,1:30.501,False,False,False,3.0
2020,4,British Grand Prix,Silverstone Circuit,UK,2020-08-02,grosjean,Romain Grosjean,French,Haas F1 Team,17.0,16,0.0,52,Finished,8.0,1:29.782,False,False,False,1.0
2020,4,British Grand Prix,Silverstone Circuit,UK,2020-08-02,raikkonen,Kimi Räikkönen,Finnish,Alfa Romeo,16.0,17,0.0,51,+1 Lap,11.0,1:29.973,False,False,False,-1.0
2020,4,British Grand Prix,Silverstone Circuit,UK,2020-08-02,kvyat,Daniil Kvyat,Russian,AlphaTauri,19.0,18,0.0,11,Accident,18.0,1:32.443,True,False,False,1.0
2020,4,British Grand Prix,Silverstone Circuit,UK,2020-08-02,kevin_magnussen,Kevin Magnussen,Danish,Haas F1 Team,14.0,19,0.0,1,Collision,,,True,False,False,-5.0
2020,4,British Grand Prix,Silverstone Circuit,UK,2020-08-02,hulkenberg,Nico Hülkenberg,German,Racing Point,13.0,20,0.0,0,Power Unit,,,True,False,False,-7.0
2020,5,70th Anniversary Grand Prix,Silverstone Circuit,UK,2020-08-09,max_verstappen,Max Verstappen,Dutch,Red Bull,4.0,1,25.0,52,Finished,2.0,1:29.465,False,True,True,3.0
2020,5,70th Anniversary Grand Prix,Silverstone Circuit,UK,2020-08-09,hamilton,Lewis Hamilton,British,Mercedes,2.0,2,19.0,52,Finished,1.0,1:28.451,False,True,False,0.0
2020,5,70th Anniversary Grand Prix,Silverstone Circuit,UK,2020-08-09,bottas,Valtteri Bottas,Finnish,Mercedes,1.0,3,15.0,52,Finished,4.0,1:29.765,False,True,False,-2.0
2020,5,70th Anniversary Grand Prix,Silverstone Circuit,UK,2020-08-09,leclerc,Charles Leclerc,Monegasque,Ferrari,8.0,4,12.0,52,Finished,8.0,1:30.552,False,False,False,4.0
2020,5,70th Anniversary Grand Prix,Silverstone Circuit,UK,2020-08-09,albon,Alexander Albon,Thai,Red Bull,9.0,5,10.0,52,Finished,3.0,1:29.477,False,False,False,4.0
2020,5,70th Anniversary Grand Prix,Silverstone Circuit,UK,2020-08-09,stroll,Lance Stroll,Canadian,Racing Point,6.0,6,8.0,52,Finished,15.0,1:30.877,False,False,False,0.0
2020,5,70th Anniversary Grand Prix,Silverstone Circuit,UK,2020-08-09,hulkenberg,Nico Hülkenberg,German,Racing Point,3.0,7,6.0,52,Finished,6.0,1:30.087,False,False,False,-4.0
2020,5,70th Anniversary Grand Prix,Silverstone Circuit,UK,2020-08-09,ocon,Esteban Ocon,French,Renault,14.0,8,4.0,52,Finished,10.0,1:30.575,False,False,False,6.0
2020,5,70th Anniversary Grand Prix,Silverstone Circuit,UK,2020-08-09,norris,Lando Norris,British,McLaren,10.0,9,2.0,52,Finished,11.0,1:30.698,False,False,False,1.0
2020,5,70th Anniversary Grand Prix,Silverstone Circuit,UK,2020-08-09,kvyat,Daniil Kvyat,Russian,AlphaTauri,16.0,10,1.0,52,Finished,12.0,1:30.738,False,False,False,6.0
2020,5,70th Anniversary Grand Prix,Silverstone Circuit,UK,2020-08-09,gasly,Pierre Gasly,French,AlphaTauri,7.0,11,0.0,52,Finished,7.0,1:30.092,False,False,False,-4.0
2020,5,70th Anniversary Grand Prix,Silverstone Circuit,UK,2020-08-09,vettel,Sebastian Vettel,German,Ferrari,11.0,12,0.0,52,Finished,13.0,1:30.785,False,False,False,-1.0
2020,5,70th Anniversary Grand Prix,Silverstone Circuit,UK,2020-08-09,sainz,Carlos Sainz,Spanish,McLaren,12.0,13,0.0,52,Finished,9.0,1:30.556,False,False,False,-1.0
2020,5,70th Anniversary Grand Prix,Silverstone Circuit,UK,2020-08-09,ricciardo,Daniel Ricciardo,Australian,Renault,5.0,14,0.0,51,+1 Lap,16.0,1:31.168,False,False,False,-9.0
2020,5,70th Anniversary Grand Prix,Silverstone Circuit,UK,2020-08-09,raikkonen,Kimi Räikkönen,Finnish,Alfa Romeo,20.0,15,0.0,51,+1 Lap,18.0,1:31.756,False,False,False,5.0
2020,5,70th Anniversary Grand Prix,Silverstone Circuit,UK,2020-08-09,grosjean,Romain Grosjean,French,Haas F1 Team,13.0,16,0.0,51,+1 Lap,14.0,1:30.793,False,False,False,-3.0
2020,5,70th Anniversary Grand Prix,Silverstone Circuit,UK,2020-08-09,giovinazzi,Antonio Giovinazzi,Italian,Alfa Romeo,19.0,17,0.0,51,+1 Lap,19.0,1:31.826,False,False,False,2.0
2020,5,70th Anniversary Grand Prix,Silverstone Circuit,UK,2020-08-09,russell,George Russell,British,Williams,15.0,18,0.0,51,+1 Lap,17.0,1:31.408,False,False,False,-3.0
2020,5,70th Anniversary Grand Prix,Silverstone Circuit,UK,2020-08-09,latifi,Nicholas Latifi,Canadian,Williams,18.0,19,0.0,51,+1 Lap,5.0,1:29.950,False,False,False,-1.0
2020,5,70th Anniversary Grand Prix,Silverstone Circuit,UK,2020-08-09,kevin_magnussen,Kevin Magnussen,Danish,Haas F1 Team,17.0,20,0.0,43,Retired,20.0,1:31.830,True,False,False,-3.0
2020,6,Spanish Grand Prix,Circuit de Barcelona-Catalunya,Spain,2020-08-16,hamilton,Lewis Hamilton,British,Mercedes,1.0,1,25.0,66,Finished,2.0,1:19.822,False,True,True,0.0
2020,6,Spanish Grand Prix,Circuit de Barcelona-Catalunya,Spain,2020-08-16,max_verstappen,Max Verstappen,Dutch,Red Bull,3.0,2,18.0,66,Finished,4.0,1:21.477,False,True,False,1.0
2020,6,Spanish Grand Prix,Circuit de Barcelona-Catalunya,Spain,2020-08-16,bottas,Valtteri Bottas,Finnish,Mercedes,2.0,3,16.0,66,Finished,1.0,1:18.183,False,True,False,-1.0
2020,6,Spanish Grand Prix,Circuit de Barcelona-Catalunya,Spain,2020-08-16,stroll,Lance Stroll,Canadian,Racing Point,5.0,4,12.0,65,+1 Lap,8.0,1:22.024,False,False,False,1.0
2020,6,Spanish Grand Prix,Circuit de Barcelona-Catalunya,Spain,2020-08-16,perez,Sergio Pérez,Mexican,Racing Point,4.0,5,10.0,65,+1 Lap,16.0,1:22.515,False,False,False,-1.0
2020,6,Spanish Grand Prix,Circuit de Barcelona-Catalunya,Spain,2020-08-16,sainz,Carlos Sainz,Spanish,McLaren,7.0,6,8.0,65,+1 Lap,5.0,1:21.771,False,False,False,1.0
2020,6,Spanish Grand Prix,Circuit de Barcelona-Catalunya,Spain,2020-08-16,vettel,Sebastian Vettel,German,Ferrari,11.0,7,6.0,65,+1 Lap,18.0,1:22.707,False,False,False,4.0
2020,6,Spanish Grand Prix,Circuit de Barcelona-Catalunya,Spain,2020-08-16,albon,Alexander Albon,Thai,Red Bull,6.0,8,4.0,65,+1 Lap,11.0,1:22.194,False,False,False,-2.0
2020,6,Spanish Grand Prix,Circuit de Barcelona-Catalunya,Spain,2020-08-16,gasly,Pierre Gasly,French,AlphaTauri,10.0,9,2.0,65,+1 Lap,17.0,1:22.543,False,False,False,1.0
2020,6,Spanish Grand Prix,Circuit de Barcelona-Catalunya,Spain,2020-08-16,norris,Lando Norris,British,McLaren,8.0,10,1.0,65,+1 Lap,13.0,1:22.392,False,False,False,-2.0
2020,6,Spanish Grand Prix,Circuit de Barcelona-Catalunya,Spain,2020-08-16,ricciardo,Daniel Ricciardo,Australian,Renault,13.0,11,0.0,65,+1 Lap,14.0,1:22.464,False,False,False,2.0
2020,6,Spanish Grand Prix,Circuit de Barcelona-Catalunya,Spain,2020-08-16,kvyat,Daniil Kvyat,Russian,AlphaTauri,12.0,12,0.0,65,+1 Lap,12.0,1:22.336,False,False,False,0.0
2020,6,Spanish Grand Prix,Circuit de Barcelona-Catalunya,Spain,2020-08-16,ocon,Esteban Ocon,French,Renault,15.0,13,0.0,65,+1 Lap,10.0,1:22.174,False,False,False,2.0
2020,6,Spanish Grand Prix,Circuit de Barcelona-Catalunya,Spain,2020-08-16,raikkonen,Kimi Räikkönen,Finnish,Alfa Romeo,14.0,14,0.0,65,+1 Lap,7.0,1:21.888,False,False,False,0.0
2020,6,Spanish Grand Prix,Circuit de Barcelona-Catalunya,Spain,2020-08-16,kevin_magnussen,Kevin Magnussen,Danish,Haas F1 Team,16.0,15,0.0,65,+1 Lap,19.0,1:23.474,False,False,False,1.0
2020,6,Spanish Grand Prix,Circuit de Barcelona-Catalunya,Spain,2020-08-16,giovinazzi,Antonio Giovinazzi,Italian,Alfa Romeo,20.0,16,0.0,65,+1 Lap,6.0,1:21.801,False,False,False,4.0
2020,6,Spanish Grand Prix,Circuit de Barcelona-Catalunya,Spain,2020-08-16,russell,George Russell,British,Williams,18.0,17,0.0,65,+1 Lap,15.0,1:22.503,False,False,False,1.0
2020,6,Spanish Grand Prix,Circuit de Barcelona-Catalunya,Spain,2020-08-16,latifi,Nicholas Latifi,Canadian,Williams,19.0,18,0.0,64,+2 Laps,9.0,1:22.030,False,False,False,1.0
2020,6,Spanish Grand Prix,Circuit de Barcelona-Catalunya,Spain,2020-08-16,grosjean,Romain Grosjean,French,Haas F1 Team,17.0,19,0.0,64,+2 Laps,3.0,1:20.409,False,False,False,-2.0
2020,6,Spanish Grand Prix,Circuit de Barcelona-Catalunya,Spain,2020-08-16,leclerc,Charles Leclerc,Monegasque,Ferrari,9.0,20,0.0,38,Electronics,20.0,1:23.968,True,False,False,-11.0
2020,7,Belgian Grand Prix,Circuit de Spa-Francorchamps,Belgium,2020-08-30,hamilton,Lewis Hamilton,British,Mercedes,1.0,1,25.0,44,Finished,2.0,1:47.758,False,True,True,0.0
2020,7,Belgian Grand Prix,Circuit de Spa-Francorchamps,Belgium,2020-08-30,bottas,Valtteri Bottas,Finnish,Mercedes,2.0,2,18.0,44,Finished,5.0,1:47.983,False,True,False,0.0
2020,7,Belgian Grand Prix,Circuit de Spa-Francorchamps,Belgium,2020-08-30,max_verstappen,Max Verstappen,Dutch,Red Bull,3.0,3,15.0,44,Finished,8.0,1:48.305,False,True,False,0.0
2020,7,Belgian Grand Prix,Circuit de Spa-Francorchamps,Belgium,2020-08-30,ricciardo,Daniel Ricciardo,Australian,Renault,4.0,4,13.0,44,Finished,1.0,1:47.483,False,False,False,0.0
2020,7,Belgian Grand Prix,Circuit de Spa-Francorchamps,Belgium,2020-08-30,ocon,Esteban Ocon,French,Renault,6.0,5,10.0,44,Finished,10.0,1:48.540,False,False,False,1.0
2020,7,Belgian Grand Prix,Circuit de Spa-Francorchamps,Belgium,2020-08-30,albon,Alexander Albon,Thai,Red Bull,5.0,6,8.0,44,Finished,12.0,1:48.736,False,False,False,-1.0
2020,7,Belgian Grand Prix,Circuit de Spa-Francorchamps,Belgium,2020-08-30,norris,Lando Norris,British,McLaren,10.0,7,6.0,44,Finished,11.0,1:48.552,False,False,False,3.0
2020,7,Belgian Grand Prix,Circuit de Spa-Francorchamps,Belgium,2020-08-30,gasly,Pierre Gasly,French,AlphaTauri,12.0,8,4.0,44,Finished,3.0,1:47.839,False,False,False,4.0
2020,7,Belgian Grand Prix,Circuit de Spa-Francorchamps,Belgium,2020-08-30,stroll,Lance Stroll,Canadian,Racing Point,9.0,9,2.0,44,Finished,13.0,1:49.136,False,False,False,0.0
2020,7,Belgian Grand Prix,Circuit de Spa-Francorchamps,Belgium,2020-08-30,perez,Sergio Pérez,Mexican,Racing Point,8.0,10,1.0,44,Finished,9.0,1:48.389,False,False,False,-2.0
2020,7,Belgian Grand Prix,Circuit de Spa-Francorchamps,Belgium,2020-08-30,kvyat,Daniil Kvyat,Russian,AlphaTauri,11.0,11,0.0,44,Finished,15.0,1:49.832,False,False,False,0.0
2020,7,Belgian Grand Prix,Circuit de Spa-Francorchamps,Belgium,2020-08-30,raikkonen,Kimi Räikkönen,Finnish,Alfa Romeo,16.0,12,0.0,44,Finished,14.0,1:49.822,False,False,False,4.0
2020,7,Belgian Grand Prix,Circuit de Spa-Francorchamps,Belgium,2020-08-30,vettel,Sebastian Vettel,German,Ferrari,14.0,13,0.0,44,Finished,16.0,1:49.958,False,False,False,1.0
2020,7,Belgian Grand Prix,Circuit de Spa-Francorchamps,Belgium,2020-08-30,leclerc,Charles Leclerc,Monegasque,Ferrari,13.0,14,0.0,44,Finished,4.0,1:47.840,False,False,False,-1.0
2020,7,Belgian Grand Prix,Circuit de Spa-Francorchamps,Belgium,2020-08-30,grosjean,Romain Grosjean,French,Haas F1 Team,17.0,15,0.0,44,Finished,17.0,1:50.018,False,False,False,2.0
2020,7,Belgian Grand Prix,Circuit de Spa-Francorchamps,Belgium,2020-08-30,latifi,Nicholas Latifi,Canadian,Williams,19.0,16,0.0,44,Finished,6.0,1:48.048,False,False,False,3.0
2020,7,Belgian Grand Prix,Circuit de Spa-Francorchamps,Belgium,2020-08-30,kevin_magnussen,Kevin Magnussen,Danish,Haas F1 Team,20.0,17,0.0,44,Finished,7.0,1:48.083,False,False,False,3.0
2020,7,Belgian Grand Prix,Circuit de Spa-Francorchamps,Belgium,2020-08-30,giovinazzi,Antonio Giovinazzi,Italian,Alfa Romeo,18.0,18,0.0,9,Accident,19.0,1:51.793,True,False,False,0.0
2020,7,Belgian Grand Prix,Circuit de Spa-Francorchamps,Belgium,2020-08-30,russell,George Russell,British,Williams,15.0,19,0.0,9,Debris,18.0,1:51.754,True,False,False,-4.0
2020,7,Belgian Grand Prix,Circuit de Spa-Francorchamps,Belgium,2020-08-30,sainz,Carlos Sainz,Spanish,McLaren,7.0,20,0.0,0,Exhaust,,,True,False,False,-13.0
2020,8,Italian Grand Prix,Autodromo Nazionale di Monza,Italy,2020-09-06,gasly,Pierre Gasly,French,AlphaTauri,10.0,1,25.0,53,Finished,6.0,1:24.037,False,True,True,9.0
2020,8,Italian Grand Prix,Autodromo Nazionale di Monza,Italy,2020-09-06,sainz,Carlos Sainz,Spanish,McLaren,3.0,2,18.0,53,Finished,2.0,1:23.882,False,True,False,1.0
2020,8,Italian Grand Prix,Autodromo Nazionale di Monza,Italy,2020-09-06,stroll,Lance Stroll,Canadian,Racing Point,8.0,3,15.0,53,Finished,3.0,1:23.897,False,True,False,5.0
2020,8,Italian Grand Prix,Autodromo Nazionale di Monza,Italy,2020-09-06,norris,Lando Norris,British,McLaren,6.0,4,12.0,53,Finished,7.0,1:24.232,False,False,False,2.0
2020,8,Italian Grand Prix,Autodromo Nazionale di Monza,Italy,2020-09-06,bottas,Valtteri Bottas,Finnish,Mercedes,2.0,5,10.0,53,Finished,5.0,1:23.961,False,False,False,-3.0
2020,8,Italian Grand Prix,Autodromo Nazionale di Monza,Italy,2020-09-06,ricciardo,Daniel Ricciardo,Australian,Renault,7.0,6,8.0,53,Finished,4.0,1:23.898,False,False,False,1.0
2020,8,Italian Grand Prix,Autodromo Nazionale di Monza,Italy,2020-09-06,hamilton,Lewis Hamilton,British,Mercedes,1.0,7,7.0,53,Finished,1.0,1:22.746,False,False,False,-6.0
2020,8,Italian Grand Prix,Autodromo Nazionale di Monza,Italy,2020-09-06,ocon,Esteban Ocon,French,Renault,12.0,8,4.0,53,Finished,11.0,1:24.490,False,False,False,4.0
2020,8,Italian Grand Prix,Autodromo Nazionale di Monza,Italy,2020-09-06,kvyat,Daniil Kvyat,Russian,AlphaTauri,11.0,9,2.0,53,Finished,10.0,1:24.479,False,False,False,2.0
2020,8,Italian Grand Prix,Autodromo Nazionale di Monza,Italy,2020-09-06,perez,Sergio Pérez,Mexican,Racing Point,4.0,10,1.0,53,Finished,8.0,1:24.336,False,False,False,-6.0
2020,8,Italian Grand Prix,Autodromo Nazionale di Monza,Italy,2020-09-06,latifi,Nicholas Latifi,Canadian,Williams,20.0,11,0.0,53,Finished,16.0,1:24.999,False,False,False,9.0
2020,8,Italian Grand Prix,Autodromo Nazionale di Monza,Italy,2020-09-06,grosjean,Romain Grosjean,French,Haas F1 Team,16.0,12,0.0,53,Finished,12.0,1:24.785,False,False,False,4.0
2020,8,Italian Grand Prix,Autodromo Nazionale di Monza,Italy,2020-09-06,raikkonen,Kimi Räikkönen,Finnish,Alfa Romeo,14.0,13,0.0,53,Finished,13.0,1:24.835,False,False,False,1.0
2020,8,Italian Grand Prix,Autodromo Nazionale di Monza,Italy,2020-09-06,russell,George Russell,British,Williams,19.0,14,0.0,53,Finished,9.0,1:24.421,False,False,False,5.0
2020,8,Italian Grand Prix,Autodromo Nazionale di Monza,Italy,2020-09-06,albon,Alexander Albon,Thai,Red Bull,9.0,15,0.0,53,Finished,15.0,1:24.926,False,False,False,-6.0
2020,8,Italian Grand Prix,Autodromo Nazionale di Monza,Italy,2020-09-06,giovinazzi,Antonio Giovinazzi,Italian,Alfa Romeo,18.0,16,0.0,53,Finished,14.0,1:24.856,False,False,False,2.0
2020,8,Italian Grand Prix,Autodromo Nazionale di Monza,Italy,2020-09-06,max_verstappen,Max Verstappen,Dutch,Red Bull,5.0,17,0.0,30,Power Unit,17.0,1:25.539,True,False,False,-12.0
2020,8,Italian Grand Prix,Autodromo Nazionale di Monza,Italy,2020-09-06,leclerc,Charles Leclerc,Monegasque,Ferrari,13.0,18,0.0,23,Accident,19.0,1:26.026,True,False,False,-5.0
2020,8,Italian Grand Prix,Autodromo Nazionale di Monza,Italy,2020-09-06,kevin_magnussen,Kevin Magnussen,Danish,Haas F1 Team,15.0,19,0.0,17,Power Unit,18.0,1:25.787,True,False,False,-4.0
2020,8,Italian Grand Prix,Autodromo Nazionale di Monza,Italy,2020-09-06,vettel,Sebastian Vettel,German,Ferrari,17.0,20,0.0,6,Brakes,20.0,1:27.107,True,False,False,-3.0
2020,9,Tuscan Grand Prix,Autodromo Internazionale del Mugello,Italy,2020-09-13,hamilton,Lewis Hamilton,British,Mercedes,1.0,1,26.0,59,Finished,1.0,1:18.833,False,True,True,0.0
2020,9,Tuscan Grand Prix,Autodromo Internazionale del Mugello,Italy,2020-09-13,bottas,Valtteri Bottas,Finnish,Mercedes,2.0,2,18.0,59,Finished,2.0,1:19.432,False,True,False,0.0
2020,9,Tuscan Grand Prix,Autodromo Internazionale del Mugello,Italy,2020-09-13,albon,Alexander Albon,Thai,Red Bull,4.0,3,15.0,59,Finished,3.0,1:20.039,False,True,False,1.0
2020,9,Tuscan Grand Prix,Autodromo Internazionale del Mugello,Italy,2020-09-13,ricciardo,Daniel Ricciardo,Australian,Renault,8.0,4,12.0,59,Finished,4.0,1:20.426,False,False,False,4.0
2020,9,Tuscan Grand Prix,Autodromo Internazionale del Mugello,Italy,2020-09-13,perez,Sergio Pérez,Mexican,Racing Point,7.0,5,10.0,59,Finished,5.0,1:20.632,False,False,False,2.0
2020,9,Tuscan Grand Prix,Autodromo Internazionale del Mugello,Italy,2020-09-13,norris,Lando Norris,British,McLaren,11.0,6,8.0,59,Finished,7.0,1:21.198,False,False,False,5.0
2020,9,Tuscan Grand Prix,Autodromo Internazionale del Mugello,Italy,2020-09-13,kvyat,Daniil Kvyat,Russian,AlphaTauri,12.0,7,6.0,59,Finished,10.0,1:21.458,False,False,False,5.0
2020,9,Tuscan Grand Prix,Autodromo Internazionale del Mugello,Italy,2020-09-13,leclerc,Charles Leclerc,Monegasque,Ferrari,5.0,8,4.0,59,Finished,9.0,1:21.229,False,False,False,-3.0
2020,9,Tuscan Grand Prix,Autodromo Internazionale del Mugello,Italy,2020-09-13,raikkonen,Kimi Räikkönen,Finnish,Alfa Romeo,13.0,9,2.0,59,Finished,6.0,1:21.164,False,False,False,4.0
2020,9,Tuscan Grand Prix,Autodromo Internazionale del Mugello,Italy,2020-09-13,vettel,Sebastian Vettel,German,Ferrari,14.0,10,1.0,59,Finished,8.0,1:21.202,False,False,False,4.0
2020,9,Tuscan Grand Prix,Autodromo Internazionale del Mugello,Italy,2020-09-13,russell,George Russell,British,Williams,18.0,11,0.0,59,Finished,11.0,1:21.645,False,False,False,7.0
2020,9,Tuscan Grand Prix,Autodromo Internazionale del Mugello,Italy,2020-09-13,grosjean,Romain Grosjean,French,Haas F1 Team,15.0,12,0.0,59,Finished,13.0,1:22.263,False,False,False,3.0
2020,9,Tuscan Grand Prix,Autodromo Internazionale del Mugello,Italy,2020-09-13,stroll,Lance Stroll,Canadian,Racing Point,6.0,13,0.0,42,Puncture,12.0,1:22.068,True,False,False,-7.0
2020,9,Tuscan Grand Prix,Autodromo Internazionale del Mugello,Italy,2020-09-13,ocon,Esteban Ocon,French,Renault,10.0,14,0.0,7,Brakes,15.0,2:11.793,True,False,False,-4.0
2020,9,Tuscan Grand Prix,Autodromo Internazionale del Mugello,Italy,2020-09-13,latifi,Nicholas Latifi,Canadian,Williams,19.0,15,0.0,6,Collision,14.0,2:11.365,True,False,False,4.0
2020,9,Tuscan Grand Prix,Autodromo Internazionale del Mugello,Italy,2020-09-13,kevin_magnussen,Kevin Magnussen,Danish,Haas F1 Team,20.0,16,0.0,5,Collision,17.0,2:13.812,True,False,False,4.0
2020,9,Tuscan Grand Prix,Autodromo Internazionale del Mugello,Italy,2020-09-13,giovinazzi,Antonio Giovinazzi,Italian,Alfa Romeo,17.0,17,0.0,5,Collision,16.0,2:13.809,True,False,False,0.0
2020,9,Tuscan Grand Prix,Autodromo Internazionale del Mugello,Italy,2020-09-13,sainz,Carlos Sainz,Spanish,McLaren,9.0,18,0.0,5,Collision,18.0,2:14.103,True,False,False,-9.0
2020,9,Tuscan Grand Prix,Autodromo Internazionale del Mugello,Italy,2020-09-13,max_verstappen,Max Verstappen,Dutch,Red Bull,3.0,19,0.0,0,Collision,,,True,False,False,-16.0
2020,9,Tuscan Grand Prix,Autodromo Internazionale del Mugello,Italy,2020-09-13,gasly,Pierre Gasly,French,AlphaTauri,16.0,20,0.0,0,Collision,,,True,False,False,-4.0
2020,10,Russian Grand Prix,Sochi Autodrom,Russia,2020-09-27,bottas,Valtteri Bottas,Finnish,Mercedes,3.0,1,26.0,53,Finished,1.0,1:37.030,False,True,True,2.0
2020,10,Russian Grand Prix,Sochi Autodrom,Russia,2020-09-27,max_verstappen,Max Verstappen,Dutch,Red Bull,2.0,2,18.0,53,Finished,3.0,1:37.332,False,True,False,0.0
2020,10,Russian Grand Prix,Sochi Autodrom,Russia,2020-09-27,hamilton,Lewis Hamilton,British,Mercedes,1.0,3,15.0,53,Finished,7.0,1:38.075,False,True,False,-2.0
2020,10,Russian Grand Prix,Sochi Autodrom,Russia,2020-09-27,perez,Sergio Pérez,Mexican,Racing Point,4.0,4,12.0,53,Finished,8.0,1:38.141,False,False,False,0.0
2020,10,Russian Grand Prix,Sochi Autodrom,Russia,2020-09-27,ricciardo,Daniel Ricciardo,Australian,Renault,5.0,5,10.0,53,Finished,6.0,1:37.886,False,False,False,0.0
2020,10,Russian Grand Prix,Sochi Autodrom,Russia,2020-09-27,leclerc,Charles Leclerc,Monegasque,Ferrari,10.0,6,8.0,53,Finished,11.0,1:39.053,False,False,False,4.0
2020,10,Russian Grand Prix,Sochi Autodrom,Russia,2020-09-27,ocon,Esteban Ocon,French,Renault,7.0,7,6.0,53,Finished,13.0,1:39.216,False,False,False,0.0
2020,10,Russian Grand Prix,Sochi Autodrom,Russia,2020-09-27,kvyat,Daniil Kvyat,Russian,AlphaTauri,11.0,8,4.0,53,Finished,12.0,1:39.133,False,False,False,3.0
2020,10,Russian Grand Prix,Sochi Autodrom,Russia,2020-09-27,gasly,Pierre Gasly,French,AlphaTauri,9.0,9,2.0,53,Finished,2.0,1:37.231,False,False,False,0.0
2020,10,Russian Grand Prix,Sochi Autodrom,Russia,2020-09-27,albon,Alexander Albon,Thai,Red Bull,15.0,10,1.0,53,Finished,9.0,1:38.377,False,False,False,5.0
2020,10,Russian Grand Prix,Sochi Autodrom,Russia,2020-09-27,giovinazzi,Antonio Giovinazzi,Italian,Alfa Romeo,17.0,11,0.0,52,+1 Lap,16.0,1:39.766,False,False,False,6.0
2020,10,Russian Grand Prix,Sochi Autodrom,Russia,2020-09-27,kevin_magnussen,Kevin Magnussen,Danish,Haas F1 Team,18.0,12,0.0,52,+1 Lap,17.0,1:40.380,False,False,False,6.0
2020,10,Russian Grand Prix,Sochi Autodrom,Russia,2020-09-27,vettel,Sebastian Vettel,German,Ferrari,14.0,13,0.0,52,+1 Lap,14.0,1:39.588,False,False,False,1.0
2020,10,Russian Grand Prix,Sochi Autodrom,Russia,2020-09-27,raikkonen,Kimi Räikkönen,Finnish,Alfa Romeo,19.0,14,0.0,52,+1 Lap,10.0,1:38.858,False,False,False,5.0
2020,10,Russian Grand Prix,Sochi Autodrom,Russia,2020-09-27,norris,Lando Norris,British,McLaren,8.0,15,0.0,52,+1 Lap,5.0,1:37.377,False,False,False,-7.0
2020,10,Russian Grand Prix,Sochi Autodrom,Russia,2020-09-27,latifi,Nicholas Latifi,Canadian,Williams,20.0,16,0.0,52,+1 Lap,18.0,1:41.044,False,False,False,4.0
2020,10,Russian Grand Prix,Sochi Autodrom,Russia,2020-09-27,grosjean,Romain Grosjean,French,Haas F1 Team,16.0,17,0.0,52,+1 Lap,15.0,1:39.614,False,False,False,-1.0
2020,10,Russian Grand Prix,Sochi Autodrom,Russia,2020-09-27,russell,George Russell,British,Williams,13.0,18,0.0,52,+1 Lap,4.0,1:37.352,False,False,False,-5.0
2020,10,Russian Grand Prix,Sochi Autodrom,Russia,2020-09-27,sainz,Carlos Sainz,Spanish,McLaren,6.0,19,0.0,0,Accident,,,True,False,False,-13.0
2020,10,Russian Grand Prix,Sochi Autodrom,Russia,2020-09-27,stroll,Lance Stroll,Canadian,Racing Point,12.0,20,0.0,0,Collision,,,True,False,False,-8.0
2020,11,Eifel Grand Prix,Nürburgring,Germany,2020-10-11,hamilton,Lewis Hamilton,British,Mercedes,2.0,1,25.0,60,Finished,2.0,1:28.145,False,True,True,1.0
2020,11,Eifel Grand Prix,Nürburgring,Germany,2020-10-11,max_verstappen,Max Verstappen,Dutch,Red Bull,3.0,2,19.0,60,Finished,1.0,1:28.139,False,True,False,1.0
2020,11,Eifel Grand Prix,Nürburgring,Germany,2020-10-11,ricciardo,Daniel Ricciardo,Australian,Renault,6.0,3,15.0,60,Finished,3.0,1:29.584,False,True,False,3.0
2020,11,Eifel Grand Prix,Nürburgring,Germany,2020-10-11,perez,Sergio Pérez,Mexican,Racing Point,9.0,4,12.0,60,Finished,4.0,1:29.700,False,False,False,5.0
2020,11,Eifel Grand Prix,Nürburgring,Germany,2020-10-11,sainz,Carlos Sainz,Spanish,McLaren,10.0,5,10.0,60,Finished,6.0,1:30.129,False,False,False,5.0
2020,11,Eifel Grand Prix,Nürburgring,Germany,2020-10-11,gasly,Pierre Gasly,French,AlphaTauri,12.0,6,8.0,60,Finished,5.0,1:30.110,False,False,False,6.0
2020,11,Eifel Grand Prix,Nürburgring,Germany,2020-10-11,leclerc,Charles Leclerc,Monegasque,Ferrari,4.0,7,6.0,60,Finished,10.0,1:30.712,False,False,False,-3.0
2020,11,Eifel Grand Prix,Nürburgring,Germany,2020-10-11,hulkenberg,Nico Hülkenberg,German,Racing Point,20.0,8,4.0,60,Finished,11.0,1:30.733,False,False,False,12.0
2020,11,Eifel Grand Prix,Nürburgring,Germany,2020-10-11,grosjean,Romain Grosjean,French,Haas F1 Team,16.0,9,2.0,60,Finished,14.0,1:31.562,False,False,False,7.0
2020,11,Eifel Grand Prix,Nürburgring,Germany,2020-10-11,giovinazzi,Antonio Giovinazzi,Italian,Alfa Romeo,14.0,10,1.0,60,Finished,12.0,1:30.909,False,False,False,4.0
2020,11,Eifel Grand Prix,Nürburgring,Germany,2020-10-11,vettel,Sebastian Vettel,German,Ferrari,11.0,11,0.0,60,Finished,7.0,1:30.408,False,False,False,0.0
2020,11,Eifel Grand Prix,Nürburgring,Germany,2020-10-11,raikkonen,Kimi Räikkönen,Finnish,Alfa Romeo,19.0,12,0.0,60,Finished,9.0,1:30.512,False,False,False,7.0
2020,11,Eifel Grand Prix,Nürburgring,Germany,2020-10-11,kevin_magnussen,Kevin Magnussen,Danish,Haas F1 Team,15.0,13,0.0,60,Finished,8.0,1:30.456,False,False,False,2.0
2020,11,Eifel Grand Prix,Nürburgring,Germany,2020-10-11,latifi,Nicholas Latifi,Canadian,Williams,18.0,14,0.0,60,Finished,13.0,1:31.377,False,False,False,4.0
2020,11,Eifel Grand Prix,Nürburgring,Germany,2020-10-11,kvyat,Daniil Kvyat,Russian,AlphaTauri,13.0,15,0.0,60,Finished,16.0,1:32.214,False,False,False,-2.0
2020,11,Eifel Grand Prix,Nürburgring,Germany,2020-10-11,norris,Lando Norris,British,McLaren,8.0,16,0.0,42,Power Unit,17.0,1:32.328,True,False,False,-8.0
2020,11,Eifel Grand Prix,Nürburgring,Germany,2020-10-11,albon,Alexander Albon,Thai,Red Bull,5.0,17,0.0,23,Radiator,18.0,1:32.330,True,False,False,-12.0
2020,11,Eifel Grand Prix,Nürburgring,Germany,2020-10-11,ocon,Esteban Ocon,French,Renault,7.0,18,0.0,22,Gearbox,19.0,1:33.189,True,False,False,-11.0
2020,11,Eifel Grand Prix,Nürburgring,Germany,2020-10-11,bottas,Valtteri Bottas,Finnish,Mercedes,1.0,19,0.0,18,Power Unit,15.0,1:31.884,True,False,False,-18.0
2020,11,Eifel Grand Prix,Nürburgring,Germany,2020-10-11,russell,George Russell,British,Williams,17.0,20,0.0,12,Collision,20.0,1:34.526,True,False,False,-3.0
2020,12,Portuguese Grand Prix,Autódromo Internacional do Algarve,Portugal,2020-10-25,hamilton,Lewis Hamilton,British,Mercedes,1.0,1,26.0,66,Finished,1.0,1:18.750,False,True,True,0.0
2020,12,Portuguese Grand Prix,Autódromo Internacional do Algarve,Portugal,2020-10-25,bottas,Valtteri Bottas,Finnish,Mercedes,2.0,2,18.0,66,Finished,2.0,1:19.345,False,True,False,0.0
2020,12,Portuguese Grand Prix,Autódromo Internacional do Algarve,Portugal,2020-10-25,max_verstappen,Max Verstappen,Dutch,Red Bull,3.0,3,15.0,66,Finished,4.0,1:19.854,False,True,False,0.0
2020,12,Portuguese Grand Prix,Autódromo Internacional do Algarve,Portugal,2020-10-25,leclerc,Charles Leclerc,Monegasque,Ferrari,4.0,4,12.0,66,Finished,7.0,1:20.408,False,False,False,0.0
2020,12,Portuguese Grand Prix,Autódromo Internacional do Algarve,Portugal,2020-10-25,gasly,Pierre Gasly,French,AlphaTauri,9.0,5,10.0,65,+1 Lap,9.0,1:20.551,False,False,False,4.0
2020,12,Portuguese Grand Prix,Autódromo Internacional do Algarve,Portugal,2020-10-25,sainz,Carlos Sainz,Spanish,McLaren,7.0,6,8.0,65,+1 Lap,6.0,1:20.268,False,False,False,1.0
2020,12,Portuguese Grand Prix,Autódromo Internacional do Algarve,Portugal,2020-10-25,perez,Sergio Pérez,Mexican,Racing Point,5.0,7,6.0,65,+1 Lap,11.0,1:20.802,False,False,False,-2.0
2020,12,Portuguese Grand Prix,Autódromo Internacional do Algarve,Portugal,2020-10-25,ocon,Esteban Ocon,French,Renault,11.0,8,4.0,65,+1 Lap,12.0,1:20.859,False,False,False,3.0
2020,12,Portuguese Grand Prix,Autódromo Internacional do Algarve,Portugal,2020-10-25,ricciardo,Daniel Ricciardo,Australian,Renault,10.0,9,2.0,65,+1 Lap,14.0,1:20.906,False,False,False,1.0
2020,12,Portuguese Grand Prix,Autódromo Internacional do Algarve,Portugal,2020-10-25,vettel,Sebastian Vettel,German,Ferrari,15.0,10,1.0,65,+1 Lap,10.0,1:20.731,False,False,False,5.0
2020,12,Portuguese Grand Prix,Autódromo Internacional do Algarve,Portugal,2020-10-25,raikkonen,Kimi Räikkönen,Finnish,Alfa Romeo,16.0,11,0.0,65,+1 Lap,15.0,1:21.058,False,False,False,5.0
2020,12,Portuguese Grand Prix,Autódromo Internacional do Algarve,Portugal,2020-10-25,albon,Alexander Albon,Thai,Red Bull,6.0,12,0.0,65,+1 Lap,5.0,1:19.890,False,False,False,-6.0
2020,12,Portuguese Grand Prix,Autódromo Internacional do Algarve,Portugal,2020-10-25,norris,Lando Norris,British,McLaren,8.0,13,0.0,65,+1 Lap,3.0,1:19.360,False,False,False,-5.0
2020,12,Portuguese Grand Prix,Autódromo Internacional do Algarve,Portugal,2020-10-25,russell,George Russell,British,Williams,14.0,14,0.0,65,+1 Lap,13.0,1:20.882,False,False,False,0.0
2020,12,Portuguese Grand Prix,Autódromo Internacional do Algarve,Portugal,2020-10-25,giovinazzi,Antonio Giovinazzi,Italian,Alfa Romeo,17.0,15,0.0,65,+1 Lap,20.0,1:21.893,False,False,False,2.0
2020,12,Portuguese Grand Prix,Autódromo Internacional do Algarve,Portugal,2020-10-25,kevin_magnussen,Kevin Magnussen,Danish,Haas F1 Team,19.0,16,0.0,65,+1 Lap,16.0,1:21.460,False,False,False,3.0
2020,12,Portuguese Grand Prix,Autódromo Internacional do Algarve,Portugal,2020-10-25,grosjean,Romain Grosjean,French,Haas F1 Team,18.0,17,0.0,65,+1 Lap,17.0,1:21.664,False,False,False,1.0
2020,12,Portuguese Grand Prix,Autódromo Internacional do Algarve,Portugal,2020-10-25,latifi,Nicholas Latifi,Canadian,Williams,20.0,18,0.0,64,+2 Laps,19.0,1:21.859,False,False,False,2.0
2020,12,Portuguese Grand Prix,Autódromo Internacional do Algarve,Portugal,2020-10-25,kvyat,Daniil Kvyat,Russian,AlphaTauri,13.0,19,0.0,64,+2 Laps,8.0,1:20.449,False,False,False,-6.0
2020,12,Portuguese Grand Prix,Autódromo Internacional do Algarve,Portugal,2020-10-25,stroll,Lance Stroll,Canadian,Racing Point,12.0,20,0.0,51,Collision damage,18.0,1:21.694,True,False,False,-8.0
2020,13,Emilia Romagna Grand Prix,Autodromo Enzo e Dino Ferrari,Italy,2020-11-01,hamilton,Lewis Hamilton,British,Mercedes,2.0,1,26.0,63,Finished,1.0,1:15.484,False,True,True,1.0
2020,13,Emilia Romagna Grand Prix,Autodromo Enzo e Dino Ferrari,Italy,2020-11-01,bottas,Valtteri Bottas,Finnish,Mercedes,1.0,2,18.0,63,Finished,2.0,1:15.902,False,True,False,-1.0
2020,13,Emilia Romagna Grand Prix,Autodromo Enzo e Dino Ferrari,Italy,2020-11-01,ricciardo,Daniel Ricciardo,Australian,Renault,5.0,3,15.0,63,Finished,4.0,1:17.552,False,True,False,2.0
2020,13,Emilia Romagna Grand Prix,Autodromo Enzo e Dino Ferrari,Italy,2020-11-01,kvyat,Daniil Kvyat,Russian,AlphaTauri,8.0,4,12.0,63,Finished,6.0,1:17.666,False,False,False,4.0
2020,13,Emilia Romagna Grand Prix,Autodromo Enzo e Dino Ferrari,Italy,2020-11-01,leclerc,Charles Leclerc,Monegasque,Ferrari,7.0,5,10.0,63,Finished,12.0,1:18.173,False,False,False,2.0
2020,13,Emilia Romagna Grand Prix,Autodromo Enzo e Dino Ferrari,Italy,2020-11-01,perez,Sergio Pérez,Mexican,Racing Point,11.0,6,8.0,63,Finished,9.0,1:18.084,False,False,False,5.0
2020,13,Emilia Romagna Grand Prix,Autodromo Enzo e Dino Ferrari,Italy,2020-11-01,sainz,Carlos Sainz,Spanish,McLaren,10.0,7,6.0,63,Finished,11.0,1:18.118,False,False,False,3.0
2020,13,Emilia Romagna Grand Prix,Autodromo Enzo e Dino Ferrari,Italy,2020-11-01,norris,Lando Norris,British,McLaren,9.0,8,4.0,63,Finished,8.0,1:18.069,False,False,False,1.0
2020,13,Emilia Romagna Grand Prix,Autodromo Enzo e Dino Ferrari,Italy,2020-11-01,raikkonen,Kimi Räikkönen,Finnish,Alfa Romeo,18.0,9,2.0,63,Finished,10.0,1:18.088,False,False,False,9.0
2020,13,Emilia Romagna Grand Prix,Autodromo Enzo e Dino Ferrari,Italy,2020-11-01,giovinazzi,Antonio Giovinazzi,Italian,Alfa Romeo,20.0,10,1.0,63,Finished,15.0,1:18.794,False,False,False,10.0
2020,13,Emilia Romagna Grand Prix,Autodromo Enzo e Dino Ferrari,Italy,2020-11-01,latifi,Nicholas Latifi,Canadian,Williams,19.0,11,0.0,63,Finished,14.0,1:18.719,False,False,False,8.0
2020,13,Emilia Romagna Grand Prix,Autodromo Enzo e Dino Ferrari,Italy,2020-11-01,vettel,Sebastian Vettel,German,Ferrari,14.0,12,0.0,63,Finished,7.0,1:17.767,False,False,False,2.0
2020,13,Emilia Romagna Grand Prix,Autodromo Enzo e Dino Ferrari,Italy,2020-11-01,stroll,Lance Stroll,Canadian,Racing Point,15.0,13,0.0,63,Finished,13.0,1:18.360,False,False,False,2.0
2020,13,Emilia Romagna Grand Prix,Autodromo Enzo e Dino Ferrari,Italy,2020-11-01,grosjean,Romain Grosjean,French,Haas F1 Team,16.0,14,0.0,63,Finished,17.0,1:18.822,False,False,False,2.0
2020,13,Emilia Romagna Grand Prix,Autodromo Enzo e Dino Ferrari,Italy,2020-11-01,albon,Alexander Albon,Thai,Red Bull,6.0,15,0.0,63,Finished,3.0,1:16.177,False,False,False,-9.0
2020,13,Emilia Romagna Grand Prix,Autodromo Enzo e Dino Ferrari,Italy,2020-11-01,russell,George Russell,British,Williams,13.0,16,0.0,51,Accident,16.0,1:18.811,True,False,False,-3.0
2020,13,Emilia Romagna Grand Prix,Autodromo Enzo e Dino Ferrari,Italy,2020-11-01,max_verstappen,Max Verstappen,Dutch,Red Bull,3.0,17,0.0,50,Puncture,5.0,1:17.637,True,False,False,-14.0
2020,13,Emilia Romagna Grand Prix,Autodromo Enzo e Dino Ferrari,Italy,2020-11-01,kevin_magnussen,Kevin Magnussen,Danish,Haas F1 Team,17.0,18,0.0,47,Illness,18.0,1:19.273,True,False,False,-1.0
2020,13,Emilia Romagna Grand Prix,Autodromo Enzo e Dino Ferrari,Italy,2020-11-01,ocon,Esteban Ocon,French,Renault,12.0,19,0.0,27,Gearbox,19.0,1:19.606,True,False,False,-7.0
2020,13,Emilia Romagna Grand Prix,Autodromo Enzo e Dino Ferrari,Italy,2020-11-01,gasly,Pierre Gasly,French,AlphaTauri,4.0,20,0.0,8,Water pressure,20.0,1:20.403,True,False,False,-16.0
2020,14,Turkish Grand Prix,Istanbul Park,Turkey,2020-11-15,hamilton,Lewis Hamilton,British,Mercedes,6.0,1,25.0,58,Finished,6.0,1:39.413,False,True,True,5.0
2020,14,Turkish Grand Prix,Istanbul Park,Turkey,2020-11-15,perez,Sergio Pérez,Mexican,Racing Point,3.0,2,18.0,58,Finished,12.0,1:40.392,False,True,False,1.0
2020,14,Turkish Grand Prix,Istanbul Park,Turkey,2020-11-15,vettel,Sebastian Vettel,German,Ferrari,11.0,3,15.0,58,Finished,8.0,1:39.662,False,True,False,8.0
2020,14,Turkish Grand Prix,Istanbul Park,Turkey,2020-11-15,leclerc,Charles Leclerc,Monegasque,Ferrari,12.0,4,12.0,58,Finished,11.0,1:39.961,False,False,False,8.0
2020,14,Turkish Grand Prix,Istanbul Park,Turkey,2020-11-15,sainz,Carlos Sainz,Spanish,McLaren,15.0,5,10.0,58,Finished,4.0,1:38.754,False,False,False,10.0
2020,14,Turkish Grand Prix,Istanbul Park,Turkey,2020-11-15,max_verstappen,Max Verstappen,Dutch,Red Bull,2.0,6,8.0,58,Finished,3.0,1:38.431,False,False,False,-4.0
2020,14,Turkish Grand Prix,Istanbul Park,Turkey,2020-11-15,albon,Alexander Albon,Thai,Red Bull,4.0,7,6.0,58,Finished,5.0,1:39.099,False,False,False,-3.0
2020,14,Turkish Grand Prix,Istanbul Park,Turkey,2020-11-15,norris,Lando Norris,British,McLaren,14.0,8,5.0,58,Finished,1.0,1:36.806,False,False,False,6.0
2020,14,Turkish Grand Prix,Istanbul Park,Turkey,2020-11-15,stroll,Lance Stroll,Canadian,Racing Point,1.0,9,2.0,58,Finished,10.0,1:39.921,False,False,False,-8.0
2020,14,Turkish Grand Prix,Istanbul Park,Turkey,2020-11-15,ricciardo,Daniel Ricciardo,Australian,Renault,5.0,10,1.0,58,Finished,13.0,1:40.677,False,False,False,-5.0
2020,14,Turkish Grand Prix,Istanbul Park,Turkey,2020-11-15,ocon,Esteban Ocon,French,Renault,7.0,11,0.0,57,+1 Lap,16.0,1:41.006,False,False,False,-4.0
2020,14,Turkish Grand Prix,Istanbul Park,Turkey,2020-11-15,kvyat,Daniil Kvyat,Russian,AlphaTauri,16.0,12,0.0,57,+1 Lap,17.0,1:41.019,False,False,False,4.0
2020,14,Turkish Grand Prix,Istanbul Park,Turkey,2020-11-15,gasly,Pierre Gasly,French,AlphaTauri,19.0,13,0.0,57,+1 Lap,7.0,1:39.586,False,False,False,6.0
2020,14,Turkish Grand Prix,Istanbul Park,Turkey,2020-11-15,bottas,Valtteri Bottas,Finnish,Mercedes,9.0,14,0.0,57,+1 Lap,2.0,1:38.193,False,False,False,-5.0
2020,14,Turkish Grand Prix,Istanbul Park,Turkey,2020-11-15,raikkonen,Kimi Räikkönen,Finnish,Alfa Romeo,8.0,15,0.0,57,+1 Lap,9.0,1:39.743,False,False,False,-7.0
2020,14,Turkish Grand Prix,Istanbul Park,Turkey,2020-11-15,russell,George Russell,British,Williams,,16,0.0,57,+1 Lap,14.0,1:40.814,False,False,False,
2020,14,Turkish Grand Prix,Istanbul Park,Turkey,2020-11-15,kevin_magnussen,Kevin Magnussen,Danish,Haas F1 Team,13.0,17,0.0,55,Withdrew,15.0,1:40.948,True,False,False,-4.0
2020,14,Turkish Grand Prix,Istanbul Park,Turkey,2020-11-15,grosjean,Romain Grosjean,French,Haas F1 Team,17.0,18,0.0,49,Collision damage,18.0,1:43.281,True,False,False,-1.0
2020,14,Turkish Grand Prix,Istanbul Park,Turkey,2020-11-15,latifi,Nicholas Latifi,Canadian,Williams,,19,0.0,39,Collision damage,19.0,1:43.495,True,False,False,
2020,14,Turkish Grand Prix,Istanbul Park,Turkey,2020-11-15,giovinazzi,Antonio Giovinazzi,Italian,Alfa Romeo,10.0,20,0.0,11,Gearbox,20.0,1:51.122,True,False,False,-10.0
2020,15,Bahrain Grand Prix,Bahrain International Circuit,Bahrain,2020-11-29,hamilton,Lewis Hamilton,British,Mercedes,1.0,1,25.0,57,Finished,3.0,1:32.864,False,True,True,0.0
2020,15,Bahrain Grand Prix,Bahrain International Circuit,Bahrain,2020-11-29,max_verstappen,Max Verstappen,Dutch,Red Bull,3.0,2,19.0,57,Finished,1.0,1:32.014,False,True,False,1.0
2020,15,Bahrain Grand Prix,Bahrain International Circuit,Bahrain,2020-11-29,albon,Alexander Albon,Thai,Red Bull,4.0,3,15.0,57,Finished,10.0,1:33.684,False,True,False,1.0
2020,15,Bahrain Grand Prix,Bahrain International Circuit,Bahrain,2020-11-29,norris,Lando Norris,British,McLaren,9.0,4,12.0,57,Finished,7.0,1:33.588,False,False,False,5.0
2020,15,Bahrain Grand Prix,Bahrain International Circuit,Bahrain,2020-11-29,sainz,Carlos Sainz,Spanish,McLaren,15.0,5,10.0,57,Finished,5.0,1:33.411,False,False,False,10.0
2020,15,Bahrain Grand Prix,Bahrain International Circuit,Bahrain,2020-11-29,gasly,Pierre Gasly,French,AlphaTauri,8.0,6,8.0,57,Finished,16.0,1:34.817,False,False,False,2.0
2020,15,Bahrain Grand Prix,Bahrain International Circuit,Bahrain,2020-11-29,ricciardo,Daniel Ricciardo,Australian,Renault,6.0,7,6.0,57,Finished,2.0,1:32.827,False,False,False,-1.0
2020,15,Bahrain Grand Prix,Bahrain International Circuit,Bahrain,2020-11-29,bottas,Valtteri Bottas,Finnish,Mercedes,2.0,8,4.0,57,Finished,4.0,1:33.352,False,False,False,-6.0
2020,15,Bahrain Grand Prix,Bahrain International Circuit,Bahrain,2020-11-29,ocon,Esteban Ocon,French,Renault,7.0,9,2.0,57,Finished,13.0,1:34.354,False,False,False,-2.0
2020,15,Bahrain Grand Prix,Bahrain International Circuit,Bahrain,2020-11-29,leclerc,Charles Leclerc,Monegasque,Ferrari,12.0,10,1.0,56,+1 Lap,8.0,1:33.625,False,False,False,2.0
2020,15,Bahrain Grand Prix,Bahrain International Circuit,Bahrain,2020-11-29,kvyat,Daniil Kvyat,Russian,AlphaTauri,10.0,11,0.0,56,+1 Lap,12.0,1:34.141,False,False,False,-1.0
2020,15,Bahrain Grand Prix,Bahrain International Circuit,Bahrain,2020-11-29,russell,George Russell,British,Williams,14.0,12,0.0,56,+1 Lap,17.0,1:35.042,False,False,False,2.0
2020,15,Bahrain Grand Prix,Bahrain International Circuit,Bahrain,2020-11-29,vettel,Sebastian Vettel,German,Ferrari,11.0,13,0.0,56,+1 Lap,11.0,1:33.861,False,False,False,-2.0
2020,15,Bahrain Grand Prix,Bahrain International Circuit,Bahrain,2020-11-29,latifi,Nicholas Latifi,Canadian,Williams,20.0,14,0.0,56,+1 Lap,15.0,1:34.591,False,False,False,6.0
2020,15,Bahrain Grand Prix,Bahrain International Circuit,Bahrain,2020-11-29,raikkonen,Kimi Räikkönen,Finnish,Alfa Romeo,17.0,15,0.0,56,+1 Lap,6.0,1:33.573,False,False,False,2.0
2020,15,Bahrain Grand Prix,Bahrain International Circuit,Bahrain,2020-11-29,giovinazzi,Antonio Giovinazzi,Italian,Alfa Romeo,16.0,16,0.0,56,+1 Lap,14.0,1:34.536,False,False,False,0.0
2020,15,Bahrain Grand Prix,Bahrain International Circuit,Bahrain,2020-11-29,kevin_magnussen,Kevin Magnussen,Danish,Haas F1 Team,18.0,17,0.0,56,+1 Lap,18.0,1:35.241,False,False,False,1.0
2020,15,Bahrain Grand Prix,Bahrain International Circuit,Bahrain,2020-11-29,perez,Sergio Pérez,Mexican,Racing Point,5.0,18,0.0,53,Engine,9.0,1:33.629,True,False,False,-13.0
2020,15,Bahrain Grand Prix,Bahrain International Circuit,Bahrain,2020-11-29,stroll,Lance Stroll,Canadian,Racing Point,13.0,19,0.0,2,Collision,,,True,False,False,-6.0
2020,15,Bahrain Grand Prix,Bahrain International Circuit,Bahrain,2020-11-29,grosjean,Romain Grosjean,French,Haas F1 Team,19.0,20,0.0,0,Collision,,,True,False,False,-1.0
2020,16,Sakhir Grand Prix,Bahrain International Circuit,Bahrain,2020-12-06,perez,Sergio Pérez,Mexican,Racing Point,5.0,1,25.0,87,Finished,3.0,56.789,False,True,True,4.0
2020,16,Sakhir Grand Prix,Bahrain International Circuit,Bahrain,2020-12-06,ocon,Esteban Ocon,French,Renault,11.0,2,18.0,87,Finished,12.0,57.350,False,True,False,9.0
2020,16,Sakhir Grand Prix,Bahrain International Circuit,Bahrain,2020-12-06,stroll,Lance Stroll,Canadian,Racing Point,10.0,3,15.0,87,Finished,14.0,57.388,False,True,False,7.0
2020,16,Sakhir Grand Prix,Bahrain International Circuit,Bahrain,2020-12-06,sainz,Carlos Sainz,Spanish,McLaren,8.0,4,12.0,87,Finished,9.0,57.165,False,False,False,4.0
2020,16,Sakhir Grand Prix,Bahrain International Circuit,Bahrain,2020-12-06,ricciardo,Daniel Ricciardo,Australian,Renault,7.0,5,10.0,87,Finished,6.0,56.979,False,False,False,2.0
2020,16,Sakhir Grand Prix,Bahrain International Circuit,Bahrain,2020-12-06,albon,Alexander Albon,Thai,Red Bull,12.0,6,8.0,87,Finished,8.0,57.056,False,False,False,6.0
2020,16,Sakhir Grand Prix,Bahrain International Circuit,Bahrain,2020-12-06,kvyat,Daniil Kvyat,Russian,AlphaTauri,6.0,7,6.0,87,Finished,7.0,57.001,False,False,False,-1.0
2020,16,Sakhir Grand Prix,Bahrain International Circuit,Bahrain,2020-12-06,bottas,Valtteri Bottas,Finnish,Mercedes,1.0,8,4.0,87,Finished,2.0,56.563,False,False,False,-7.0
2020,16,Sakhir Grand Prix,Bahrain International Circuit,Bahrain,2020-12-06,russell,George Russell,British,Mercedes,2.0,9,3.0,87,Finished,1.0,55.404,False,False,False,-7.0
2020,16,Sakhir Grand Prix,Bahrain International Circuit,Bahrain,2020-12-06,norris,Lando Norris,British,McLaren,19.0,10,1.0,87,Finished,11.0,57.270,False,False,False,9.0
2020,16,Sakhir Grand Prix,Bahrain International Circuit,Bahrain,2020-12-06,gasly,Pierre Gasly,French,AlphaTauri,9.0,11,0.0,87,Finished,10.0,57.220,False,False,False,-2.0
2020,16,Sakhir Grand Prix,Bahrain International Circuit,Bahrain,2020-12-06,vettel,Sebastian Vettel,German,Ferrari,13.0,12,0.0,87,Finished,5.0,56.905,False,False,False,1.0
2020,16,Sakhir Grand Prix,Bahrain International Circuit,Bahrain,2020-12-06,giovinazzi,Antonio Giovinazzi,Italian,Alfa Romeo,14.0,13,0.0,87,Finished,4.0,56.887,False,False,False,1.0
2020,16,Sakhir Grand Prix,Bahrain International Circuit,Bahrain,2020-12-06,raikkonen,Kimi Räikkönen,Finnish,Alfa Romeo,18.0,14,0.0,87,Finished,13.0,57.375,False,False,False,4.0
2020,16,Sakhir Grand Prix,Bahrain International Circuit,Bahrain,2020-12-06,kevin_magnussen,Kevin Magnussen,Danish,Haas F1 Team,15.0,15,0.0,87,Finished,16.0,57.516,False,False,False,0.0
2020,16,Sakhir Grand Prix,Bahrain International Circuit,Bahrain,2020-12-06,aitken,Jack Aitken,British,Williams,17.0,16,0.0,87,Finished,15.0,57.392,False,False,False,1.0
2020,16,Sakhir Grand Prix,Bahrain International Circuit,Bahrain,2020-12-06,pietro_fittipaldi,Pietro Fittipaldi,Brazilian,Haas F1 Team,20.0,17,0.0,87,Finished,17.0,57.742,False,False,False,3.0
2020,16,Sakhir Grand Prix,Bahrain International Circuit,Bahrain,2020-12-06,latifi,Nicholas Latifi,Canadian,Williams,16.0,18,0.0,52,Engine,18.0,58.206,True,False,False,-2.0
2020,16,Sakhir Grand Prix,Bahrain International Circuit,Bahrain,2020-12-06,max_verstappen,Max Verstappen,Dutch,Red Bull,3.0,19,0.0,0,Accident,,,True,False,False,-16.0
2020,16,Sakhir Grand Prix,Bahrain International Circuit,Bahrain,2020-12-06,leclerc,Charles Leclerc,Monegasque,Ferrari,4.0,20,0.0,0,Collision,,,True,False,False,-16.0
2020,17,Abu Dhabi Grand Prix,Yas Marina Circuit,UAE,2020-12-13,max_verstappen,Max Verstappen,Dutch,Red Bull,1.0,1,25.0,55,Finished,2.0,1:40.958,False,True,True,0.0
2020,17,Abu Dhabi Grand Prix,Yas Marina Circuit,UAE,2020-12-13,bottas,Valtteri Bottas,Finnish,Mercedes,2.0,2,18.0,55,Finished,3.0,1:41.131,False,True,False,0.0
2020,17,Abu Dhabi Grand Prix,Yas Marina Circuit,UAE,2020-12-13,hamilton,Lewis Hamilton,British,Mercedes,3.0,3,15.0,55,Finished,5.0,1:41.420,False,True,False,0.0
2020,17,Abu Dhabi Grand Prix,Yas Marina Circuit,UAE,2020-12-13,albon,Alexander Albon,Thai,Red Bull,5.0,4,12.0,55,Finished,4.0,1:41.227,False,False,False,1.0
2020,17,Abu Dhabi Grand Prix,Yas Marina Circuit,UAE,2020-12-13,norris,Lando Norris,British,McLaren,4.0,5,10.0,55,Finished,12.0,1:41.964,False,False,False,-1.0
2020,17,Abu Dhabi Grand Prix,Yas Marina Circuit,UAE,2020-12-13,sainz,Carlos Sainz,Spanish,McLaren,6.0,6,8.0,55,Finished,11.0,1:41.947,False,False,False,0.0
2020,17,Abu Dhabi Grand Prix,Yas Marina Circuit,UAE,2020-12-13,ricciardo,Daniel Ricciardo,Australian,Renault,11.0,7,7.0,55,Finished,1.0,1:40.926,False,False,False,4.0
2020,17,Abu Dhabi Grand Prix,Yas Marina Circuit,UAE,2020-12-13,gasly,Pierre Gasly,French,AlphaTauri,9.0,8,4.0,55,Finished,15.0,1:42.474,False,False,False,1.0
2020,17,Abu Dhabi Grand Prix,Yas Marina Circuit,UAE,2020-12-13,ocon,Esteban Ocon,French,Renault,10.0,9,2.0,55,Finished,18.0,1:42.894,False,False,False,1.0
2020,17,Abu Dhabi Grand Prix,Yas Marina Circuit,UAE,2020-12-13,stroll,Lance Stroll,Canadian,Racing Point,8.0,10,1.0,55,Finished,9.0,1:41.866,False,False,False,-2.0
2020,17,Abu Dhabi Grand Prix,Yas Marina Circuit,UAE,2020-12-13,kvyat,Daniil Kvyat,Russian,AlphaTauri,7.0,11,0.0,54,+1 Lap,17.0,1:42.704,False,False,False,-4.0
2020,17,Abu Dhabi Grand Prix,Yas Marina Circuit,UAE,2020-12-13,raikkonen,Kimi Räikkönen,Finnish,Alfa Romeo,15.0,12,0.0,54,+1 Lap,14.0,1:42.148,False,False,False,3.0
2020,17,Abu Dhabi Grand Prix,Yas Marina Circuit,UAE,2020-12-13,leclerc,Charles Leclerc,Monegasque,Ferrari,12.0,13,0.0,54,+1 Lap,10.0,1:41.908,False,False,False,-1.0
2020,17,Abu Dhabi Grand Prix,Yas Marina Circuit,UAE,2020-12-13,vettel,Sebastian Vettel,German,Ferrari,13.0,14,0.0,54,+1 Lap,6.0,1:41.475,False,False,False,-1.0
2020,17,Abu Dhabi Grand Prix,Yas Marina Circuit,UAE,2020-12-13,russell,George Russell,British,Williams,16.0,15,0.0,54,+1 Lap,20.0,1:43.328,False,False,False,1.0
2020,17,Abu Dhabi Grand Prix,Yas Marina Circuit,UAE,2020-12-13,giovinazzi,Antonio Giovinazzi,Italian,Alfa Romeo,14.0,16,0.0,54,+1 Lap,7.0,1:41.675,False,False,False,-2.0
2020,17,Abu Dhabi Grand Prix,Yas Marina Circuit,UAE,2020-12-13,latifi,Nicholas Latifi,Canadian,Williams,18.0,17,0.0,54,+1 Lap,16.0,1:42.497,False,False,False,1.0
2020,17,Abu Dhabi Grand Prix,Yas Marina Circuit,UAE,2020-12-13,kevin_magnussen,Kevin Magnussen,Danish,Haas F1 Team,20.0,18,0.0,54,+1 Lap,13.0,1:41.999,False,False,False,2.0
2020,17,Abu Dhabi Grand Prix,Yas Marina Circuit,UAE,2020-12-13,pietro_fittipaldi,Pietro Fittipaldi,Brazilian,Haas F1 Team,17.0,19,0.0,53,+2 Laps,8.0,1:41.707,False,False,False,-2.0
2020,17,Abu Dhabi Grand Prix,Yas Marina Circuit,UAE,2020-12-13,perez,Sergio Pérez,Mexican,Racing Point,19.0,20,0.0,8,Transmission,19.0,1:43.263,True,False,False,-1.0
2021,1,Bahrain Grand Prix,Bahrain International Circuit,Bahrain,2021-03-28,hamilton,Lewis Hamilton,British,Mercedes,2.0,1,25.0,56,Finished,4.0,1:34.015,False,True,True,1.0
2021,1,Bahrain Grand Prix,Bahrain International Circuit,Bahrain,2021-03-28,max_verstappen,Max Verstappen,Dutch,Red Bull,1.0,2,18.0,56,Finished,2.0,1:33.228,False,True,False,-1.0
2021,1,Bahrain Grand Prix,Bahrain International Circuit,Bahrain,2021-03-28,bottas,Valtteri Bottas,Finnish,Mercedes,3.0,3,16.0,56,Finished,1.0,1:32.090,False,True,False,0.0
2021,1,Bahrain Grand Prix,Bahrain International Circuit,Bahrain,2021-03-28,norris,Lando Norris,British,McLaren,7.0,4,12.0,56,Finished,6.0,1:34.396,False,False,False,3.0
2021,1,Bahrain Grand Prix,Bahrain International Circuit,Bahrain,2021-03-28,perez,Sergio Pérez,Mexican,Red Bull,,5,10.0,56,Finished,3.0,1:33.970,False,False,False,
2021,1,Bahrain Grand Prix,Bahrain International Circuit,Bahrain,2021-03-28,leclerc,Charles Leclerc,Monegasque,Ferrari,4.0,6,8.0,56,Finished,11.0,1:34.988,False,False,False,-2.0
2021,1,Bahrain Grand Prix,Bahrain International Circuit,Bahrain,2021-03-28,ricciardo,Daniel Ricciardo,Australian,McLaren,6.0,7,6.0,56,Finished,10.0,1:34.932,False,False,False,-1.0
2021,1,Bahrain Grand Prix,Bahrain International Circuit,Bahrain,2021-03-28,sainz,Carlos Sainz,Spanish,Ferrari,8.0,8,4.0,56,Finished,7.0,1:34.509,False,False,False,0.0
2021,1,Bahrain Grand Prix,Bahrain International Circuit,Bahrain,2021-03-28,tsunoda,Yuki Tsunoda,Japanese,AlphaTauri,13.0,9,2.0,56,Finished,8.0,1:34.761,False,False,False,4.0
2021,1,Bahrain Grand Prix,Bahrain International Circuit,Bahrain,2021-03-28,stroll,Lance Stroll,Canadian,Aston Martin,10.0,10,1.0,56,Finished,9.0,1:34.865,False,False,False,0.0
2021,1,Bahrain Grand Prix,Bahrain International Circuit,Bahrain,2021-03-28,raikkonen,Kimi Räikkönen,Finnish,Alfa Romeo,14.0,11,0.0,56,Finished,14.0,1:35.192,False,False,False,3.0
2021,1,Bahrain Grand Prix,Bahrain International Circuit,Bahrain,2021-03-28,giovinazzi,Antonio Giovinazzi,Italian,Alfa Romeo,12.0,12,0.0,55,+1 Lap,13.0,1:35.122,False,False,False,0.0
2021,1,Bahrain Grand Prix,Bahrain International Circuit,Bahrain,2021-03-28,ocon,Esteban Ocon,French,Alpine F1 Team,16.0,13,0.0,55,+1 Lap,15.0,1:35.250,False,False,False,3.0
2021,1,Bahrain Grand Prix,Bahrain International Circuit,Bahrain,2021-03-28,russell,George Russell,British,Williams,15.0,14,0.0,55,+1 Lap,12.0,1:35.036,False,False,False,1.0
2021,1,Bahrain Grand Prix,Bahrain International Circuit,Bahrain,2021-03-28,vettel,Sebastian Vettel,German,Aston Martin,20.0,15,0.0,55,+1 Lap,16.0,1:35.566,False,False,False,5.0
2021,1,Bahrain Grand Prix,Bahrain International Circuit,Bahrain,2021-03-28,mick_schumacher,Mick Schumacher,German,Haas F1 Team,18.0,16,0.0,55,+1 Lap,18.0,1:36.134,False,False,False,2.0
2021,1,Bahrain Grand Prix,Bahrain International Circuit,Bahrain,2021-03-28,gasly,Pierre Gasly,French,AlphaTauri,5.0,17,0.0,52,Retired,5.0,1:34.090,True,False,False,-12.0
2021,1,Bahrain Grand Prix,Bahrain International Circuit,Bahrain,2021-03-28,latifi,Nicholas Latifi,Canadian,Williams,17.0,18,0.0,51,Retired,19.0,1:36.602,True,False,False,-1.0
2021,1,Bahrain Grand Prix,Bahrain International Circuit,Bahrain,2021-03-28,alonso,Fernando Alonso,Spanish,Alpine F1 Team,9.0,19,0.0,32,Brakes,17.0,1:36.063,True,False,False,-10.0
2021,1,Bahrain Grand Prix,Bahrain International Circuit,Bahrain,2021-03-28,mazepin,Nikita Mazepin,Russian,Haas F1 Team,19.0,20,0.0,0,Accident,,,True,False,False,-1.0
2021,2,Emilia Romagna Grand Prix,Autodromo Enzo e Dino Ferrari,Italy,2021-04-18,max_verstappen,Max Verstappen,Dutch,Red Bull,3.0,1,25.0,63,Finished,2.0,1:17.524,False,True,True,2.0
2021,2,Emilia Romagna Grand Prix,Autodromo Enzo e Dino Ferrari,Italy,2021-04-18,hamilton,Lewis Hamilton,British,Mercedes,1.0,2,19.0,63,Finished,1.0,1:16.702,False,True,False,-1.0
2021,2,Emilia Romagna Grand Prix,Autodromo Enzo e Dino Ferrari,Italy,2021-04-18,norris,Lando Norris,British,McLaren,7.0,3,15.0,63,Finished,3.0,1:18.259,False,True,False,4.0
2021,2,Emilia Romagna Grand Prix,Autodromo Enzo e Dino Ferrari,Italy,2021-04-18,leclerc,Charles Leclerc,Monegasque,Ferrari,4.0,4,12.0,63,Finished,6.0,1:18.379,False,False,False,0.0
2021,2,Emilia Romagna Grand Prix,Autodromo Enzo e Dino Ferrari,Italy,2021-04-18,sainz,Carlos Sainz,Spanish,Ferrari,11.0,5,10.0,63,Finished,7.0,1:18.490,False,False,False,6.0
2021,2,Emilia Romagna Grand Prix,Autodromo Enzo e Dino Ferrari,Italy,2021-04-18,ricciardo,Daniel Ricciardo,Australian,McLaren,6.0,6,8.0,63,Finished,12.0,1:19.341,False,False,False,0.0
2021,2,Emilia Romagna Grand Prix,Autodromo Enzo e Dino Ferrari,Italy,2021-04-18,gasly,Pierre Gasly,French,AlphaTauri,5.0,7,6.0,63,Finished,9.0,1:18.994,False,False,False,-2.0
2021,2,Emilia Romagna Grand Prix,Autodromo Enzo e Dino Ferrari,Italy,2021-04-18,stroll,Lance Stroll,Canadian,Aston Martin,10.0,8,4.0,63,Finished,8.0,1:18.782,False,False,False,2.0
2021,2,Emilia Romagna Grand Prix,Autodromo Enzo e Dino Ferrari,Italy,2021-04-18,ocon,Esteban Ocon,French,Alpine F1 Team,9.0,9,2.0,63,Finished,15.0,1:19.422,False,False,False,0.0
2021,2,Emilia Romagna Grand Prix,Autodromo Enzo e Dino Ferrari,Italy,2021-04-18,alonso,Fernando Alonso,Spanish,Alpine F1 Team,15.0,10,1.0,63,Finished,14.0,1:19.417,False,False,False,5.0
2021,2,Emilia Romagna Grand Prix,Autodromo Enzo e Dino Ferrari,Italy,2021-04-18,perez,Sergio Pérez,Mexican,Red Bull,2.0,11,0.0,63,Finished,13.0,1:19.396,False,False,False,-9.0
2021,2,Emilia Romagna Grand Prix,Autodromo Enzo e Dino Ferrari,Italy,2021-04-18,tsunoda,Yuki Tsunoda,Japanese,AlphaTauri,20.0,12,0.0,63,Finished,4.0,1:18.334,False,False,False,8.0
2021,2,Emilia Romagna Grand Prix,Autodromo Enzo e Dino Ferrari,Italy,2021-04-18,raikkonen,Kimi Räikkönen,Finnish,Alfa Romeo,16.0,13,0.0,63,Finished,5.0,1:18.353,False,False,False,3.0
2021,2,Emilia Romagna Grand Prix,Autodromo Enzo e Dino Ferrari,Italy,2021-04-18,giovinazzi,Antonio Giovinazzi,Italian,Alfa Romeo,17.0,14,0.0,62,+1 Lap,16.0,1:19.470,False,False,False,3.0
2021,2,Emilia Romagna Grand Prix,Autodromo Enzo e Dino Ferrari,Italy,2021-04-18,vettel,Sebastian Vettel,German,Aston Martin,,15,0.0,61,Gearbox,10.0,1:19.074,True,False,False,
2021,2,Emilia Romagna Grand Prix,Autodromo Enzo e Dino Ferrari,Italy,2021-04-18,mick_schumacher,Mick Schumacher,German,Haas F1 Team,18.0,16,0.0,61,+2 Laps,11.0,1:19.193,False,False,False,2.0
2021,2,Emilia Romagna Grand Prix,Autodromo Enzo e Dino Ferrari,Italy,2021-04-18,mazepin,Nikita Mazepin,Russian,Haas F1 Team,19.0,17,0.0,61,+2 Laps,17.0,1:20.402,False,False,False,2.0
2021,2,Emilia Romagna Grand Prix,Autodromo Enzo e Dino Ferrari,Italy,2021-04-18,bottas,Valtteri Bottas,Finnish,Mercedes,8.0,18,0.0,30,Collision,19.0,1:28.485,True,False,False,-10.0
2021,2,Emilia Romagna Grand Prix,Autodromo Enzo e Dino Ferrari,Italy,2021-04-18,russell,George Russell,British,Williams,12.0,19,0.0,30,Collision,18.0,1:26.543,True,False,False,-7.0
2021,2,Emilia Romagna Grand Prix,Autodromo Enzo e Dino Ferrari,Italy,2021-04-18,latifi,Nicholas Latifi,Canadian,Williams,14.0,20,0.0,0,Collision,,,True,False,False,-6.0
2021,3,Portuguese Grand Prix,Autódromo Internacional do Algarve,Portugal,2021-05-02,hamilton,Lewis Hamilton,British,Mercedes,2.0,1,25.0,66,Finished,4.0,1:20.933,False,True,True,1.0
2021,3,Portuguese Grand Prix,Autódromo Internacional do Algarve,Portugal,2021-05-02,max_verstappen,Max Verstappen,Dutch,Red Bull,3.0,2,18.0,66,Finished,3.0,1:20.695,False,True,False,1.0
2021,3,Portuguese Grand Prix,Autódromo Internacional do Algarve,Portugal,2021-05-02,bottas,Valtteri Bottas,Finnish,Mercedes,1.0,3,16.0,66,Finished,1.0,1:19.865,False,True,False,-2.0
2021,3,Portuguese Grand Prix,Autódromo Internacional do Algarve,Portugal,2021-05-02,perez,Sergio Pérez,Mexican,Red Bull,4.0,4,12.0,66,Finished,2.0,1:20.643,False,False,False,0.0
2021,3,Portuguese Grand Prix,Autódromo Internacional do Algarve,Portugal,2021-05-02,norris,Lando Norris,British,McLaren,7.0,5,10.0,66,Finished,7.0,1:21.696,False,False,False,2.0
2021,3,Portuguese Grand Prix,Autódromo Internacional do Algarve,Portugal,2021-05-02,leclerc,Charles Leclerc,Monegasque,Ferrari,8.0,6,8.0,66,Finished,6.0,1:21.496,False,False,False,2.0
2021,3,Portuguese Grand Prix,Autódromo Internacional do Algarve,Portugal,2021-05-02,ocon,Esteban Ocon,French,Alpine F1 Team,6.0,7,6.0,66,Finished,8.0,1:21.886,False,False,False,-1.0
2021,3,Portuguese Grand Prix,Autódromo Internacional do Algarve,Portugal,2021-05-02,alonso,Fernando Alonso,Spanish,Alpine F1 Team,13.0,8,4.0,66,Finished,5.0,1:21.032,False,False,False,5.0
2021,3,Portuguese Grand Prix,Autódromo Internacional do Algarve,Portugal,2021-05-02,ricciardo,Daniel Ricciardo,Australian,McLaren,16.0,9,2.0,66,Finished,10.0,1:21.987,False,False,False,7.0
2021,3,Portuguese Grand Prix,Autódromo Internacional do Algarve,Portugal,2021-05-02,gasly,Pierre Gasly,French,AlphaTauri,9.0,10,1.0,66,Finished,11.0,1:22.014,False,False,False,-1.0
2021,3,Portuguese Grand Prix,Autódromo Internacional do Algarve,Portugal,2021-05-02,sainz,Carlos Sainz,Spanish,Ferrari,5.0,11,0.0,66,Finished,14.0,1:22.325,False,False,False,-6.0
2021,3,Portuguese Grand Prix,Autódromo Internacional do Algarve,Portugal,2021-05-02,giovinazzi,Antonio Giovinazzi,Italian,Alfa Romeo,12.0,12,0.0,65,+1 Lap,13.0,1:22.167,False,False,False,0.0
2021,3,Portuguese Grand Prix,Autódromo Internacional do Algarve,Portugal,2021-05-02,vettel,Sebastian Vettel,German,Aston Martin,10.0,13,0.0,65,+1 Lap,15.0,1:22.416,False,False,False,-3.0
2021,3,Portuguese Grand Prix,Autódromo Internacional do Algarve,Portugal,2021-05-02,stroll,Lance Stroll,Canadian,Aston Martin,17.0,14,0.0,65,+1 Lap,9.0,1:21.970,False,False,False,3.0
2021,3,Portuguese Grand Prix,Autódromo Internacional do Algarve,Portugal,2021-05-02,tsunoda,Yuki Tsunoda,Japanese,AlphaTauri,14.0,15,0.0,65,+1 Lap,12.0,1:22.058,False,False,False,-1.0
2021,3,Portuguese Grand Prix,Autódromo Internacional do Algarve,Portugal,2021-05-02,russell,George Russell,British,Williams,11.0,16,0.0,65,+1 Lap,16.0,1:22.654,False,False,False,-5.0
2021,3,Portuguese Grand Prix,Autódromo Internacional do Algarve,Portugal,2021-05-02,mick_schumacher,Mick Schumacher,German,Haas F1 Team,19.0,17,0.0,64,+2 Laps,17.0,1:22.755,False,False,False,2.0
2021,3,Portuguese Grand Prix,Autódromo Internacional do Algarve,Portugal,2021-05-02,latifi,Nicholas Latifi,Canadian,Williams,18.0,18,0.0,64,+2 Laps,18.0,1:23.155,False,False,False,0.0
2021,3,Portuguese Grand Prix,Autódromo Internacional do Algarve,Portugal,2021-05-02,mazepin,Nikita Mazepin,Russian,Haas F1 Team,20.0,19,0.0,64,+2 Laps,19.0,1:23.641,False,False,False,1.0
2021,3,Portuguese Grand Prix,Autódromo Internacional do Algarve,Portugal,2021-05-02,raikkonen,Kimi Räikkönen,Finnish,Alfa Romeo,15.0,20,0.0,1,Collision damage,,,True,False,False,-5.0
2021,4,Spanish Grand Prix,Circuit de Barcelona-Catalunya,Spain,2021-05-09,hamilton,Lewis Hamilton,British,Mercedes,1.0,1,25.0,66,Finished,5.0,1:20.665,False,True,True,0.0
2021,4,Spanish Grand Prix,Circuit de Barcelona-Catalunya,Spain,2021-05-09,max_verstappen,Max Verstappen,Dutch,Red Bull,2.0,2,19.0,66,Finished,1.0,1:18.149,False,True,False,0.0
2021,4,Spanish Grand Prix,Circuit de Barcelona-Catalunya,Spain,2021-05-09,bottas,Valtteri Bottas,Finnish,Mercedes,3.0,3,15.0,66,Finished,2.0,1:19.430,False,True,False,0.0
2021,4,Spanish Grand Prix,Circuit de Barcelona-Catalunya,Spain,2021-05-09,leclerc,Charles Leclerc,Monegasque,Ferrari,4.0,4,12.0,66,Finished,4.0,1:20.459,False,False,False,0.0
2021,4,Spanish Grand Prix,Circuit de Barcelona-Catalunya,Spain,2021-05-09,perez,Sergio Pérez,Mexican,Red Bull,8.0,5,10.0,66,Finished,3.0,1:19.483,False,False,False,3.0
2021,4,Spanish Grand Prix,Circuit de Barcelona-Catalunya,Spain,2021-05-09,ricciardo,Daniel Ricciardo,Australian,McLaren,7.0,6,8.0,66,Finished,10.0,1:21.853,False,False,False,1.0
2021,4,Spanish Grand Prix,Circuit de Barcelona-Catalunya,Spain,2021-05-09,sainz,Carlos Sainz,Spanish,Ferrari,6.0,7,6.0,66,Finished,9.0,1:21.568,False,False,False,-1.0
2021,4,Spanish Grand Prix,Circuit de Barcelona-Catalunya,Spain,2021-05-09,norris,Lando Norris,British,McLaren,9.0,8,4.0,65,+1 Lap,7.0,1:21.279,False,False,False,1.0
2021,4,Spanish Grand Prix,Circuit de Barcelona-Catalunya,Spain,2021-05-09,ocon,Esteban Ocon,French,Alpine F1 Team,5.0,9,2.0,65,+1 Lap,18.0,1:23.311,False,False,False,-4.0
2021,4,Spanish Grand Prix,Circuit de Barcelona-Catalunya,Spain,2021-05-09,gasly,Pierre Gasly,French,AlphaTauri,12.0,10,1.0,65,+1 Lap,8.0,1:21.375,False,False,False,2.0
2021,4,Spanish Grand Prix,Circuit de Barcelona-Catalunya,Spain,2021-05-09,stroll,Lance Stroll,Canadian,Aston Martin,11.0,11,0.0,65,+1 Lap,11.0,1:22.607,False,False,False,0.0
2021,4,Spanish Grand Prix,Circuit de Barcelona-Catalunya,Spain,2021-05-09,raikkonen,Kimi Räikkönen,Finnish,Alfa Romeo,17.0,12,0.0,65,+1 Lap,15.0,1:22.868,False,False,False,5.0
2021,4,Spanish Grand Prix,Circuit de Barcelona-Catalunya,Spain,2021-05-09,vettel,Sebastian Vettel,German,Aston Martin,13.0,13,0.0,65,+1 Lap,14.0,1:22.820,False,False,False,0.0
2021,4,Spanish Grand Prix,Circuit de Barcelona-Catalunya,Spain,2021-05-09,russell,George Russell,British,Williams,15.0,14,0.0,65,+1 Lap,17.0,1:23.208,False,False,False,1.0
2021,4,Spanish Grand Prix,Circuit de Barcelona-Catalunya,Spain,2021-05-09,giovinazzi,Antonio Giovinazzi,Italian,Alfa Romeo,14.0,15,0.0,65,+1 Lap,13.0,1:22.802,False,False,False,-1.0
2021,4,Spanish Grand Prix,Circuit de Barcelona-Catalunya,Spain,2021-05-09,latifi,Nicholas Latifi,Canadian,Williams,19.0,16,0.0,65,+1 Lap,16.0,1:22.905,False,False,False,3.0
2021,4,Spanish Grand Prix,Circuit de Barcelona-Catalunya,Spain,2021-05-09,alonso,Fernando Alonso,Spanish,Alpine F1 Team,10.0,17,0.0,65,+1 Lap,6.0,1:21.182,False,False,False,-7.0
2021,4,Spanish Grand Prix,Circuit de Barcelona-Catalunya,Spain,2021-05-09,mick_schumacher,Mick Schumacher,German,Haas F1 Team,18.0,18,0.0,64,+2 Laps,12.0,1:22.637,False,False,False,0.0
2021,4,Spanish Grand Prix,Circuit de Barcelona-Catalunya,Spain,2021-05-09,mazepin,Nikita Mazepin,Russian,Haas F1 Team,20.0,19,0.0,64,+2 Laps,19.0,1:24.040,False,False,False,1.0
2021,4,Spanish Grand Prix,Circuit de Barcelona-Catalunya,Spain,2021-05-09,tsunoda,Yuki Tsunoda,Japanese,AlphaTauri,16.0,20,0.0,6,Electrical,20.0,1:24.825,True,False,False,-4.0
2021,5,Monaco Grand Prix,Circuit de Monaco,Monaco,2021-05-23,max_verstappen,Max Verstappen,Dutch,Red Bull,2.0,1,25.0,78,Finished,6.0,1:14.649,False,True,True,1.0
2021,5,Monaco Grand Prix,Circuit de Monaco,Monaco,2021-05-23,sainz,Carlos Sainz,Spanish,Ferrari,4.0,2,18.0,78,Finished,5.0,1:14.621,False,True,False,2.0
2021,5,Monaco Grand Prix,Circuit de Monaco,Monaco,2021-05-23,norris,Lando Norris,British,McLaren,5.0,3,15.0,78,Finished,7.0,1:14.670,False,True,False,2.0
2021,5,Monaco Grand Prix,Circuit de Monaco,Monaco,2021-05-23,perez,Sergio Pérez,Mexican,Red Bull,9.0,4,12.0,78,Finished,3.0,1:14.552,False,False,False,5.0
2021,5,Monaco Grand Prix,Circuit de Monaco,Monaco,2021-05-23,vettel,Sebastian Vettel,German,Aston Martin,8.0,5,10.0,78,Finished,11.0,1:15.316,False,False,False,3.0
2021,5,Monaco Grand Prix,Circuit de Monaco,Monaco,2021-05-23,gasly,Pierre Gasly,French,AlphaTauri,6.0,6,8.0,78,Finished,14.0,1:15.412,False,False,False,0.0
2021,5,Monaco Grand Prix,Circuit de Monaco,Monaco,2021-05-23,hamilton,Lewis Hamilton,British,Mercedes,7.0,7,7.0,78,Finished,1.0,1:12.909,False,False,False,0.0
2021,5,Monaco Grand Prix,Circuit de Monaco,Monaco,2021-05-23,stroll,Lance Stroll,Canadian,Aston Martin,13.0,8,4.0,77,+1 Lap,8.0,1:14.674,False,False,False,5.0
2021,5,Monaco Grand Prix,Circuit de Monaco,Monaco,2021-05-23,ocon,Esteban Ocon,French,Alpine F1 Team,11.0,9,2.0,77,+1 Lap,12.0,1:15.316,False,False,False,2.0
2021,5,Monaco Grand Prix,Circuit de Monaco,Monaco,2021-05-23,giovinazzi,Antonio Giovinazzi,Italian,Alfa Romeo,10.0,10,1.0,77,+1 Lap,13.0,1:15.331,False,False,False,0.0
2021,5,Monaco Grand Prix,Circuit de Monaco,Monaco,2021-05-23,raikkonen,Kimi Räikkönen,Finnish,Alfa Romeo,14.0,11,0.0,77,+1 Lap,9.0,1:14.971,False,False,False,3.0
2021,5,Monaco Grand Prix,Circuit de Monaco,Monaco,2021-05-23,ricciardo,Daniel Ricciardo,Australian,McLaren,12.0,12,0.0,77,+1 Lap,4.0,1:14.578,False,False,False,0.0
2021,5,Monaco Grand Prix,Circuit de Monaco,Monaco,2021-05-23,alonso,Fernando Alonso,Spanish,Alpine F1 Team,17.0,13,0.0,77,+1 Lap,10.0,1:15.026,False,False,False,4.0
2021,5,Monaco Grand Prix,Circuit de Monaco,Monaco,2021-05-23,russell,George Russell,British,Williams,15.0,14,0.0,77,+1 Lap,15.0,1:15.539,False,False,False,1.0
2021,5,Monaco Grand Prix,Circuit de Monaco,Monaco,2021-05-23,latifi,Nicholas Latifi,Canadian,Williams,18.0,15,0.0,77,+1 Lap,16.0,1:15.573,False,False,False,3.0
2021,5,Monaco Grand Prix,Circuit de Monaco,Monaco,2021-05-23,tsunoda,Yuki Tsunoda,Japanese,AlphaTauri,16.0,16,0.0,77,+1 Lap,2.0,1:14.037,False,False,False,0.0
2021,5,Monaco Grand Prix,Circuit de Monaco,Monaco,2021-05-23,mazepin,Nikita Mazepin,Russian,Haas F1 Team,19.0,17,0.0,75,+3 Laps,19.0,1:16.866,False,False,False,2.0
2021,5,Monaco Grand Prix,Circuit de Monaco,Monaco,2021-05-23,mick_schumacher,Mick Schumacher,German,Haas F1 Team,20.0,18,0.0,75,+3 Laps,18.0,1:16.425,False,False,False,2.0
2021,5,Monaco Grand Prix,Circuit de Monaco,Monaco,2021-05-23,bottas,Valtteri Bottas,Finnish,Mercedes,3.0,19,0.0,29,Wheel nut,17.0,1:15.706,True,False,False,-16.0
2021,5,Monaco Grand Prix,Circuit de Monaco,Monaco,2021-05-23,leclerc,Charles Leclerc,Monegasque,Ferrari,1.0,20,0.0,0,Driveshaft,,,True,False,False,-19.0
2021,6,Azerbaijan Grand Prix,Baku City Circuit,Azerbaijan,2021-06-06,perez,Sergio Pérez,Mexican,Red Bull,6.0,1,25.0,51,Finished,2.0,1:44.687,False,True,True,5.0
2021,6,Azerbaijan Grand Prix,Baku City Circuit,Azerbaijan,2021-06-06,vettel,Sebastian Vettel,German,Aston Martin,11.0,2,18.0,51,Finished,4.0,1:44.890,False,True,False,9.0
2021,6,Azerbaijan Grand Prix,Baku City Circuit,Azerbaijan,2021-06-06,gasly,Pierre Gasly,French,AlphaTauri,4.0,3,15.0,51,Finished,6.0,1:45.220,False,True,False,1.0
2021,6,Azerbaijan Grand Prix,Baku City Circuit,Azerbaijan,2021-06-06,leclerc,Charles Leclerc,Monegasque,Ferrari,1.0,4,12.0,51,Finished,8.0,1:45.382,False,False,False,-3.0
2021,6,Azerbaijan Grand Prix,Baku City Circuit,Azerbaijan,2021-06-06,norris,Lando Norris,British,McLaren,9.0,5,10.0,51,Finished,7.0,1:45.326,False,False,False,4.0
2021,6,Azerbaijan Grand Prix,Baku City Circuit,Azerbaijan,2021-06-06,alonso,Fernando Alonso,Spanish,Alpine F1 Team,8.0,6,8.0,51,Finished,11.0,1:45.624,False,False,False,2.0
2021,6,Azerbaijan Grand Prix,Baku City Circuit,Azerbaijan,2021-06-06,tsunoda,Yuki Tsunoda,Japanese,AlphaTauri,7.0,7,6.0,51,Finished,5.0,1:44.939,False,False,False,0.0
2021,6,Azerbaijan Grand Prix,Baku City Circuit,Azerbaijan,2021-06-06,sainz,Carlos Sainz,Spanish,Ferrari,5.0,8,4.0,51,Finished,13.0,1:45.700,False,False,False,-3.0
2021,6,Azerbaijan Grand Prix,Baku City Circuit,Azerbaijan,2021-06-06,ricciardo,Daniel Ricciardo,Australian,McLaren,13.0,9,2.0,51,Finished,14.0,1:45.713,False,False,False,4.0
2021,6,Azerbaijan Grand Prix,Baku City Circuit,Azerbaijan,2021-06-06,raikkonen,Kimi Räikkönen,Finnish,Alfa Romeo,14.0,10,1.0,51,Finished,10.0,1:45.601,False,False,False,4.0
2021,6,Azerbaijan Grand Prix,Baku City Circuit,Azerbaijan,2021-06-06,giovinazzi,Antonio Giovinazzi,Italian,Alfa Romeo,20.0,11,0.0,51,Finished,9.0,1:45.575,False,False,False,9.0
2021,6,Azerbaijan Grand Prix,Baku City Circuit,Azerbaijan,2021-06-06,bottas,Valtteri Bottas,Finnish,Mercedes,10.0,12,0.0,51,Finished,12.0,1:45.665,False,False,False,-2.0
2021,6,Azerbaijan Grand Prix,Baku City Circuit,Azerbaijan,2021-06-06,mick_schumacher,Mick Schumacher,German,Haas F1 Team,17.0,13,0.0,51,Finished,18.0,1:47.624,False,False,False,4.0
2021,6,Azerbaijan Grand Prix,Baku City Circuit,Azerbaijan,2021-06-06,mazepin,Nikita Mazepin,Russian,Haas F1 Team,18.0,14,0.0,51,Finished,19.0,1:47.747,False,False,False,4.0
2021,6,Azerbaijan Grand Prix,Baku City Circuit,Azerbaijan,2021-06-06,hamilton,Lewis Hamilton,British,Mercedes,2.0,15,0.0,51,Finished,3.0,1:44.769,False,False,False,-13.0
2021,6,Azerbaijan Grand Prix,Baku City Circuit,Azerbaijan,2021-06-06,latifi,Nicholas Latifi,Canadian,Williams,16.0,16,0.0,51,Finished,17.0,1:46.608,False,False,False,0.0
2021,6,Azerbaijan Grand Prix,Baku City Circuit,Azerbaijan,2021-06-06,russell,George Russell,British,Williams,15.0,17,0.0,48,Gearbox,15.0,1:45.959,True,False,False,-2.0
2021,6,Azerbaijan Grand Prix,Baku City Circuit,Azerbaijan,2021-06-06,max_verstappen,Max Verstappen,Dutch,Red Bull,3.0,18,0.0,45,Accident,1.0,1:44.481,True,False,False,-15.0
2021,6,Azerbaijan Grand Prix,Baku City Circuit,Azerbaijan,2021-06-06,stroll,Lance Stroll,Canadian,Aston Martin,19.0,19,0.0,29,Accident,16.0,1:46.207,True,False,False,0.0
2021,6,Azerbaijan Grand Prix,Baku City Circuit,Azerbaijan,2021-06-06,ocon,Esteban Ocon,French,Alpine F1 Team,12.0,20,0.0,3,Turbo,20.0,1:50.850,True,False,False,-8.0
2021,7,French Grand Prix,Circuit Paul Ricard,France,2021-06-20,max_verstappen,Max Verstappen,Dutch,Red Bull,1.0,1,26.0,53,Finished,1.0,1:36.404,False,True,True,0.0
2021,7,French Grand Prix,Circuit Paul Ricard,France,2021-06-20,hamilton,Lewis Hamilton,British,Mercedes,2.0,2,18.0,53,Finished,5.0,1:37.410,False,True,False,0.0
2021,7,French Grand Prix,Circuit Paul Ricard,France,2021-06-20,perez,Sergio Pérez,Mexican,Red Bull,4.0,3,15.0,53,Finished,2.0,1:36.693,False,True,False,1.0
2021,7,French Grand Prix,Circuit Paul Ricard,France,2021-06-20,bottas,Valtteri Bottas,Finnish,Mercedes,3.0,4,12.0,53,Finished,3.0,1:36.960,False,False,False,-1.0
2021,7,French Grand Prix,Circuit Paul Ricard,France,2021-06-20,norris,Lando Norris,British,McLaren,8.0,5,10.0,53,Finished,6.0,1:37.425,False,False,False,3.0
2021,7,French Grand Prix,Circuit Paul Ricard,France,2021-06-20,ricciardo,Daniel Ricciardo,Australian,McLaren,10.0,6,8.0,53,Finished,14.0,1:38.324,False,False,False,4.0
2021,7,French Grand Prix,Circuit Paul Ricard,France,2021-06-20,gasly,Pierre Gasly,French,AlphaTauri,6.0,7,6.0,53,Finished,11.0,1:38.103,False,False,False,-1.0
2021,7,French Grand Prix,Circuit Paul Ricard,France,2021-06-20,alonso,Fernando Alonso,Spanish,Alpine F1 Team,9.0,8,4.0,53,Finished,7.0,1:37.646,False,False,False,1.0
2021,7,French Grand Prix,Circuit Paul Ricard,France,2021-06-20,vettel,Sebastian Vettel,German,Aston Martin,12.0,9,2.0,53,Finished,4.0,1:37.138,False,False,False,3.0
2021,7,French Grand Prix,Circuit Paul Ricard,France,2021-06-20,stroll,Lance Stroll,Canadian,Aston Martin,19.0,10,1.0,53,Finished,9.0,1:37.828,False,False,False,9.0
2021,7,French Grand Prix,Circuit Paul Ricard,France,2021-06-20,sainz,Carlos Sainz,Spanish,Ferrari,5.0,11,0.0,53,Finished,18.0,1:38.931,False,False,False,-6.0
2021,7,French Grand Prix,Circuit Paul Ricard,France,2021-06-20,russell,George Russell,British,Williams,14.0,12,0.0,52,+1 Lap,13.0,1:38.314,False,False,False,2.0
2021,7,French Grand Prix,Circuit Paul Ricard,France,2021-06-20,tsunoda,Yuki Tsunoda,Japanese,AlphaTauri,,13,0.0,52,+1 Lap,19.0,1:38.980,False,False,False,
2021,7,French Grand Prix,Circuit Paul Ricard,France,2021-06-20,ocon,Esteban Ocon,French,Alpine F1 Team,11.0,14,0.0,52,+1 Lap,15.0,1:38.645,False,False,False,-3.0
2021,7,French Grand Prix,Circuit Paul Ricard,France,2021-06-20,giovinazzi,Antonio Giovinazzi,Italian,Alfa Romeo,13.0,15,0.0,52,+1 Lap,16.0,1:38.702,False,False,False,-2.0
2021,7,French Grand Prix,Circuit Paul Ricard,France,2021-06-20,leclerc,Charles Leclerc,Monegasque,Ferrari,7.0,16,0.0,52,+1 Lap,8.0,1:37.681,False,False,False,-9.0
2021,7,French Grand Prix,Circuit Paul Ricard,France,2021-06-20,raikkonen,Kimi Räikkönen,Finnish,Alfa Romeo,17.0,17,0.0,52,+1 Lap,10.0,1:37.992,False,False,False,0.0
2021,7,French Grand Prix,Circuit Paul Ricard,France,2021-06-20,latifi,Nicholas Latifi,Canadian,Williams,16.0,18,0.0,52,+1 Lap,12.0,1:38.313,False,False,False,-2.0
2021,7,French Grand Prix,Circuit Paul Ricard,France,2021-06-20,mick_schumacher,Mick Schumacher,German,Haas F1 Team,15.0,19,0.0,52,+1 Lap,17.0,1:38.847,False,False,False,-4.0
2021,7,French Grand Prix,Circuit Paul Ricard,France,2021-06-20,mazepin,Nikita Mazepin,Russian,Haas F1 Team,18.0,20,0.0,52,+1 Lap,20.0,1:39.317,False,False,False,-2.0
2021,8,Styrian Grand Prix,Red Bull Ring,Austria,2021-06-27,max_verstappen,Max Verstappen,Dutch,Red Bull,1.0,1,25.0,71,Finished,3.0,1:08.017,False,True,True,0.0
2021,8,Styrian Grand Prix,Red Bull Ring,Austria,2021-06-27,hamilton,Lewis Hamilton,British,Mercedes,2.0,2,19.0,71,Finished,1.0,1:07.058,False,True,False,0.0
2021,8,Styrian Grand Prix,Red Bull Ring,Austria,2021-06-27,bottas,Valtteri Bottas,Finnish,Mercedes,5.0,3,15.0,71,Finished,5.0,1:08.619,False,True,False,2.0
2021,8,Styrian Grand Prix,Red Bull Ring,Austria,2021-06-27,perez,Sergio Pérez,Mexican,Red Bull,4.0,4,12.0,71,Finished,2.0,1:07.894,False,False,False,0.0
2021,8,Styrian Grand Prix,Red Bull Ring,Austria,2021-06-27,norris,Lando Norris,British,McLaren,3.0,5,10.0,70,+1 Lap,7.0,1:08.903,False,False,False,-2.0
2021,8,Styrian Grand Prix,Red Bull Ring,Austria,2021-06-27,sainz,Carlos Sainz,Spanish,Ferrari,12.0,6,8.0,70,+1 Lap,4.0,1:08.609,False,False,False,6.0
2021,8,Styrian Grand Prix,Red Bull Ring,Austria,2021-06-27,leclerc,Charles Leclerc,Monegasque,Ferrari,7.0,7,6.0,70,+1 Lap,6.0,1:08.738,False,False,False,0.0
2021,8,Styrian Grand Prix,Red Bull Ring,Austria,2021-06-27,stroll,Lance Stroll,Canadian,Aston Martin,9.0,8,4.0,70,+1 Lap,14.0,1:09.787,False,False,False,1.0
2021,8,Styrian Grand Prix,Red Bull Ring,Austria,2021-06-27,alonso,Fernando Alonso,Spanish,Alpine F1 Team,8.0,9,2.0,70,+1 Lap,13.0,1:09.749,False,False,False,-1.0
2021,8,Styrian Grand Prix,Red Bull Ring,Austria,2021-06-27,tsunoda,Yuki Tsunoda,Japanese,AlphaTauri,11.0,10,1.0,70,+1 Lap,11.0,1:09.650,False,False,False,1.0
2021,8,Styrian Grand Prix,Red Bull Ring,Austria,2021-06-27,raikkonen,Kimi Räikkönen,Finnish,Alfa Romeo,18.0,11,0.0,70,+1 Lap,8.0,1:09.128,False,False,False,7.0
2021,8,Styrian Grand Prix,Red Bull Ring,Austria,2021-06-27,vettel,Sebastian Vettel,German,Aston Martin,14.0,12,0.0,70,+1 Lap,15.0,1:09.821,False,False,False,2.0
2021,8,Styrian Grand Prix,Red Bull Ring,Austria,2021-06-27,ricciardo,Daniel Ricciardo,Australian,McLaren,13.0,13,0.0,70,+1 Lap,9.0,1:09.305,False,False,False,0.0
2021,8,Styrian Grand Prix,Red Bull Ring,Austria,2021-06-27,ocon,Esteban Ocon,French,Alpine F1 Team,17.0,14,0.0,70,+1 Lap,10.0,1:09.576,False,False,False,3.0
2021,8,Styrian Grand Prix,Red Bull Ring,Austria,2021-06-27,giovinazzi,Antonio Giovinazzi,Italian,Alfa Romeo,15.0,15,0.0,70,+1 Lap,12.0,1:09.723,False,False,False,0.0
2021,8,Styrian Grand Prix,Red Bull Ring,Austria,2021-06-27,mick_schumacher,Mick Schumacher,German,Haas F1 Team,19.0,16,0.0,69,+2 Laps,16.0,1:10.005,False,False,False,3.0
2021,8,Styrian Grand Prix,Red Bull Ring,Austria,2021-06-27,latifi,Nicholas Latifi,Canadian,Williams,16.0,17,0.0,68,+3 Laps,17.0,1:10.104,False,False,False,-1.0
2021,8,Styrian Grand Prix,Red Bull Ring,Austria,2021-06-27,mazepin,Nikita Mazepin,Russian,Haas F1 Team,20.0,18,0.0,68,+3 Laps,19.0,1:10.951,False,False,False,2.0
2021,8,Styrian Grand Prix,Red Bull Ring,Austria,2021-06-27,russell,George Russell,British,Williams,10.0,19,0.0,36,Engine,18.0,1:10.499,True,False,False,-9.0
2021,8,Styrian Grand Prix,Red Bull Ring,Austria,2021-06-27,gasly,Pierre Gasly,French,AlphaTauri,6.0,20,0.0,1,Collision,,,True,False,False,-14.0
2021,9,Austrian Grand Prix,Red Bull Ring,Austria,2021-07-04,max_verstappen,Max Verstappen,Dutch,Red Bull,1.0,1,26.0,71,Finished,1.0,1:06.200,False,True,True,0.0
2021,9,Austrian Grand Prix,Red Bull Ring,Austria,2021-07-04,bottas,Valtteri Bottas,Finnish,Mercedes,5.0,2,18.0,71,Finished,6.0,1:08.374,False,True,False,3.0
2021,9,Austrian Grand Prix,Red Bull Ring,Austria,2021-07-04,norris,Lando Norris,British,McLaren,2.0,3,15.0,71,Finished,10.0,1:08.471,False,True,False,-1.0
2021,9,Austrian Grand Prix,Red Bull Ring,Austria,2021-07-04,hamilton,Lewis Hamilton,British,Mercedes,4.0,4,12.0,71,Finished,3.0,1:08.126,False,False,False,0.0
2021,9,Austrian Grand Prix,Red Bull Ring,Austria,2021-07-04,sainz,Carlos Sainz,Spanish,Ferrari,10.0,5,10.0,71,Finished,2.0,1:07.762,False,False,False,5.0
2021,9,Austrian Grand Prix,Red Bull Ring,Austria,2021-07-04,perez,Sergio Pérez,Mexican,Red Bull,3.0,6,8.0,71,Finished,5.0,1:08.192,False,False,False,-3.0
2021,9,Austrian Grand Prix,Red Bull Ring,Austria,2021-07-04,ricciardo,Daniel Ricciardo,Australian,McLaren,13.0,7,6.0,71,Finished,14.0,1:08.820,False,False,False,6.0
2021,9,Austrian Grand Prix,Red Bull Ring,Austria,2021-07-04,leclerc,Charles Leclerc,Monegasque,Ferrari,12.0,8,4.0,71,Finished,13.0,1:08.698,False,False,False,4.0
2021,9,Austrian Grand Prix,Red Bull Ring,Austria,2021-07-04,gasly,Pierre Gasly,French,AlphaTauri,6.0,9,2.0,71,Finished,4.0,1:08.146,False,False,False,-3.0
2021,9,Austrian Grand Prix,Red Bull Ring,Austria,2021-07-04,alonso,Fernando Alonso,Spanish,Alpine F1 Team,14.0,10,1.0,70,+1 Lap,7.0,1:08.405,False,False,False,4.0
2021,9,Austrian Grand Prix,Red Bull Ring,Austria,2021-07-04,russell,George Russell,British,Williams,8.0,11,0.0,70,+1 Lap,16.0,1:08.900,False,False,False,-3.0
2021,9,Austrian Grand Prix,Red Bull Ring,Austria,2021-07-04,tsunoda,Yuki Tsunoda,Japanese,AlphaTauri,7.0,12,0.0,70,+1 Lap,9.0,1:08.455,False,False,False,-5.0
2021,9,Austrian Grand Prix,Red Bull Ring,Austria,2021-07-04,stroll,Lance Stroll,Canadian,Aston Martin,9.0,13,0.0,70,+1 Lap,12.0,1:08.659,False,False,False,-4.0
2021,9,Austrian Grand Prix,Red Bull Ring,Austria,2021-07-04,giovinazzi,Antonio Giovinazzi,Italian,Alfa Romeo,15.0,14,0.0,70,+1 Lap,17.0,1:09.042,False,False,False,1.0
2021,9,Austrian Grand Prix,Red Bull Ring,Austria,2021-07-04,raikkonen,Kimi Räikkönen,Finnish,Alfa Romeo,16.0,15,0.0,70,+1 Lap,15.0,1:08.874,False,False,False,1.0
2021,9,Austrian Grand Prix,Red Bull Ring,Austria,2021-07-04,latifi,Nicholas Latifi,Canadian,Williams,18.0,16,0.0,70,+1 Lap,11.0,1:08.520,False,False,False,2.0
2021,9,Austrian Grand Prix,Red Bull Ring,Austria,2021-07-04,vettel,Sebastian Vettel,German,Aston Martin,11.0,17,0.0,69,Collision,8.0,1:08.420,True,False,False,-6.0
2021,9,Austrian Grand Prix,Red Bull Ring,Austria,2021-07-04,mick_schumacher,Mick Schumacher,German,Haas F1 Team,19.0,18,0.0,69,+2 Laps,18.0,1:09.394,False,False,False,1.0
2021,9,Austrian Grand Prix,Red Bull Ring,Austria,2021-07-04,mazepin,Nikita Mazepin,Russian,Haas F1 Team,20.0,19,0.0,69,+2 Laps,19.0,1:09.757,False,False,False,1.0
2021,9,Austrian Grand Prix,Red Bull Ring,Austria,2021-07-04,ocon,Esteban Ocon,French,Alpine F1 Team,17.0,20,0.0,0,Collision,,,True,False,False,-3.0
2021,10,British Grand Prix,Silverstone Circuit,UK,2021-07-18,hamilton,Lewis Hamilton,British,Mercedes,2.0,1,25.0,52,Finished,2.0,1:29.699,False,True,True,1.0
2021,10,British Grand Prix,Silverstone Circuit,UK,2021-07-18,leclerc,Charles Leclerc,Monegasque,Ferrari,4.0,2,18.0,52,Finished,5.0,1:30.569,False,True,False,2.0
2021,10,British Grand Prix,Silverstone Circuit,UK,2021-07-18,bottas,Valtteri Bottas,Finnish,Mercedes,3.0,3,15.0,52,Finished,4.0,1:30.524,False,True,False,0.0
2021,10,British Grand Prix,Silverstone Circuit,UK,2021-07-18,norris,Lando Norris,British,McLaren,5.0,4,12.0,52,Finished,9.0,1:31.420,False,False,False,1.0
2021,10,British Grand Prix,Silverstone Circuit,UK,2021-07-18,ricciardo,Daniel Ricciardo,Australian,McLaren,6.0,5,10.0,52,Finished,8.0,1:31.284,False,False,False,1.0
2021,10,British Grand Prix,Silverstone Circuit,UK,2021-07-18,sainz,Carlos Sainz,Spanish,Ferrari,10.0,6,8.0,52,Finished,7.0,1:31.223,False,False,False,4.0
2021,10,British Grand Prix,Silverstone Circuit,UK,2021-07-18,alonso,Fernando Alonso,Spanish,Alpine F1 Team,7.0,7,6.0,52,Finished,10.0,1:31.698,False,False,False,0.0
2021,10,British Grand Prix,Silverstone Circuit,UK,2021-07-18,stroll,Lance Stroll,Canadian,Aston Martin,14.0,8,4.0,52,Finished,12.0,1:31.992,False,False,False,6.0
2021,10,British Grand Prix,Silverstone Circuit,UK,2021-07-18,ocon,Esteban Ocon,French,Alpine F1 Team,9.0,9,2.0,52,Finished,14.0,1:32.210,False,False,False,0.0
2021,10,British Grand Prix,Silverstone Circuit,UK,2021-07-18,tsunoda,Yuki Tsunoda,Japanese,AlphaTauri,16.0,10,1.0,52,Finished,6.0,1:30.826,False,False,False,6.0
2021,10,British Grand Prix,Silverstone Circuit,UK,2021-07-18,gasly,Pierre Gasly,French,AlphaTauri,11.0,11,0.0,52,Finished,3.0,1:30.266,False,False,False,0.0
2021,10,British Grand Prix,Silverstone Circuit,UK,2021-07-18,russell,George Russell,British,Williams,12.0,12,0.0,51,+1 Lap,13.0,1:32.049,False,False,False,0.0
2021,10,British Grand Prix,Silverstone Circuit,UK,2021-07-18,giovinazzi,Antonio Giovinazzi,Italian,Alfa Romeo,15.0,13,0.0,51,+1 Lap,15.0,1:32.346,False,False,False,2.0
2021,10,British Grand Prix,Silverstone Circuit,UK,2021-07-18,latifi,Nicholas Latifi,Canadian,Williams,17.0,14,0.0,51,+1 Lap,16.0,1:32.477,False,False,False,3.0
2021,10,British Grand Prix,Silverstone Circuit,UK,2021-07-18,raikkonen,Kimi Räikkönen,Finnish,Alfa Romeo,13.0,15,0.0,51,+1 Lap,11.0,1:31.895,False,False,False,-2.0
2021,10,British Grand Prix,Silverstone Circuit,UK,2021-07-18,perez,Sergio Pérez,Mexican,Red Bull,,16,0.0,51,+1 Lap,1.0,1:28.617,False,False,False,
2021,10,British Grand Prix,Silverstone Circuit,UK,2021-07-18,mazepin,Nikita Mazepin,Russian,Haas F1 Team,19.0,17,0.0,51,+1 Lap,18.0,1:32.909,False,False,False,2.0
2021,10,British Grand Prix,Silverstone Circuit,UK,2021-07-18,mick_schumacher,Mick Schumacher,German,Haas F1 Team,18.0,18,0.0,51,+1 Lap,17.0,1:32.862,False,False,False,0.0
2021,10,British Grand Prix,Silverstone Circuit,UK,2021-07-18,vettel,Sebastian Vettel,German,Aston Martin,8.0,19,0.0,40,Retired,19.0,1:33.059,True,False,False,-11.0
2021,10,British Grand Prix,Silverstone Circuit,UK,2021-07-18,max_verstappen,Max Verstappen,Dutch,Red Bull,1.0,20,0.0,0,Collision,,,True,False,False,-19.0
2021,11,Hungarian Grand Prix,Hungaroring,Hungary,2021-08-01,ocon,Esteban Ocon,French,Alpine F1 Team,8.0,1,25.0,70,Finished,5.0,1:21.421,False,True,True,7.0
2021,11,Hungarian Grand Prix,Hungaroring,Hungary,2021-08-01,hamilton,Lewis Hamilton,British,Mercedes,1.0,2,18.0,70,Finished,2.0,1:18.715,False,True,False,-1.0
2021,11,Hungarian Grand Prix,Hungaroring,Hungary,2021-08-01,sainz,Carlos Sainz,Spanish,Ferrari,15.0,3,15.0,70,Finished,6.0,1:21.423,False,True,False,12.0
2021,11,Hungarian Grand Prix,Hungaroring,Hungary,2021-08-01,alonso,Fernando Alonso,Spanish,Alpine F1 Team,9.0,4,12.0,70,Finished,3.0,1:20.359,False,False,False,5.0
2021,11,Hungarian Grand Prix,Hungaroring,Hungary,2021-08-01,gasly,Pierre Gasly,French,AlphaTauri,5.0,5,11.0,70,Finished,1.0,1:18.394,False,False,False,0.0
2021,11,Hungarian Grand Prix,Hungaroring,Hungary,2021-08-01,tsunoda,Yuki Tsunoda,Japanese,AlphaTauri,16.0,6,8.0,70,Finished,10.0,1:22.450,False,False,False,10.0
2021,11,Hungarian Grand Prix,Hungaroring,Hungary,2021-08-01,latifi,Nicholas Latifi,Canadian,Williams,18.0,7,6.0,70,Finished,14.0,1:22.831,False,False,False,11.0
2021,11,Hungarian Grand Prix,Hungaroring,Hungary,2021-08-01,russell,George Russell,British,Williams,17.0,8,4.0,70,Finished,9.0,1:22.112,False,False,False,9.0
2021,11,Hungarian Grand Prix,Hungaroring,Hungary,2021-08-01,max_verstappen,Max Verstappen,Dutch,Red Bull,3.0,9,2.0,70,Finished,4.0,1:20.945,False,False,False,-6.0
2021,11,Hungarian Grand Prix,Hungaroring,Hungary,2021-08-01,raikkonen,Kimi Räikkönen,Finnish,Alfa Romeo,13.0,10,1.0,69,+1 Lap,8.0,1:21.518,False,False,False,3.0
2021,11,Hungarian Grand Prix,Hungaroring,Hungary,2021-08-01,ricciardo,Daniel Ricciardo,Australian,McLaren,11.0,11,0.0,69,+1 Lap,13.0,1:22.802,False,False,False,0.0
2021,11,Hungarian Grand Prix,Hungaroring,Hungary,2021-08-01,mick_schumacher,Mick Schumacher,German,Haas F1 Team,20.0,12,0.0,69,+1 Lap,11.0,1:22.711,False,False,False,8.0
2021,11,Hungarian Grand Prix,Hungaroring,Hungary,2021-08-01,giovinazzi,Antonio Giovinazzi,Italian,Alfa Romeo,,13,0.0,69,+1 Lap,12.0,1:22.736,False,False,False,
2021,11,Hungarian Grand Prix,Hungaroring,Hungary,2021-08-01,mazepin,Nikita Mazepin,Russian,Haas F1 Team,19.0,14,0.0,3,Collision,,,True,False,False,5.0
2021,11,Hungarian Grand Prix,Hungaroring,Hungary,2021-08-01,norris,Lando Norris,British,McLaren,6.0,15,0.0,2,Collision,,,True,False,False,-9.0
2021,11,Hungarian Grand Prix,Hungaroring,Hungary,2021-08-01,bottas,Valtteri Bottas,Finnish,Mercedes,2.0,16,0.0,0,Collision,,,True,False,False,-14.0
2021,11,Hungarian Grand Prix,Hungaroring,Hungary,2021-08-01,perez,Sergio Pérez,Mexican,Red Bull,4.0,17,0.0,0,Collision,,,True,False,False,-13.0
2021,11,Hungarian Grand Prix,Hungaroring,Hungary,2021-08-01,leclerc,Charles Leclerc,Monegasque,Ferrari,7.0,18,0.0,0,Collision,,,True,False,False,-11.0
2021,11,Hungarian Grand Prix,Hungaroring,Hungary,2021-08-01,stroll,Lance Stroll,Canadian,Aston Martin,12.0,19,0.0,0,Collision,,,True,False,False,-7.0
2021,11,Hungarian Grand Prix,Hungaroring,Hungary,2021-08-01,vettel,Sebastian Vettel,German,Aston Martin,10.0,20,0.0,70,Disqualified,7.0,1:21.459,True,False,False,-10.0
2021,12,Belgian Grand Prix,Circuit de Spa-Francorchamps,Belgium,2021-08-29,max_verstappen,Max Verstappen,Dutch,Red Bull,1.0,1,12.5,1,Finished,,,False,True,True,0.0
2021,12,Belgian Grand Prix,Circuit de Spa-Francorchamps,Belgium,2021-08-29,russell,George Russell,British,Williams,2.0,2,9.0,1,Finished,,,False,True,False,0.0
2021,12,Belgian Grand Prix,Circuit de Spa-Francorchamps,Belgium,2021-08-29,hamilton,Lewis Hamilton,British,Mercedes,3.0,3,7.5,1,Finished,,,False,True,False,0.0
2021,12,Belgian Grand Prix,Circuit de Spa-Francorchamps,Belgium,2021-08-29,ricciardo,Daniel Ricciardo,Australian,McLaren,4.0,4,6.0,1,Finished,,,False,False,False,0.0
2021,12,Belgian Grand Prix,Circuit de Spa-Francorchamps,Belgium,2021-08-29,vettel,Sebastian Vettel,German,Aston Martin,5.0,5,5.0,1,Finished,,,False,False,False,0.0
2021,12,Belgian Grand Prix,Circuit de Spa-Francorchamps,Belgium,2021-08-29,gasly,Pierre Gasly,French,AlphaTauri,6.0,6,4.0,1,Finished,,,False,False,False,0.0
2021,12,Belgian Grand Prix,Circuit de Spa-Francorchamps,Belgium,2021-08-29,ocon,Esteban Ocon,French,Alpine F1 Team,8.0,7,3.0,1,Finished,,,False,False,False,1.0
2021,12,Belgian Grand Prix,Circuit de Spa-Francorchamps,Belgium,2021-08-29,leclerc,Charles Leclerc,Monegasque,Ferrari,9.0,8,2.0,1,Finished,,,False,False,False,1.0
2021,12,Belgian Grand Prix,Circuit de Spa-Francorchamps,Belgium,2021-08-29,latifi,Nicholas Latifi,Canadian,Williams,10.0,9,1.0,1,Finished,,,False,False,False,1.0
2021,12,Belgian Grand Prix,Circuit de Spa-Francorchamps,Belgium,2021-08-29,sainz,Carlos Sainz,Spanish,Ferrari,11.0,10,0.5,1,Finished,,,False,False,False,1.0
2021,12,Belgian Grand Prix,Circuit de Spa-Francorchamps,Belgium,2021-08-29,alonso,Fernando Alonso,Spanish,Alpine F1 Team,12.0,11,0.0,1,Finished,,,False,False,False,1.0
2021,12,Belgian Grand Prix,Circuit de Spa-Francorchamps,Belgium,2021-08-29,bottas,Valtteri Bottas,Finnish,Mercedes,13.0,12,0.0,1,Finished,,,False,False,False,1.0
2021,12,Belgian Grand Prix,Circuit de Spa-Francorchamps,Belgium,2021-08-29,giovinazzi,Antonio Giovinazzi,Italian,Alfa Romeo,14.0,13,0.0,1,Finished,,,False,False,False,1.0
2021,12,Belgian Grand Prix,Circuit de Spa-Francorchamps,Belgium,2021-08-29,norris,Lando Norris,British,McLaren,15.0,14,0.0,1,Finished,,,False,False,False,1.0
2021,12,Belgian Grand Prix,Circuit de Spa-Francorchamps,Belgium,2021-08-29,tsunoda,Yuki Tsunoda,Japanese,AlphaTauri,16.0,15,0.0,1,Finished,,,False,False,False,1.0
2021,12,Belgian Grand Prix,Circuit de Spa-Francorchamps,Belgium,2021-08-29,mick_schumacher,Mick Schumacher,German,Haas F1 Team,17.0,16,0.0,1,Finished,,,False,False,False,1.0
2021,12,Belgian Grand Prix,Circuit de Spa-Francorchamps,Belgium,2021-08-29,mazepin,Nikita Mazepin,Russian,Haas F1 Team,18.0,17,0.0,1,Finished,,,False,False,False,1.0
2021,12,Belgian Grand Prix,Circuit de Spa-Francorchamps,Belgium,2021-08-29,raikkonen,Kimi Räikkönen,Finnish,Alfa Romeo,,18,0.0,1,Finished,,,False,False,False,
2021,12,Belgian Grand Prix,Circuit de Spa-Francorchamps,Belgium,2021-08-29,perez,Sergio Pérez,Mexican,Red Bull,,19,0.0,1,Finished,,,False,False,False,
2021,12,Belgian Grand Prix,Circuit de Spa-Francorchamps,Belgium,2021-08-29,stroll,Lance Stroll,Canadian,Aston Martin,19.0,20,0.0,1,Finished,,,False,False,False,-1.0
2021,13,Dutch Grand Prix,Circuit Park Zandvoort,Netherlands,2021-09-05,max_verstappen,Max Verstappen,Dutch,Red Bull,1.0,1,25.0,72,Finished,3.0,1:13.275,False,True,True,0.0
2021,13,Dutch Grand Prix,Circuit Park Zandvoort,Netherlands,2021-09-05,hamilton,Lewis Hamilton,British,Mercedes,2.0,2,19.0,72,Finished,1.0,1:11.097,False,True,False,0.0
2021,13,Dutch Grand Prix,Circuit Park Zandvoort,Netherlands,2021-09-05,bottas,Valtteri Bottas,Finnish,Mercedes,3.0,3,15.0,72,Finished,2.0,1:12.549,False,True,False,0.0
2021,13,Dutch Grand Prix,Circuit Park Zandvoort,Netherlands,2021-09-05,gasly,Pierre Gasly,French,AlphaTauri,4.0,4,12.0,71,+1 Lap,10.0,1:14.818,False,False,False,0.0
2021,13,Dutch Grand Prix,Circuit Park Zandvoort,Netherlands,2021-09-05,leclerc,Charles Leclerc,Monegasque,Ferrari,5.0,5,10.0,71,+1 Lap,9.0,1:14.780,False,False,False,0.0
2021,13,Dutch Grand Prix,Circuit Park Zandvoort,Netherlands,2021-09-05,alonso,Fernando Alonso,Spanish,Alpine F1 Team,9.0,6,8.0,71,+1 Lap,7.0,1:14.323,False,False,False,3.0
2021,13,Dutch Grand Prix,Circuit Park Zandvoort,Netherlands,2021-09-05,sainz,Carlos Sainz,Spanish,Ferrari,6.0,7,6.0,71,+1 Lap,13.0,1:15.260,False,False,False,-1.0
2021,13,Dutch Grand Prix,Circuit Park Zandvoort,Netherlands,2021-09-05,perez,Sergio Pérez,Mexican,Red Bull,,8,4.0,71,+1 Lap,4.0,1:13.461,False,False,False,
2021,13,Dutch Grand Prix,Circuit Park Zandvoort,Netherlands,2021-09-05,ocon,Esteban Ocon,French,Alpine F1 Team,8.0,9,2.0,71,+1 Lap,8.0,1:14.675,False,False,False,-1.0
2021,13,Dutch Grand Prix,Circuit Park Zandvoort,Netherlands,2021-09-05,norris,Lando Norris,British,McLaren,13.0,10,1.0,71,+1 Lap,6.0,1:14.236,False,False,False,3.0
2021,13,Dutch Grand Prix,Circuit Park Zandvoort,Netherlands,2021-09-05,ricciardo,Daniel Ricciardo,Australian,McLaren,10.0,11,0.0,71,+1 Lap,11.0,1:14.920,False,False,False,-1.0
2021,13,Dutch Grand Prix,Circuit Park Zandvoort,Netherlands,2021-09-05,stroll,Lance Stroll,Canadian,Aston Martin,12.0,12,0.0,70,+2 Laps,15.0,1:15.611,False,False,False,0.0
2021,13,Dutch Grand Prix,Circuit Park Zandvoort,Netherlands,2021-09-05,vettel,Sebastian Vettel,German,Aston Martin,15.0,13,0.0,70,+2 Laps,5.0,1:13.958,False,False,False,2.0
2021,13,Dutch Grand Prix,Circuit Park Zandvoort,Netherlands,2021-09-05,giovinazzi,Antonio Giovinazzi,Italian,Alfa Romeo,7.0,14,0.0,70,+2 Laps,12.0,1:15.125,False,False,False,-7.0
2021,13,Dutch Grand Prix,Circuit Park Zandvoort,Netherlands,2021-09-05,kubica,Robert Kubica,Polish,Alfa Romeo,16.0,15,0.0,70,+2 Laps,14.0,1:15.442,False,False,False,1.0
2021,13,Dutch Grand Prix,Circuit Park Zandvoort,Netherlands,2021-09-05,latifi,Nicholas Latifi,Canadian,Williams,,16,0.0,70,+2 Laps,18.0,1:15.790,False,False,False,
2021,13,Dutch Grand Prix,Circuit Park Zandvoort,Netherlands,2021-09-05,russell,George Russell,British,Williams,11.0,17,0.0,69,Gearbox,16.0,1:15.628,True,False,False,-6.0
2021,13,Dutch Grand Prix,Circuit Park Zandvoort,Netherlands,2021-09-05,mick_schumacher,Mick Schumacher,German,Haas F1 Team,17.0,18,0.0,69,+3 Laps,19.0,1:15.927,False,False,False,-1.0
2021,13,Dutch Grand Prix,Circuit Park Zandvoort,Netherlands,2021-09-05,tsunoda,Yuki Tsunoda,Japanese,AlphaTauri,14.0,19,0.0,48,Power Unit,17.0,1:15.783,True,False,False,-5.0
2021,13,Dutch Grand Prix,Circuit Park Zandvoort,Netherlands,2021-09-05,mazepin,Nikita Mazepin,Russian,Haas F1 Team,18.0,20,0.0,41,Hydraulics,20.0,1:16.066,True,False,False,-2.0
2021,14,Italian Grand Prix,Autodromo Nazionale di Monza,Italy,2021-09-12,ricciardo,Daniel Ricciardo,Australian,McLaren,2.0,1,26.0,53,Finished,1.0,1:24.812,False,True,True,1.0
2021,14,Italian Grand Prix,Autodromo Nazionale di Monza,Italy,2021-09-12,norris,Lando Norris,British,McLaren,3.0,2,18.0,53,Finished,3.0,1:24.971,False,True,False,1.0
2021,14,Italian Grand Prix,Autodromo Nazionale di Monza,Italy,2021-09-12,bottas,Valtteri Bottas,Finnish,Mercedes,19.0,3,15.0,53,Finished,2.0,1:24.827,False,True,False,16.0
2021,14,Italian Grand Prix,Autodromo Nazionale di Monza,Italy,2021-09-12,leclerc,Charles Leclerc,Monegasque,Ferrari,5.0,4,12.0,53,Finished,6.0,1:25.319,False,False,False,1.0
2021,14,Italian Grand Prix,Autodromo Nazionale di Monza,Italy,2021-09-12,perez,Sergio Pérez,Mexican,Red Bull,8.0,5,10.0,53,Finished,4.0,1:25.156,False,False,False,3.0
2021,14,Italian Grand Prix,Autodromo Nazionale di Monza,Italy,2021-09-12,sainz,Carlos Sainz,Spanish,Ferrari,6.0,6,8.0,53,Finished,8.0,1:25.559,False,False,False,0.0
2021,14,Italian Grand Prix,Autodromo Nazionale di Monza,Italy,2021-09-12,stroll,Lance Stroll,Canadian,Aston Martin,9.0,7,6.0,53,Finished,13.0,1:25.853,False,False,False,2.0
2021,14,Italian Grand Prix,Autodromo Nazionale di Monza,Italy,2021-09-12,alonso,Fernando Alonso,Spanish,Alpine F1 Team,10.0,8,4.0,53,Finished,7.0,1:25.472,False,False,False,2.0
2021,14,Italian Grand Prix,Autodromo Nazionale di Monza,Italy,2021-09-12,russell,George Russell,British,Williams,14.0,9,2.0,53,Finished,11.0,1:25.835,False,False,False,5.0
2021,14,Italian Grand Prix,Autodromo Nazionale di Monza,Italy,2021-09-12,ocon,Esteban Ocon,French,Alpine F1 Team,12.0,10,1.0,53,Finished,9.0,1:25.566,False,False,False,2.0
2021,14,Italian Grand Prix,Autodromo Nazionale di Monza,Italy,2021-09-12,latifi,Nicholas Latifi,Canadian,Williams,13.0,11,0.0,53,Finished,16.0,1:25.953,False,False,False,2.0
2021,14,Italian Grand Prix,Autodromo Nazionale di Monza,Italy,2021-09-12,vettel,Sebastian Vettel,German,Aston Martin,11.0,12,0.0,53,Finished,15.0,1:25.938,False,False,False,-1.0
2021,14,Italian Grand Prix,Autodromo Nazionale di Monza,Italy,2021-09-12,giovinazzi,Antonio Giovinazzi,Italian,Alfa Romeo,7.0,13,0.0,53,Finished,10.0,1:25.718,False,False,False,-6.0
2021,14,Italian Grand Prix,Autodromo Nazionale di Monza,Italy,2021-09-12,kubica,Robert Kubica,Polish,Alfa Romeo,17.0,14,0.0,53,Finished,12.0,1:25.849,False,False,False,3.0
2021,14,Italian Grand Prix,Autodromo Nazionale di Monza,Italy,2021-09-12,mick_schumacher,Mick Schumacher,German,Haas F1 Team,18.0,15,0.0,53,Finished,17.0,1:26.707,False,False,False,3.0
2021,14,Italian Grand Prix,Autodromo Nazionale di Monza,Italy,2021-09-12,mazepin,Nikita Mazepin,Russian,Haas F1 Team,16.0,16,0.0,41,Power Unit,18.0,1:27.202,True,False,False,0.0
2021,14,Italian Grand Prix,Autodromo Nazionale di Monza,Italy,2021-09-12,hamilton,Lewis Hamilton,British,Mercedes,4.0,17,0.0,25,Collision,14.0,1:25.870,True,False,False,-13.0
2021,14,Italian Grand Prix,Autodromo Nazionale di Monza,Italy,2021-09-12,max_verstappen,Max Verstappen,Dutch,Red Bull,1.0,18,0.0,25,Collision,5.0,1:25.173,True,False,False,-17.0
2021,14,Italian Grand Prix,Autodromo Nazionale di Monza,Italy,2021-09-12,gasly,Pierre Gasly,French,AlphaTauri,,19,0.0,3,Suspension,19.0,1:29.005,True,False,False,
2021,14,Italian Grand Prix,Autodromo Nazionale di Monza,Italy,2021-09-12,tsunoda,Yuki Tsunoda,Japanese,AlphaTauri,,20,0.0,0,Brakes,,,True,False,False,
2021,15,Russian Grand Prix,Sochi Autodrom,Russia,2021-09-26,hamilton,Lewis Hamilton,British,Mercedes,4.0,1,25.0,53,Finished,2.0,1:37.575,False,True,True,3.0
2021,15,Russian Grand Prix,Sochi Autodrom,Russia,2021-09-26,max_verstappen,Max Verstappen,Dutch,Red Bull,20.0,2,18.0,53,Finished,5.0,1:38.396,False,True,False,18.0
2021,15,Russian Grand Prix,Sochi Autodrom,Russia,2021-09-26,sainz,Carlos Sainz,Spanish,Ferrari,2.0,3,15.0,53,Finished,12.0,1:39.294,False,True,False,-1.0
2021,15,Russian Grand Prix,Sochi Autodrom,Russia,2021-09-26,ricciardo,Daniel Ricciardo,Australian,McLaren,5.0,4,12.0,53,Finished,9.0,1:39.124,False,False,False,1.0
2021,15,Russian Grand Prix,Sochi Autodrom,Russia,2021-09-26,bottas,Valtteri Bottas,Finnish,Mercedes,16.0,5,10.0,53,Finished,3.0,1:38.216,False,False,False,11.0
2021,15,Russian Grand Prix,Sochi Autodrom,Russia,2021-09-26,alonso,Fernando Alonso,Spanish,Alpine F1 Team,6.0,6,8.0,53,Finished,6.0,1:38.686,False,False,False,0.0
2021,15,Russian Grand Prix,Sochi Autodrom,Russia,2021-09-26,norris,Lando Norris,British,McLaren,1.0,7,7.0,53,Finished,1.0,1:37.423,False,False,False,-6.0
2021,15,Russian Grand Prix,Sochi Autodrom,Russia,2021-09-26,raikkonen,Kimi Räikkönen,Finnish,Alfa Romeo,13.0,8,4.0,53,Finished,16.0,1:40.289,False,False,False,5.0
2021,15,Russian Grand Prix,Sochi Autodrom,Russia,2021-09-26,perez,Sergio Pérez,Mexican,Red Bull,8.0,9,2.0,53,Finished,10.0,1:39.215,False,False,False,-1.0
2021,15,Russian Grand Prix,Sochi Autodrom,Russia,2021-09-26,russell,George Russell,British,Williams,3.0,10,1.0,53,Finished,18.0,1:40.596,False,False,False,-7.0
2021,15,Russian Grand Prix,Sochi Autodrom,Russia,2021-09-26,stroll,Lance Stroll,Canadian,Aston Martin,7.0,11,0.0,53,Finished,17.0,1:40.464,False,False,False,-4.0
2021,15,Russian Grand Prix,Sochi Autodrom,Russia,2021-09-26,vettel,Sebastian Vettel,German,Aston Martin,10.0,12,0.0,52,+1 Lap,11.0,1:39.251,False,False,False,-2.0
2021,15,Russian Grand Prix,Sochi Autodrom,Russia,2021-09-26,gasly,Pierre Gasly,French,AlphaTauri,11.0,13,0.0,52,+1 Lap,4.0,1:38.279,False,False,False,-2.0
2021,15,Russian Grand Prix,Sochi Autodrom,Russia,2021-09-26,ocon,Esteban Ocon,French,Alpine F1 Team,9.0,14,0.0,52,+1 Lap,19.0,1:40.598,False,False,False,-5.0
2021,15,Russian Grand Prix,Sochi Autodrom,Russia,2021-09-26,leclerc,Charles Leclerc,Monegasque,Ferrari,19.0,15,0.0,52,+1 Lap,7.0,1:38.994,False,False,False,4.0
2021,15,Russian Grand Prix,Sochi Autodrom,Russia,2021-09-26,giovinazzi,Antonio Giovinazzi,Italian,Alfa Romeo,17.0,16,0.0,52,+1 Lap,8.0,1:39.058,False,False,False,1.0
2021,15,Russian Grand Prix,Sochi Autodrom,Russia,2021-09-26,tsunoda,Yuki Tsunoda,Japanese,AlphaTauri,12.0,17,0.0,52,+1 Lap,13.0,1:39.960,False,False,False,-5.0
2021,15,Russian Grand Prix,Sochi Autodrom,Russia,2021-09-26,mazepin,Nikita Mazepin,Russian,Haas F1 Team,15.0,18,0.0,51,+2 Laps,20.0,1:41.713,False,False,False,-3.0
2021,15,Russian Grand Prix,Sochi Autodrom,Russia,2021-09-26,latifi,Nicholas Latifi,Canadian,Williams,18.0,19,0.0,47,Accident,14.0,1:40.000,True,False,False,-1.0
2021,15,Russian Grand Prix,Sochi Autodrom,Russia,2021-09-26,mick_schumacher,Mick Schumacher,German,Haas F1 Team,14.0,20,0.0,32,Oil leak,15.0,1:40.276,True,False,False,-6.0
2021,16,Turkish Grand Prix,Istanbul Park,Turkey,2021-10-10,bottas,Valtteri Bottas,Finnish,Mercedes,1.0,1,26.0,58,Finished,1.0,1:30.432,False,True,True,0.0
2021,16,Turkish Grand Prix,Istanbul Park,Turkey,2021-10-10,max_verstappen,Max Verstappen,Dutch,Red Bull,2.0,2,18.0,58,Finished,9.0,1:32.759,False,True,False,0.0
2021,16,Turkish Grand Prix,Istanbul Park,Turkey,2021-10-10,perez,Sergio Pérez,Mexican,Red Bull,6.0,3,15.0,58,Finished,4.0,1:32.459,False,True,False,3.0
2021,16,Turkish Grand Prix,Istanbul Park,Turkey,2021-10-10,leclerc,Charles Leclerc,Monegasque,Ferrari,3.0,4,12.0,58,Finished,8.0,1:32.737,False,False,False,-1.0
2021,16,Turkish Grand Prix,Istanbul Park,Turkey,2021-10-10,hamilton,Lewis Hamilton,British,Mercedes,11.0,5,10.0,58,Finished,10.0,1:32.763,False,False,False,6.0
2021,16,Turkish Grand Prix,Istanbul Park,Turkey,2021-10-10,gasly,Pierre Gasly,French,AlphaTauri,4.0,6,8.0,58,Finished,11.0,1:32.814,False,False,False,-2.0
2021,16,Turkish Grand Prix,Istanbul Park,Turkey,2021-10-10,norris,Lando Norris,British,McLaren,7.0,7,6.0,58,Finished,3.0,1:32.446,False,False,False,0.0
2021,16,Turkish Grand Prix,Istanbul Park,Turkey,2021-10-10,sainz,Carlos Sainz,Spanish,Ferrari,19.0,8,4.0,58,Finished,2.0,1:31.921,False,False,False,11.0
2021,16,Turkish Grand Prix,Istanbul Park,Turkey,2021-10-10,stroll,Lance Stroll,Canadian,Aston Martin,8.0,9,2.0,58,Finished,6.0,1:32.608,False,False,False,-1.0
2021,16,Turkish Grand Prix,Istanbul Park,Turkey,2021-10-10,ocon,Esteban Ocon,French,Alpine F1 Team,12.0,10,1.0,57,+1 Lap,19.0,1:34.584,False,False,False,2.0
2021,16,Turkish Grand Prix,Istanbul Park,Turkey,2021-10-10,giovinazzi,Antonio Giovinazzi,Italian,Alfa Romeo,16.0,11,0.0,57,+1 Lap,13.0,1:32.904,False,False,False,5.0
2021,16,Turkish Grand Prix,Istanbul Park,Turkey,2021-10-10,raikkonen,Kimi Räikkönen,Finnish,Alfa Romeo,17.0,12,0.0,57,+1 Lap,5.0,1:32.586,False,False,False,5.0
2021,16,Turkish Grand Prix,Istanbul Park,Turkey,2021-10-10,ricciardo,Daniel Ricciardo,Australian,McLaren,20.0,13,0.0,57,+1 Lap,15.0,1:33.255,False,False,False,7.0
2021,16,Turkish Grand Prix,Istanbul Park,Turkey,2021-10-10,tsunoda,Yuki Tsunoda,Japanese,AlphaTauri,9.0,14,0.0,57,+1 Lap,12.0,1:32.844,False,False,False,-5.0
2021,16,Turkish Grand Prix,Istanbul Park,Turkey,2021-10-10,russell,George Russell,British,Williams,13.0,15,0.0,57,+1 Lap,16.0,1:33.399,False,False,False,-2.0
2021,16,Turkish Grand Prix,Istanbul Park,Turkey,2021-10-10,alonso,Fernando Alonso,Spanish,Alpine F1 Team,5.0,16,0.0,57,+1 Lap,14.0,1:33.252,False,False,False,-11.0
2021,16,Turkish Grand Prix,Istanbul Park,Turkey,2021-10-10,latifi,Nicholas Latifi,Canadian,Williams,15.0,17,0.0,57,+1 Lap,17.0,1:33.672,False,False,False,-2.0
2021,16,Turkish Grand Prix,Istanbul Park,Turkey,2021-10-10,vettel,Sebastian Vettel,German,Aston Martin,10.0,18,0.0,57,+1 Lap,7.0,1:32.730,False,False,False,-8.0
2021,16,Turkish Grand Prix,Istanbul Park,Turkey,2021-10-10,mick_schumacher,Mick Schumacher,German,Haas F1 Team,14.0,19,0.0,56,+2 Laps,18.0,1:34.209,False,False,False,-5.0
2021,16,Turkish Grand Prix,Istanbul Park,Turkey,2021-10-10,mazepin,Nikita Mazepin,Russian,Haas F1 Team,18.0,20,0.0,56,+2 Laps,20.0,1:35.438,False,False,False,-2.0
2021,17,United States Grand Prix,Circuit of the Americas,USA,2021-10-24,max_verstappen,Max Verstappen,Dutch,Red Bull,1.0,1,25.0,56,Finished,2.0,1:39.096,False,True,True,0.0
2021,17,United States Grand Prix,Circuit of the Americas,USA,2021-10-24,hamilton,Lewis Hamilton,British,Mercedes,2.0,2,19.0,56,Finished,1.0,1:38.485,False,True,False,0.0
2021,17,United States Grand Prix,Circuit of the Americas,USA,2021-10-24,perez,Sergio Pérez,Mexican,Red Bull,3.0,3,15.0,56,Finished,4.0,1:39.566,False,True,False,0.0
2021,17,United States Grand Prix,Circuit of the Americas,USA,2021-10-24,leclerc,Charles Leclerc,Monegasque,Ferrari,4.0,4,12.0,56,Finished,3.0,1:39.303,False,False,False,0.0
2021,17,United States Grand Prix,Circuit of the Americas,USA,2021-10-24,ricciardo,Daniel Ricciardo,Australian,McLaren,6.0,5,10.0,56,Finished,8.0,1:40.345,False,False,False,1.0
2021,17,United States Grand Prix,Circuit of the Americas,USA,2021-10-24,bottas,Valtteri Bottas,Finnish,Mercedes,9.0,6,8.0,56,Finished,6.0,1:40.147,False,False,False,3.0
2021,17,United States Grand Prix,Circuit of the Americas,USA,2021-10-24,sainz,Carlos Sainz,Spanish,Ferrari,5.0,7,6.0,56,Finished,9.0,1:40.377,False,False,False,-2.0
2021,17,United States Grand Prix,Circuit of the Americas,USA,2021-10-24,norris,Lando Norris,British,McLaren,7.0,8,4.0,56,Finished,7.0,1:40.228,False,False,False,-1.0
2021,17,United States Grand Prix,Circuit of the Americas,USA,2021-10-24,tsunoda,Yuki Tsunoda,Japanese,AlphaTauri,10.0,9,2.0,55,+1 Lap,13.0,1:41.151,False,False,False,1.0
2021,17,United States Grand Prix,Circuit of the Americas,USA,2021-10-24,vettel,Sebastian Vettel,German,Aston Martin,18.0,10,1.0,55,+1 Lap,10.0,1:40.481,False,False,False,8.0
2021,17,United States Grand Prix,Circuit of the Americas,USA,2021-10-24,giovinazzi,Antonio Giovinazzi,Italian,Alfa Romeo,12.0,11,0.0,55,+1 Lap,12.0,1:41.145,False,False,False,1.0
2021,17,United States Grand Prix,Circuit of the Americas,USA,2021-10-24,stroll,Lance Stroll,Canadian,Aston Martin,13.0,12,0.0,55,+1 Lap,14.0,1:41.189,False,False,False,1.0
2021,17,United States Grand Prix,Circuit of the Americas,USA,2021-10-24,raikkonen,Kimi Räikkönen,Finnish,Alfa Romeo,15.0,13,0.0,55,+1 Lap,15.0,1:41.340,False,False,False,2.0
2021,17,United States Grand Prix,Circuit of the Americas,USA,2021-10-24,russell,George Russell,British,Williams,20.0,14,0.0,55,+1 Lap,11.0,1:41.120,False,False,False,6.0
2021,17,United States Grand Prix,Circuit of the Americas,USA,2021-10-24,latifi,Nicholas Latifi,Canadian,Williams,14.0,15,0.0,55,+1 Lap,17.0,1:41.818,False,False,False,-1.0
2021,17,United States Grand Prix,Circuit of the Americas,USA,2021-10-24,mick_schumacher,Mick Schumacher,German,Haas F1 Team,16.0,16,0.0,54,+2 Laps,16.0,1:41.395,False,False,False,0.0
2021,17,United States Grand Prix,Circuit of the Americas,USA,2021-10-24,mazepin,Nikita Mazepin,Russian,Haas F1 Team,17.0,17,0.0,54,+2 Laps,20.0,1:42.886,False,False,False,0.0
2021,17,United States Grand Prix,Circuit of the Americas,USA,2021-10-24,alonso,Fernando Alonso,Spanish,Alpine F1 Team,19.0,18,0.0,49,Rear wing,5.0,1:40.067,True,False,False,1.0
2021,17,United States Grand Prix,Circuit of the Americas,USA,2021-10-24,ocon,Esteban Ocon,French,Alpine F1 Team,11.0,19,0.0,40,Mechanical,19.0,1:42.194,True,False,False,-8.0
2021,17,United States Grand Prix,Circuit of the Americas,USA,2021-10-24,gasly,Pierre Gasly,French,AlphaTauri,8.0,20,0.0,14,Suspension,18.0,1:42.015,True,False,False,-12.0
2021,18,Mexico City Grand Prix,Autódromo Hermanos Rodríguez,Mexico,2021-11-07,max_verstappen,Max Verstappen,Dutch,Red Bull,3.0,1,25.0,71,Finished,2.0,1:18.999,False,True,True,2.0
2021,18,Mexico City Grand Prix,Autódromo Hermanos Rodríguez,Mexico,2021-11-07,hamilton,Lewis Hamilton,British,Mercedes,2.0,2,18.0,71,Finished,4.0,1:19.820,False,True,False,0.0
2021,18,Mexico City Grand Prix,Autódromo Hermanos Rodríguez,Mexico,2021-11-07,perez,Sergio Pérez,Mexican,Red Bull,4.0,3,15.0,71,Finished,3.0,1:19.468,False,True,False,1.0
2021,18,Mexico City Grand Prix,Autódromo Hermanos Rodríguez,Mexico,2021-11-07,gasly,Pierre Gasly,French,AlphaTauri,5.0,4,12.0,71,Finished,7.0,1:20.510,False,False,False,1.0
2021,18,Mexico City Grand Prix,Autódromo Hermanos Rodríguez,Mexico,2021-11-07,leclerc,Charles Leclerc,Monegasque,Ferrari,8.0,5,10.0,71,Finished,9.0,1:20.665,False,False,False,3.0
2021,18,Mexico City Grand Prix,Autódromo Hermanos Rodríguez,Mexico,2021-11-07,sainz,Carlos Sainz,Spanish,Ferrari,6.0,6,8.0,70,+1 Lap,5.0,1:20.081,False,False,False,0.0
2021,18,Mexico City Grand Prix,Autódromo Hermanos Rodríguez,Mexico,2021-11-07,vettel,Sebastian Vettel,German,Aston Martin,9.0,7,6.0,70,+1 Lap,6.0,1:20.460,False,False,False,2.0
2021,18,Mexico City Grand Prix,Autódromo Hermanos Rodríguez,Mexico,2021-11-07,raikkonen,Kimi Räikkönen,Finnish,Alfa Romeo,10.0,8,4.0,70,+1 Lap,11.0,1:20.713,False,False,False,2.0
2021,18,Mexico City Grand Prix,Autódromo Hermanos Rodríguez,Mexico,2021-11-07,alonso,Fernando Alonso,Spanish,Alpine F1 Team,12.0,9,2.0,70,+1 Lap,10.0,1:20.711,False,False,False,3.0
2021,18,Mexico City Grand Prix,Autódromo Hermanos Rodríguez,Mexico,2021-11-07,norris,Lando Norris,British,McLaren,18.0,10,1.0,70,+1 Lap,8.0,1:20.617,False,False,False,8.0
2021,18,Mexico City Grand Prix,Autódromo Hermanos Rodríguez,Mexico,2021-11-07,giovinazzi,Antonio Giovinazzi,Italian,Alfa Romeo,11.0,11,0.0,70,+1 Lap,16.0,1:21.523,False,False,False,0.0
2021,18,Mexico City Grand Prix,Autódromo Hermanos Rodríguez,Mexico,2021-11-07,ricciardo,Daniel Ricciardo,Australian,McLaren,7.0,12,0.0,70,+1 Lap,13.0,1:21.069,False,False,False,-5.0
2021,18,Mexico City Grand Prix,Autódromo Hermanos Rodríguez,Mexico,2021-11-07,ocon,Esteban Ocon,French,Alpine F1 Team,19.0,13,0.0,70,+1 Lap,14.0,1:21.348,False,False,False,6.0
2021,18,Mexico City Grand Prix,Autódromo Hermanos Rodríguez,Mexico,2021-11-07,stroll,Lance Stroll,Canadian,Aston Martin,20.0,14,0.0,69,+2 Laps,12.0,1:20.930,False,False,False,6.0
2021,18,Mexico City Grand Prix,Autódromo Hermanos Rodríguez,Mexico,2021-11-07,bottas,Valtteri Bottas,Finnish,Mercedes,1.0,15,0.0,69,+2 Laps,1.0,1:17.774,False,False,False,-14.0
2021,18,Mexico City Grand Prix,Autódromo Hermanos Rodríguez,Mexico,2021-11-07,russell,George Russell,British,Williams,16.0,16,0.0,69,+2 Laps,18.0,1:22.016,False,False,False,0.0
2021,18,Mexico City Grand Prix,Autódromo Hermanos Rodríguez,Mexico,2021-11-07,latifi,Nicholas Latifi,Canadian,Williams,13.0,17,0.0,69,+2 Laps,17.0,1:21.546,False,False,False,-4.0
2021,18,Mexico City Grand Prix,Autódromo Hermanos Rodríguez,Mexico,2021-11-07,mazepin,Nikita Mazepin,Russian,Haas F1 Team,15.0,18,0.0,68,+3 Laps,15.0,1:21.402,False,False,False,-3.0
2021,18,Mexico City Grand Prix,Autódromo Hermanos Rodríguez,Mexico,2021-11-07,mick_schumacher,Mick Schumacher,German,Haas F1 Team,14.0,19,0.0,0,Collision,,,True,False,False,-5.0
2021,18,Mexico City Grand Prix,Autódromo Hermanos Rodríguez,Mexico,2021-11-07,tsunoda,Yuki Tsunoda,Japanese,AlphaTauri,17.0,20,0.0,0,Collision,,,True,False,False,-3.0
2021,19,São Paulo Grand Prix,Autódromo José Carlos Pace,Brazil,2021-11-14,hamilton,Lewis Hamilton,British,Mercedes,10.0,1,25.0,71,Finished,2.0,1:11.982,False,True,True,9.0
2021,19,São Paulo Grand Prix,Autódromo José Carlos Pace,Brazil,2021-11-14,max_verstappen,Max Verstappen,Dutch,Red Bull,2.0,2,18.0,71,Finished,3.0,1:12.486,False,True,False,0.0
2021,19,São Paulo Grand Prix,Autódromo José Carlos Pace,Brazil,2021-11-14,bottas,Valtteri Bottas,Finnish,Mercedes,1.0,3,15.0,71,Finished,4.0,1:12.526,False,True,False,-2.0
2021,19,São Paulo Grand Prix,Autódromo José Carlos Pace,Brazil,2021-11-14,perez,Sergio Pérez,Mexican,Red Bull,4.0,4,13.0,71,Finished,1.0,1:11.010,False,False,False,0.0
2021,19,São Paulo Grand Prix,Autódromo José Carlos Pace,Brazil,2021-11-14,leclerc,Charles Leclerc,Monegasque,Ferrari,6.0,5,10.0,71,Finished,7.0,1:12.822,False,False,False,1.0
2021,19,São Paulo Grand Prix,Autódromo José Carlos Pace,Brazil,2021-11-14,sainz,Carlos Sainz,Spanish,Ferrari,3.0,6,8.0,71,Finished,6.0,1:12.710,False,False,False,-3.0
2021,19,São Paulo Grand Prix,Autódromo José Carlos Pace,Brazil,2021-11-14,gasly,Pierre Gasly,French,AlphaTauri,7.0,7,6.0,70,+1 Lap,8.0,1:13.227,False,False,False,0.0
2021,19,São Paulo Grand Prix,Autódromo José Carlos Pace,Brazil,2021-11-14,ocon,Esteban Ocon,French,Alpine F1 Team,8.0,8,4.0,70,+1 Lap,16.0,1:14.430,False,False,False,0.0
2021,19,São Paulo Grand Prix,Autódromo José Carlos Pace,Brazil,2021-11-14,alonso,Fernando Alonso,Spanish,Alpine F1 Team,12.0,9,2.0,70,+1 Lap,12.0,1:13.922,False,False,False,3.0
2021,19,São Paulo Grand Prix,Autódromo José Carlos Pace,Brazil,2021-11-14,norris,Lando Norris,British,McLaren,5.0,10,1.0,70,+1 Lap,10.0,1:13.761,False,False,False,-5.0
2021,19,São Paulo Grand Prix,Autódromo José Carlos Pace,Brazil,2021-11-14,vettel,Sebastian Vettel,German,Aston Martin,9.0,11,0.0,70,+1 Lap,9.0,1:13.634,False,False,False,-2.0
2021,19,São Paulo Grand Prix,Autódromo José Carlos Pace,Brazil,2021-11-14,raikkonen,Kimi Räikkönen,Finnish,Alfa Romeo,,12,0.0,70,+1 Lap,5.0,1:12.621,False,False,False,
2021,19,São Paulo Grand Prix,Autódromo José Carlos Pace,Brazil,2021-11-14,russell,George Russell,British,Williams,17.0,13,0.0,70,+1 Lap,15.0,1:14.355,False,False,False,4.0
2021,19,São Paulo Grand Prix,Autódromo José Carlos Pace,Brazil,2021-11-14,giovinazzi,Antonio Giovinazzi,Italian,Alfa Romeo,13.0,14,0.0,70,+1 Lap,14.0,1:14.227,False,False,False,-1.0
2021,19,São Paulo Grand Prix,Autódromo José Carlos Pace,Brazil,2021-11-14,tsunoda,Yuki Tsunoda,Japanese,AlphaTauri,15.0,15,0.0,70,+1 Lap,13.0,1:14.204,False,False,False,0.0
2021,19,São Paulo Grand Prix,Autódromo José Carlos Pace,Brazil,2021-11-14,latifi,Nicholas Latifi,Canadian,Williams,16.0,16,0.0,70,+1 Lap,18.0,1:14.616,False,False,False,0.0
2021,19,São Paulo Grand Prix,Autódromo José Carlos Pace,Brazil,2021-11-14,mazepin,Nikita Mazepin,Russian,Haas F1 Team,19.0,17,0.0,69,+2 Laps,19.0,1:14.954,False,False,False,2.0
2021,19,São Paulo Grand Prix,Autódromo José Carlos Pace,Brazil,2021-11-14,mick_schumacher,Mick Schumacher,German,Haas F1 Team,18.0,18,0.0,69,+2 Laps,11.0,1:13.793,False,False,False,0.0
2021,19,São Paulo Grand Prix,Autódromo José Carlos Pace,Brazil,2021-11-14,ricciardo,Daniel Ricciardo,Australian,McLaren,11.0,19,0.0,49,Power loss,17.0,1:14.443,True,False,False,-8.0
2021,19,São Paulo Grand Prix,Autódromo José Carlos Pace,Brazil,2021-11-14,stroll,Lance Stroll,Canadian,Aston Martin,14.0,20,0.0,47,Collision damage,20.0,1:15.344,True,False,False,-6.0
2021,20,Qatar Grand Prix,Losail International Circuit,Qatar,2021-11-21,hamilton,Lewis Hamilton,British,Mercedes,1.0,1,25.0,57,Finished,2.0,1:25.084,False,True,True,0.0
2021,20,Qatar Grand Prix,Losail International Circuit,Qatar,2021-11-21,max_verstappen,Max Verstappen,Dutch,Red Bull,7.0,2,19.0,57,Finished,1.0,1:23.196,False,True,False,5.0
2021,20,Qatar Grand Prix,Losail International Circuit,Qatar,2021-11-21,alonso,Fernando Alonso,Spanish,Alpine F1 Team,3.0,3,15.0,57,Finished,10.0,1:26.682,False,True,False,0.0
2021,20,Qatar Grand Prix,Losail International Circuit,Qatar,2021-11-21,perez,Sergio Pérez,Mexican,Red Bull,11.0,4,12.0,57,Finished,3.0,1:25.613,False,False,False,7.0
2021,20,Qatar Grand Prix,Losail International Circuit,Qatar,2021-11-21,ocon,Esteban Ocon,French,Alpine F1 Team,9.0,5,10.0,57,Finished,13.0,1:27.061,False,False,False,4.0
2021,20,Qatar Grand Prix,Losail International Circuit,Qatar,2021-11-21,stroll,Lance Stroll,Canadian,Aston Martin,12.0,6,8.0,57,Finished,17.0,1:27.356,False,False,False,6.0
2021,20,Qatar Grand Prix,Losail International Circuit,Qatar,2021-11-21,sainz,Carlos Sainz,Spanish,Ferrari,5.0,7,6.0,57,Finished,9.0,1:26.570,False,False,False,-2.0
2021,20,Qatar Grand Prix,Losail International Circuit,Qatar,2021-11-21,leclerc,Charles Leclerc,Monegasque,Ferrari,13.0,8,4.0,57,Finished,8.0,1:26.555,False,False,False,5.0
2021,20,Qatar Grand Prix,Losail International Circuit,Qatar,2021-11-21,norris,Lando Norris,British,McLaren,4.0,9,2.0,56,+1 Lap,4.0,1:25.746,False,False,False,-5.0
2021,20,Qatar Grand Prix,Losail International Circuit,Qatar,2021-11-21,vettel,Sebastian Vettel,German,Aston Martin,10.0,10,1.0,56,+1 Lap,7.0,1:26.434,False,False,False,0.0
2021,20,Qatar Grand Prix,Losail International Circuit,Qatar,2021-11-21,gasly,Pierre Gasly,French,AlphaTauri,2.0,11,0.0,56,+1 Lap,11.0,1:27.019,False,False,False,-9.0
2021,20,Qatar Grand Prix,Losail International Circuit,Qatar,2021-11-21,ricciardo,Daniel Ricciardo,Australian,McLaren,14.0,12,0.0,56,+1 Lap,14.0,1:27.198,False,False,False,2.0
2021,20,Qatar Grand Prix,Losail International Circuit,Qatar,2021-11-21,tsunoda,Yuki Tsunoda,Japanese,AlphaTauri,8.0,13,0.0,56,+1 Lap,12.0,1:27.043,False,False,False,-5.0
2021,20,Qatar Grand Prix,Losail International Circuit,Qatar,2021-11-21,raikkonen,Kimi Räikkönen,Finnish,Alfa Romeo,16.0,14,0.0,56,+1 Lap,6.0,1:26.358,False,False,False,2.0
2021,20,Qatar Grand Prix,Losail International Circuit,Qatar,2021-11-21,giovinazzi,Antonio Giovinazzi,Italian,Alfa Romeo,18.0,15,0.0,56,+1 Lap,18.0,1:27.823,False,False,False,3.0
2021,20,Qatar Grand Prix,Losail International Circuit,Qatar,2021-11-21,mick_schumacher,Mick Schumacher,German,Haas F1 Team,19.0,16,0.0,56,+1 Lap,19.0,1:28.412,False,False,False,3.0
2021,20,Qatar Grand Prix,Losail International Circuit,Qatar,2021-11-21,russell,George Russell,British,Williams,15.0,17,0.0,55,+2 Laps,5.0,1:25.768,False,False,False,-2.0
2021,20,Qatar Grand Prix,Losail International Circuit,Qatar,2021-11-21,mazepin,Nikita Mazepin,Russian,Haas F1 Team,20.0,18,0.0,55,+2 Laps,16.0,1:27.340,False,False,False,2.0
2021,20,Qatar Grand Prix,Losail International Circuit,Qatar,2021-11-21,latifi,Nicholas Latifi,Canadian,Williams,17.0,19,0.0,50,Puncture,20.0,1:28.732,True,False,False,-2.0
2021,20,Qatar Grand Prix,Losail International Circuit,Qatar,2021-11-21,bottas,Valtteri Bottas,Finnish,Mercedes,6.0,20,0.0,48,Damage,15.0,1:27.246,True,False,False,-14.0
2021,21,Saudi Arabian Grand Prix,Jeddah Corniche Circuit,Saudi Arabia,2021-12-05,hamilton,Lewis Hamilton,British,Mercedes,1.0,1,26.0,50,Finished,1.0,1:30.734,False,True,True,0.0
2021,21,Saudi Arabian Grand Prix,Jeddah Corniche Circuit,Saudi Arabia,2021-12-05,max_verstappen,Max Verstappen,Dutch,Red Bull,3.0,2,18.0,50,Finished,3.0,1:31.488,False,True,False,1.0
2021,21,Saudi Arabian Grand Prix,Jeddah Corniche Circuit,Saudi Arabia,2021-12-05,bottas,Valtteri Bottas,Finnish,Mercedes,2.0,3,15.0,50,Finished,2.0,1:31.408,False,True,False,-1.0
2021,21,Saudi Arabian Grand Prix,Jeddah Corniche Circuit,Saudi Arabia,2021-12-05,ocon,Esteban Ocon,French,Alpine F1 Team,9.0,4,12.0,50,Finished,6.0,1:31.797,False,False,False,5.0
2021,21,Saudi Arabian Grand Prix,Jeddah Corniche Circuit,Saudi Arabia,2021-12-05,ricciardo,Daniel Ricciardo,Australian,McLaren,11.0,5,10.0,50,Finished,11.0,1:32.716,False,False,False,6.0
2021,21,Saudi Arabian Grand Prix,Jeddah Corniche Circuit,Saudi Arabia,2021-12-05,gasly,Pierre Gasly,French,AlphaTauri,6.0,6,8.0,50,Finished,9.0,1:32.297,False,False,False,0.0
2021,21,Saudi Arabian Grand Prix,Jeddah Corniche Circuit,Saudi Arabia,2021-12-05,leclerc,Charles Leclerc,Monegasque,Ferrari,4.0,7,6.0,50,Finished,4.0,1:31.601,False,False,False,-3.0
2021,21,Saudi Arabian Grand Prix,Jeddah Corniche Circuit,Saudi Arabia,2021-12-05,sainz,Carlos Sainz,Spanish,Ferrari,15.0,8,4.0,50,Finished,7.0,1:31.851,False,False,False,7.0
2021,21,Saudi Arabian Grand Prix,Jeddah Corniche Circuit,Saudi Arabia,2021-12-05,giovinazzi,Antonio Giovinazzi,Italian,Alfa Romeo,10.0,9,2.0,50,Finished,15.0,1:32.865,False,False,False,1.0
2021,21,Saudi Arabian Grand Prix,Jeddah Corniche Circuit,Saudi Arabia,2021-12-05,norris,Lando Norris,British,McLaren,7.0,10,1.0,50,Finished,8.0,1:31.914,False,False,False,-3.0
2021,21,Saudi Arabian Grand Prix,Jeddah Corniche Circuit,Saudi Arabia,2021-12-05,stroll,Lance Stroll,Canadian,Aston Martin,18.0,11,0.0,50,Finished,14.0,1:32.804,False,False,False,7.0
2021,21,Saudi Arabian Grand Prix,Jeddah Corniche Circuit,Saudi Arabia,2021-12-05,latifi,Nicholas Latifi,Canadian,Williams,16.0,12,0.0,50,Finished,12.0,1:32.751,False,False,False,4.0
2021,21,Saudi Arabian Grand Prix,Jeddah Corniche Circuit,Saudi Arabia,2021-12-05,alonso,Fernando Alonso,Spanish,Alpine F1 Team,13.0,13,0.0,49,+1 Lap,5.0,1:31.633,False,False,False,0.0
2021,21,Saudi Arabian Grand Prix,Jeddah Corniche Circuit,Saudi Arabia,2021-12-05,tsunoda,Yuki Tsunoda,Japanese,AlphaTauri,8.0,14,0.0,49,+1 Lap,10.0,1:32.506,False,False,False,-6.0
2021,21,Saudi Arabian Grand Prix,Jeddah Corniche Circuit,Saudi Arabia,2021-12-05,raikkonen,Kimi Räikkönen,Finnish,Alfa Romeo,12.0,15,0.0,49,+1 Lap,13.0,1:32.778,False,False,False,-3.0
2021,21,Saudi Arabian Grand Prix,Jeddah Corniche Circuit,Saudi Arabia,2021-12-05,vettel,Sebastian Vettel,German,Aston Martin,17.0,16,0.0,44,Collision damage,16.0,1:34.030,True,False,False,1.0
2021,21,Saudi Arabian Grand Prix,Jeddah Corniche Circuit,Saudi Arabia,2021-12-05,perez,Sergio Pérez,Mexican,Red Bull,5.0,17,0.0,14,Collision,17.0,1:34.138,True,False,False,-12.0
2021,21,Saudi Arabian Grand Prix,Jeddah Corniche Circuit,Saudi Arabia,2021-12-05,mazepin,Nikita Mazepin,Russian,Haas F1 Team,20.0,18,0.0,14,Collision,20.0,1:37.043,True,False,False,2.0
2021,21,Saudi Arabian Grand Prix,Jeddah Corniche Circuit,Saudi Arabia,2021-12-05,russell,George Russell,British,Williams,14.0,19,0.0,14,Collision,19.0,1:36.130,True,False,False,-5.0
2021,21,Saudi Arabian Grand Prix,Jeddah Corniche Circuit,Saudi Arabia,2021-12-05,mick_schumacher,Mick Schumacher,German,Haas F1 Team,19.0,20,0.0,8,Accident,18.0,1:36.043,True,False,False,-1.0
2021,22,Abu Dhabi Grand Prix,Yas Marina Circuit,UAE,2021-12-12,max_verstappen,Max Verstappen,Dutch,Red Bull,1.0,1,26.0,58,Finished,1.0,1:26.103,False,True,True,0.0
2021,22,Abu Dhabi Grand Prix,Yas Marina Circuit,UAE,2021-12-12,hamilton,Lewis Hamilton,British,Mercedes,2.0,2,18.0,58,Finished,3.0,1:26.615,False,True,False,0.0
2021,22,Abu Dhabi Grand Prix,Yas Marina Circuit,UAE,2021-12-12,sainz,Carlos Sainz,Spanish,Ferrari,5.0,3,15.0,58,Finished,9.0,1:27.618,False,True,False,2.0
2021,22,Abu Dhabi Grand Prix,Yas Marina Circuit,UAE,2021-12-12,tsunoda,Yuki Tsunoda,Japanese,AlphaTauri,8.0,4,12.0,58,Finished,7.0,1:27.496,False,False,False,4.0
2021,22,Abu Dhabi Grand Prix,Yas Marina Circuit,UAE,2021-12-12,gasly,Pierre Gasly,French,AlphaTauri,12.0,5,10.0,58,Finished,6.0,1:27.342,False,False,False,7.0
2021,22,Abu Dhabi Grand Prix,Yas Marina Circuit,UAE,2021-12-12,bottas,Valtteri Bottas,Finnish,Mercedes,6.0,6,8.0,58,Finished,5.0,1:26.862,False,False,False,0.0
2021,22,Abu Dhabi Grand Prix,Yas Marina Circuit,UAE,2021-12-12,norris,Lando Norris,British,McLaren,3.0,7,6.0,58,Finished,4.0,1:26.762,False,False,False,-4.0
2021,22,Abu Dhabi Grand Prix,Yas Marina Circuit,UAE,2021-12-12,alonso,Fernando Alonso,Spanish,Alpine F1 Team,11.0,8,4.0,58,Finished,8.0,1:27.607,False,False,False,3.0
2021,22,Abu Dhabi Grand Prix,Yas Marina Circuit,UAE,2021-12-12,ocon,Esteban Ocon,French,Alpine F1 Team,9.0,9,2.0,58,Finished,10.0,1:28.249,False,False,False,0.0
2021,22,Abu Dhabi Grand Prix,Yas Marina Circuit,UAE,2021-12-12,leclerc,Charles Leclerc,Monegasque,Ferrari,7.0,10,1.0,58,Finished,12.0,1:28.433,False,False,False,-3.0
2021,22,Abu Dhabi Grand Prix,Yas Marina Circuit,UAE,2021-12-12,vettel,Sebastian Vettel,German,Aston Martin,15.0,11,0.0,58,Finished,11.0,1:28.303,False,False,False,4.0
2021,22,Abu Dhabi Grand Prix,Yas Marina Circuit,UAE,2021-12-12,ricciardo,Daniel Ricciardo,Australian,McLaren,10.0,12,0.0,57,+1 Lap,14.0,1:28.723,False,False,False,-2.0
2021,22,Abu Dhabi Grand Prix,Yas Marina Circuit,UAE,2021-12-12,stroll,Lance Stroll,Canadian,Aston Martin,13.0,13,0.0,57,+1 Lap,13.0,1:28.567,False,False,False,0.0
2021,22,Abu Dhabi Grand Prix,Yas Marina Circuit,UAE,2021-12-12,mick_schumacher,Mick Schumacher,German,Haas F1 Team,19.0,14,0.0,57,+1 Lap,17.0,1:29.457,False,False,False,5.0
2021,22,Abu Dhabi Grand Prix,Yas Marina Circuit,UAE,2021-12-12,perez,Sergio Pérez,Mexican,Red Bull,4.0,15,0.0,55,Engine,2.0,1:26.419,True,False,False,-11.0
2021,22,Abu Dhabi Grand Prix,Yas Marina Circuit,UAE,2021-12-12,latifi,Nicholas Latifi,Canadian,Williams,16.0,16,0.0,50,Accident,15.0,1:29.293,True,False,False,0.0
2021,22,Abu Dhabi Grand Prix,Yas Marina Circuit,UAE,2021-12-12,giovinazzi,Antonio Giovinazzi,Italian,Alfa Romeo,14.0,17,0.0,33,Gearbox,16.0,1:29.442,True,False,False,-3.0
2021,22,Abu Dhabi Grand Prix,Yas Marina Circuit,UAE,2021-12-12,russell,George Russell,British,Williams,17.0,18,0.0,26,Gearbox,19.0,1:30.647,True,False,False,-1.0
2021,22,Abu Dhabi Grand Prix,Yas Marina Circuit,UAE,2021-12-12,raikkonen,Kimi Räikkönen,Finnish,Alfa Romeo,18.0,19,0.0,25,Brakes,18.0,1:29.698,True,False,False,-1.0
2021,22,Abu Dhabi Grand Prix,Yas Marina Circuit,UAE,2021-12-12,mazepin,Nikita Mazepin,Russian,Haas F1 Team,20.0,20,0.0,0,Illness,,,True,False,False,0.0
2022,1,Bahrain Grand Prix,Bahrain International Circuit,Bahrain,2022-03-20,leclerc,Charles Leclerc,Monegasque,Ferrari,1.0,1,26.0,57,Finished,1.0,1:34.570,False,True,True,0.0
2022,1,Bahrain Grand Prix,Bahrain International Circuit,Bahrain,2022-03-20,sainz,Carlos Sainz,Spanish,Ferrari,3.0,2,18.0,57,Finished,3.0,1:35.740,False,True,False,1.0
2022,1,Bahrain Grand Prix,Bahrain International Circuit,Bahrain,2022-03-20,hamilton,Lewis Hamilton,British,Mercedes,5.0,3,15.0,57,Finished,5.0,1:36.228,False,True,False,2.0
2022,1,Bahrain Grand Prix,Bahrain International Circuit,Bahrain,2022-03-20,russell,George Russell,British,Mercedes,9.0,4,12.0,57,Finished,6.0,1:36.302,False,False,False,5.0
2022,1,Bahrain Grand Prix,Bahrain International Circuit,Bahrain,2022-03-20,kevin_magnussen,Kevin Magnussen,Danish,Haas F1 Team,7.0,5,10.0,57,Finished,8.0,1:36.623,False,False,False,2.0
2022,1,Bahrain Grand Prix,Bahrain International Circuit,Bahrain,2022-03-20,bottas,Valtteri Bottas,Finnish,Alfa Romeo,6.0,6,8.0,57,Finished,7.0,1:36.599,False,False,False,0.0
2022,1,Bahrain Grand Prix,Bahrain International Circuit,Bahrain,2022-03-20,ocon,Esteban Ocon,French,Alpine F1 Team,11.0,7,6.0,57,Finished,14.0,1:37.110,False,False,False,4.0
2022,1,Bahrain Grand Prix,Bahrain International Circuit,Bahrain,2022-03-20,tsunoda,Yuki Tsunoda,Japanese,AlphaTauri,16.0,8,4.0,57,Finished,13.0,1:37.104,False,False,False,8.0
2022,1,Bahrain Grand Prix,Bahrain International Circuit,Bahrain,2022-03-20,alonso,Fernando Alonso,Spanish,Alpine F1 Team,8.0,9,2.0,57,Finished,10.0,1:36.733,False,False,False,-1.0
2022,1,Bahrain Grand Prix,Bahrain International Circuit,Bahrain,2022-03-20,zhou,Guanyu Zhou,Chinese,Alfa Romeo,15.0,10,1.0,57,Finished,9.0,1:36.685,False,False,False,5.0
2022,1,Bahrain Grand Prix,Bahrain International Circuit,Bahrain,2022-03-20,mick_schumacher,Mick Schumacher,German,Haas F1 Team,12.0,11,0.0,57,Finished,11.0,1:36.956,False,False,False,1.0
2022,1,Bahrain Grand Prix,Bahrain International Circuit,Bahrain,2022-03-20,stroll,Lance Stroll,Canadian,Aston Martin,19.0,12,0.0,57,Finished,15.0,1:37.146,False,False,False,7.0
2022,1,Bahrain Grand Prix,Bahrain International Circuit,Bahrain,2022-03-20,albon,Alexander Albon,Thai,Williams,14.0,13,0.0,57,Finished,18.0,1:37.355,False,False,False,1.0
2022,1,Bahrain Grand Prix,Bahrain International Circuit,Bahrain,2022-03-20,ricciardo,Daniel Ricciardo,Australian,McLaren,18.0,14,0.0,57,Finished,16.0,1:37.261,False,False,False,4.0
2022,1,Bahrain Grand Prix,Bahrain International Circuit,Bahrain,2022-03-20,norris,Lando Norris,British,McLaren,13.0,15,0.0,57,Finished,12.0,1:36.988,False,False,False,-2.0
2022,1,Bahrain Grand Prix,Bahrain International Circuit,Bahrain,2022-03-20,latifi,Nicholas Latifi,Canadian,Williams,20.0,16,0.0,57,Finished,20.0,1:38.251,False,False,False,4.0
2022,1,Bahrain Grand Prix,Bahrain International Circuit,Bahrain,2022-03-20,hulkenberg,Nico Hülkenberg,German,Aston Martin,17.0,17,0.0,57,Finished,19.0,1:38.201,False,False,False,0.0
2022,1,Bahrain Grand Prix,Bahrain International Circuit,Bahrain,2022-03-20,perez,Sergio Pérez,Mexican,Red Bull,4.0,18,0.0,56,Fuel pressure,4.0,1:36.089,True,False,False,-14.0
2022,1,Bahrain Grand Prix,Bahrain International Circuit,Bahrain,2022-03-20,max_verstappen,Max Verstappen,Dutch,Red Bull,2.0,19,0.0,54,Fuel pressure,2.0,1:35.440,True,False,False,-17.0
2022,1,Bahrain Grand Prix,Bahrain International Circuit,Bahrain,2022-03-20,gasly,Pierre Gasly,French,AlphaTauri,10.0,20,0.0,44,Power Unit,17.0,1:37.324,True,False,False,-10.0
2022,2,Saudi Arabian Grand Prix,Jeddah Corniche Circuit,Saudi Arabia,2022-03-27,max_verstappen,Max Verstappen,Dutch,Red Bull,4.0,1,25.0,50,Finished,2.0,1:31.772,False,True,True,3.0
2022,2,Saudi Arabian Grand Prix,Jeddah Corniche Circuit,Saudi Arabia,2022-03-27,leclerc,Charles Leclerc,Monegasque,Ferrari,2.0,2,19.0,50,Finished,1.0,1:31.634,False,True,False,0.0
2022,2,Saudi Arabian Grand Prix,Jeddah Corniche Circuit,Saudi Arabia,2022-03-27,sainz,Carlos Sainz,Spanish,Ferrari,3.0,3,15.0,50,Finished,3.0,1:31.905,False,True,False,0.0
2022,2,Saudi Arabian Grand Prix,Jeddah Corniche Circuit,Saudi Arabia,2022-03-27,perez,Sergio Pérez,Mexican,Red Bull,1.0,4,12.0,50,Finished,4.0,1:32.042,False,False,False,-3.0
2022,2,Saudi Arabian Grand Prix,Jeddah Corniche Circuit,Saudi Arabia,2022-03-27,russell,George Russell,British,Mercedes,6.0,5,10.0,50,Finished,7.0,1:32.821,False,False,False,1.0
2022,2,Saudi Arabian Grand Prix,Jeddah Corniche Circuit,Saudi Arabia,2022-03-27,ocon,Esteban Ocon,French,Alpine F1 Team,5.0,6,8.0,50,Finished,9.0,1:33.103,False,False,False,-1.0
2022,2,Saudi Arabian Grand Prix,Jeddah Corniche Circuit,Saudi Arabia,2022-03-27,norris,Lando Norris,British,McLaren,11.0,7,6.0,50,Finished,5.0,1:32.753,False,False,False,4.0
2022,2,Saudi Arabian Grand Prix,Jeddah Corniche Circuit,Saudi Arabia,2022-03-27,gasly,Pierre Gasly,French,AlphaTauri,9.0,8,4.0,50,Finished,10.0,1:33.468,False,False,False,1.0
2022,2,Saudi Arabian Grand Prix,Jeddah Corniche Circuit,Saudi Arabia,2022-03-27,kevin_magnussen,Kevin Magnussen,Danish,Haas F1 Team,10.0,9,2.0,50,Finished,6.0,1:32.779,False,False,False,1.0
2022,2,Saudi Arabian Grand Prix,Jeddah Corniche Circuit,Saudi Arabia,2022-03-27,hamilton,Lewis Hamilton,British,Mercedes,15.0,10,1.0,50,Finished,8.0,1:32.997,False,False,False,5.0
2022,2,Saudi Arabian Grand Prix,Jeddah Corniche Circuit,Saudi Arabia,2022-03-27,zhou,Guanyu Zhou,Chinese,Alfa Romeo,12.0,11,0.0,50,Finished,13.0,1:33.924,False,False,False,1.0
2022,2,Saudi Arabian Grand Prix,Jeddah Corniche Circuit,Saudi Arabia,2022-03-27,hulkenberg,Nico Hülkenberg,German,Aston Martin,17.0,12,0.0,50,Finished,11.0,1:33.651,False,False,False,5.0
2022,2,Saudi Arabian Grand Prix,Jeddah Corniche Circuit,Saudi Arabia,2022-03-27,stroll,Lance Stroll,Canadian,Aston Martin,13.0,13,0.0,49,+1 Lap,16.0,1:34.446,False,False,False,0.0
2022,2,Saudi Arabian Grand Prix,Jeddah Corniche Circuit,Saudi Arabia,2022-03-27,albon,Alexander Albon,Thai,Williams,16.0,14,0.0,47,Collision damage,15.0,1:34.368,True,False,False,2.0
2022,2,Saudi Arabian Grand Prix,Jeddah Corniche Circuit,Saudi Arabia,2022-03-27,bottas,Valtteri Bottas,Finnish,Alfa Romeo,8.0,15,0.0,36,Cooling system,14.0,1:33.979,True,False,False,-7.0
2022,2,Saudi Arabian Grand Prix,Jeddah Corniche Circuit,Saudi Arabia,2022-03-27,alonso,Fernando Alonso,Spanish,Alpine F1 Team,7.0,16,0.0,35,Water pump,12.0,1:33.831,True,False,False,-9.0
2022,2,Saudi Arabian Grand Prix,Jeddah Corniche Circuit,Saudi Arabia,2022-03-27,ricciardo,Daniel Ricciardo,Australian,McLaren,14.0,17,0.0,35,Gearbox,17.0,1:34.487,True,False,False,-3.0
2022,2,Saudi Arabian Grand Prix,Jeddah Corniche Circuit,Saudi Arabia,2022-03-27,latifi,Nicholas Latifi,Canadian,Williams,18.0,18,0.0,14,Accident,18.0,1:37.530,True,False,False,0.0
2022,2,Saudi Arabian Grand Prix,Jeddah Corniche Circuit,Saudi Arabia,2022-03-27,tsunoda,Yuki Tsunoda,Japanese,AlphaTauri,19.0,19,0.0,0,Power Unit,,,True,False,False,0.0
2022,2,Saudi Arabian Grand Prix,Jeddah Corniche Circuit,Saudi Arabia,2022-03-27,mick_schumacher,Mick Schumacher,German,Haas F1 Team,,20,0.0,0,Withdrew,,,True,False,False,
2022,3,Australian Grand Prix,Albert Park Grand Prix Circuit,Australia,2022-04-10,leclerc,Charles Leclerc,Monegasque,Ferrari,1.0,1,26.0,58,Finished,1.0,1:20.260,False,True,True,0.0
2022,3,Australian Grand Prix,Albert Park Grand Prix Circuit,Australia,2022-04-10,perez,Sergio Pérez,Mexican,Red Bull,3.0,2,18.0,58,Finished,3.0,1:21.094,False,True,False,1.0
2022,3,Australian Grand Prix,Albert Park Grand Prix Circuit,Australia,2022-04-10,russell,George Russell,British,Mercedes,6.0,3,15.0,58,Finished,4.0,1:21.495,False,True,False,3.0
2022,3,Australian Grand Prix,Albert Park Grand Prix Circuit,Australia,2022-04-10,hamilton,Lewis Hamilton,British,Mercedes,5.0,4,12.0,58,Finished,7.0,1:21.886,False,False,False,1.0
2022,3,Australian Grand Prix,Albert Park Grand Prix Circuit,Australia,2022-04-10,norris,Lando Norris,British,McLaren,4.0,5,10.0,58,Finished,8.0,1:22.248,False,False,False,-1.0
2022,3,Australian Grand Prix,Albert Park Grand Prix Circuit,Australia,2022-04-10,ricciardo,Daniel Ricciardo,Australian,McLaren,7.0,6,8.0,58,Finished,9.0,1:22.451,False,False,False,1.0
2022,3,Australian Grand Prix,Albert Park Grand Prix Circuit,Australia,2022-04-10,ocon,Esteban Ocon,French,Alpine F1 Team,8.0,7,6.0,58,Finished,10.0,1:22.469,False,False,False,1.0
2022,3,Australian Grand Prix,Albert Park Grand Prix Circuit,Australia,2022-04-10,bottas,Valtteri Bottas,Finnish,Alfa Romeo,12.0,8,4.0,58,Finished,5.0,1:21.651,False,False,False,4.0
2022,3,Australian Grand Prix,Albert Park Grand Prix Circuit,Australia,2022-04-10,gasly,Pierre Gasly,French,AlphaTauri,11.0,9,2.0,58,Finished,13.0,1:22.731,False,False,False,2.0
2022,3,Australian Grand Prix,Albert Park Grand Prix Circuit,Australia,2022-04-10,albon,Alexander Albon,Thai,Williams,20.0,10,1.0,58,Finished,12.0,1:22.589,False,False,False,10.0
2022,3,Australian Grand Prix,Albert Park Grand Prix Circuit,Australia,2022-04-10,zhou,Guanyu Zhou,Chinese,Alfa Romeo,14.0,11,0.0,58,Finished,11.0,1:22.541,False,False,False,3.0
2022,3,Australian Grand Prix,Albert Park Grand Prix Circuit,Australia,2022-04-10,stroll,Lance Stroll,Canadian,Aston Martin,19.0,12,0.0,58,Finished,17.0,1:23.592,False,False,False,7.0
2022,3,Australian Grand Prix,Albert Park Grand Prix Circuit,Australia,2022-04-10,mick_schumacher,Mick Schumacher,German,Haas F1 Team,15.0,13,0.0,57,+1 Lap,14.0,1:23.006,False,False,False,2.0
2022,3,Australian Grand Prix,Albert Park Grand Prix Circuit,Australia,2022-04-10,kevin_magnussen,Kevin Magnussen,Danish,Haas F1 Team,16.0,14,0.0,57,+1 Lap,15.0,1:23.071,False,False,False,2.0
2022,3,Australian Grand Prix,Albert Park Grand Prix Circuit,Australia,2022-04-10,tsunoda,Yuki Tsunoda,Japanese,AlphaTauri,13.0,15,0.0,57,+1 Lap,16.0,1:23.342,False,False,False,-2.0
2022,3,Australian Grand Prix,Albert Park Grand Prix Circuit,Australia,2022-04-10,latifi,Nicholas Latifi,Canadian,Williams,18.0,16,0.0,57,+1 Lap,18.0,1:23.882,False,False,False,2.0
2022,3,Australian Grand Prix,Albert Park Grand Prix Circuit,Australia,2022-04-10,alonso,Fernando Alonso,Spanish,Alpine F1 Team,10.0,17,0.0,57,+1 Lap,2.0,1:20.846,False,False,False,-7.0
2022,3,Australian Grand Prix,Albert Park Grand Prix Circuit,Australia,2022-04-10,max_verstappen,Max Verstappen,Dutch,Red Bull,2.0,18,0.0,38,Fuel leak,6.0,1:21.677,True,False,False,-16.0
2022,3,Australian Grand Prix,Albert Park Grand Prix Circuit,Australia,2022-04-10,vettel,Sebastian Vettel,German,Aston Martin,17.0,19,0.0,22,Accident,19.0,1:25.189,True,False,False,-2.0
2022,3,Australian Grand Prix,Albert Park Grand Prix Circuit,Australia,2022-04-10,sainz,Carlos Sainz,Spanish,Ferrari,9.0,20,0.0,1,Spun off,,,True,False,False,-11.0
2022,4,Emilia Romagna Grand Prix,Autodromo Enzo e Dino Ferrari,Italy,2022-04-24,max_verstappen,Max Verstappen,Dutch,Red Bull,1.0,1,26.0,63,Finished,1.0,1:18.446,False,True,True,0.0
2022,4,Emilia Romagna Grand Prix,Autodromo Enzo e Dino Ferrari,Italy,2022-04-24,perez,Sergio Pérez,Mexican,Red Bull,3.0,2,18.0,63,Finished,3.0,1:18.949,False,True,False,1.0
2022,4,Emilia Romagna Grand Prix,Autodromo Enzo e Dino Ferrari,Italy,2022-04-24,norris,Lando Norris,British,McLaren,5.0,3,15.0,63,Finished,7.0,1:20.903,False,True,False,2.0
2022,4,Emilia Romagna Grand Prix,Autodromo Enzo e Dino Ferrari,Italy,2022-04-24,russell,George Russell,British,Mercedes,11.0,4,12.0,63,Finished,8.0,1:20.962,False,False,False,7.0
2022,4,Emilia Romagna Grand Prix,Autodromo Enzo e Dino Ferrari,Italy,2022-04-24,bottas,Valtteri Bottas,Finnish,Alfa Romeo,7.0,5,10.0,63,Finished,6.0,1:20.758,False,False,False,2.0
2022,4,Emilia Romagna Grand Prix,Autodromo Enzo e Dino Ferrari,Italy,2022-04-24,leclerc,Charles Leclerc,Monegasque,Ferrari,2.0,6,8.0,63,Finished,2.0,1:18.574,False,False,False,-4.0
2022,4,Emilia Romagna Grand Prix,Autodromo Enzo e Dino Ferrari,Italy,2022-04-24,tsunoda,Yuki Tsunoda,Japanese,AlphaTauri,12.0,7,6.0,63,Finished,5.0,1:20.544,False,False,False,5.0
2022,4,Emilia Romagna Grand Prix,Autodromo Enzo e Dino Ferrari,Italy,2022-04-24,vettel,Sebastian Vettel,German,Aston Martin,13.0,8,4.0,63,Finished,9.0,1:21.211,False,False,False,5.0
2022,4,Emilia Romagna Grand Prix,Autodromo Enzo e Dino Ferrari,Italy,2022-04-24,kevin_magnussen,Kevin Magnussen,Danish,Haas F1 Team,8.0,9,2.0,63,Finished,10.0,1:21.238,False,False,False,-1.0
2022,4,Emilia Romagna Grand Prix,Autodromo Enzo e Dino Ferrari,Italy,2022-04-24,stroll,Lance Stroll,Canadian,Aston Martin,15.0,10,1.0,62,+1 Lap,16.0,1:21.750,False,False,False,5.0
2022,4,Emilia Romagna Grand Prix,Autodromo Enzo e Dino Ferrari,Italy,2022-04-24,albon,Alexander Albon,Thai,Williams,18.0,11,0.0,62,+1 Lap,17.0,1:21.757,False,False,False,7.0
2022,4,Emilia Romagna Grand Prix,Autodromo Enzo e Dino Ferrari,Italy,2022-04-24,gasly,Pierre Gasly,French,AlphaTauri,17.0,12,0.0,62,+1 Lap,15.0,1:21.713,False,False,False,5.0
2022,4,Emilia Romagna Grand Prix,Autodromo Enzo e Dino Ferrari,Italy,2022-04-24,hamilton,Lewis Hamilton,British,Mercedes,14.0,13,0.0,62,+1 Lap,13.0,1:21.419,False,False,False,1.0
2022,4,Emilia Romagna Grand Prix,Autodromo Enzo e Dino Ferrari,Italy,2022-04-24,ocon,Esteban Ocon,French,Alpine F1 Team,16.0,14,0.0,62,+1 Lap,18.0,1:21.887,False,False,False,2.0
2022,4,Emilia Romagna Grand Prix,Autodromo Enzo e Dino Ferrari,Italy,2022-04-24,zhou,Guanyu Zhou,Chinese,Alfa Romeo,,15,0.0,62,+1 Lap,11.0,1:21.286,False,False,False,
2022,4,Emilia Romagna Grand Prix,Autodromo Enzo e Dino Ferrari,Italy,2022-04-24,latifi,Nicholas Latifi,Canadian,Williams,19.0,16,0.0,62,+1 Lap,12.0,1:21.338,False,False,False,3.0
2022,4,Emilia Romagna Grand Prix,Autodromo Enzo e Dino Ferrari,Italy,2022-04-24,mick_schumacher,Mick Schumacher,German,Haas F1 Team,10.0,17,0.0,62,+1 Lap,4.0,1:18.999,False,False,False,-7.0
2022,4,Emilia Romagna Grand Prix,Autodromo Enzo e Dino Ferrari,Italy,2022-04-24,ricciardo,Daniel Ricciardo,Australian,McLaren,6.0,18,0.0,62,+1 Lap,14.0,1:21.577,False,False,False,-12.0
2022,4,Emilia Romagna Grand Prix,Autodromo Enzo e Dino Ferrari,Italy,2022-04-24,alonso,Fernando Alonso,Spanish,Alpine F1 Team,9.0,19,0.0,6,Collision damage,19.0,1:39.685,True,False,False,-10.0
2022,4,Emilia Romagna Grand Prix,Autodromo Enzo e Dino Ferrari,Italy,2022-04-24,sainz,Carlos Sainz,Spanish,Ferrari,4.0,20,0.0,0,Collision,,,True,False,False,-16.0
2022,5,Miami Grand Prix,Miami International Autodrome,USA,2022-05-08,max_verstappen,Max Verstappen,Dutch,Red Bull,3.0,1,26.0,57,Finished,1.0,1:31.361,False,True,True,2.0
2022,5,Miami Grand Prix,Miami International Autodrome,USA,2022-05-08,leclerc,Charles Leclerc,Monegasque,Ferrari,1.0,2,18.0,57,Finished,2.0,1:31.488,False,True,False,-1.0
2022,5,Miami Grand Prix,Miami International Autodrome,USA,2022-05-08,sainz,Carlos Sainz,Spanish,Ferrari,2.0,3,15.0,57,Finished,3.0,1:31.790,False,True,False,-1.0
2022,5,Miami Grand Prix,Miami International Autodrome,USA,2022-05-08,perez,Sergio Pérez,Mexican,Red Bull,4.0,4,12.0,57,Finished,4.0,1:31.819,False,False,False,0.0
2022,5,Miami Grand Prix,Miami International Autodrome,USA,2022-05-08,russell,George Russell,British,Mercedes,12.0,5,10.0,57,Finished,5.0,1:32.195,False,False,False,7.0
2022,5,Miami Grand Prix,Miami International Autodrome,USA,2022-05-08,hamilton,Lewis Hamilton,British,Mercedes,6.0,6,8.0,57,Finished,7.0,1:32.941,False,False,False,0.0
2022,5,Miami Grand Prix,Miami International Autodrome,USA,2022-05-08,bottas,Valtteri Bottas,Finnish,Alfa Romeo,5.0,7,6.0,57,Finished,10.0,1:33.184,False,False,False,-2.0
2022,5,Miami Grand Prix,Miami International Autodrome,USA,2022-05-08,ocon,Esteban Ocon,French,Alpine F1 Team,20.0,8,4.0,57,Finished,9.0,1:33.163,False,False,False,12.0
2022,5,Miami Grand Prix,Miami International Autodrome,USA,2022-05-08,albon,Alexander Albon,Thai,Williams,18.0,9,2.0,57,Finished,15.0,1:33.447,False,False,False,9.0
2022,5,Miami Grand Prix,Miami International Autodrome,USA,2022-05-08,stroll,Lance Stroll,Canadian,Aston Martin,,10,1.0,57,Finished,12.0,1:33.312,False,False,False,
2022,5,Miami Grand Prix,Miami International Autodrome,USA,2022-05-08,alonso,Fernando Alonso,Spanish,Alpine F1 Team,11.0,11,0.0,57,Finished,13.0,1:33.331,False,False,False,0.0
2022,5,Miami Grand Prix,Miami International Autodrome,USA,2022-05-08,tsunoda,Yuki Tsunoda,Japanese,AlphaTauri,9.0,12,0.0,57,Finished,8.0,1:33.035,False,False,False,-3.0
2022,5,Miami Grand Prix,Miami International Autodrome,USA,2022-05-08,ricciardo,Daniel Ricciardo,Australian,McLaren,14.0,13,0.0,57,Finished,11.0,1:33.265,False,False,False,1.0
2022,5,Miami Grand Prix,Miami International Autodrome,USA,2022-05-08,latifi,Nicholas Latifi,Canadian,Williams,19.0,14,0.0,57,Finished,18.0,1:34.169,False,False,False,5.0
2022,5,Miami Grand Prix,Miami International Autodrome,USA,2022-05-08,mick_schumacher,Mick Schumacher,German,Haas F1 Team,15.0,15,0.0,57,Finished,6.0,1:32.528,False,False,False,0.0
2022,5,Miami Grand Prix,Miami International Autodrome,USA,2022-05-08,kevin_magnussen,Kevin Magnussen,Danish,Haas F1 Team,16.0,16,0.0,56,Front wing,17.0,1:33.511,True,False,False,0.0
2022,5,Miami Grand Prix,Miami International Autodrome,USA,2022-05-08,vettel,Sebastian Vettel,German,Aston Martin,,17,0.0,54,Collision,16.0,1:33.479,True,False,False,
2022,5,Miami Grand Prix,Miami International Autodrome,USA,2022-05-08,gasly,Pierre Gasly,French,AlphaTauri,7.0,18,0.0,45,Suspension,19.0,1:34.487,True,False,False,-11.0
2022,5,Miami Grand Prix,Miami International Autodrome,USA,2022-05-08,norris,Lando Norris,British,McLaren,8.0,19,0.0,39,Collision,14.0,1:33.411,True,False,False,-11.0
2022,5,Miami Grand Prix,Miami International Autodrome,USA,2022-05-08,zhou,Guanyu Zhou,Chinese,Alfa Romeo,17.0,20,0.0,6,Water leak,20.0,1:35.731,True,False,False,-3.0
2022,6,Spanish Grand Prix,Circuit de Barcelona-Catalunya,Spain,2022-05-22,max_verstappen,Max Verstappen,Dutch,Red Bull,2.0,1,25.0,66,Finished,4.0,1:25.456,False,True,True,1.0
2022,6,Spanish Grand Prix,Circuit de Barcelona-Catalunya,Spain,2022-05-22,perez,Sergio Pérez,Mexican,Red Bull,5.0,2,19.0,66,Finished,1.0,1:24.108,False,True,False,3.0
2022,6,Spanish Grand Prix,Circuit de Barcelona-Catalunya,Spain,2022-05-22,russell,George Russell,British,Mercedes,4.0,3,15.0,66,Finished,3.0,1:24.636,False,True,False,1.0
2022,6,Spanish Grand Prix,Circuit de Barcelona-Catalunya,Spain,2022-05-22,sainz,Carlos Sainz,Spanish,Ferrari,3.0,4,12.0,66,Finished,7.0,1:25.985,False,False,False,-1.0
2022,6,Spanish Grand Prix,Circuit de Barcelona-Catalunya,Spain,2022-05-22,hamilton,Lewis Hamilton,British,Mercedes,6.0,5,10.0,66,Finished,2.0,1:24.253,False,False,False,1.0
2022,6,Spanish Grand Prix,Circuit de Barcelona-Catalunya,Spain,2022-05-22,bottas,Valtteri Bottas,Finnish,Alfa Romeo,7.0,6,8.0,66,Finished,8.0,1:26.395,False,False,False,1.0
2022,6,Spanish Grand Prix,Circuit de Barcelona-Catalunya,Spain,2022-05-22,ocon,Esteban Ocon,French,Alpine F1 Team,12.0,7,6.0,66,Finished,6.0,1:25.935,False,False,False,5.0
2022,6,Spanish Grand Prix,Circuit de Barcelona-Catalunya,Spain,2022-05-22,norris,Lando Norris,British,McLaren,11.0,8,4.0,66,Finished,5.0,1:25.619,False,False,False,3.0
2022,6,Spanish Grand Prix,Circuit de Barcelona-Catalunya,Spain,2022-05-22,alonso,Fernando Alonso,Spanish,Alpine F1 Team,20.0,9,2.0,65,+1 Lap,9.0,1:26.599,False,False,False,11.0
2022,6,Spanish Grand Prix,Circuit de Barcelona-Catalunya,Spain,2022-05-22,tsunoda,Yuki Tsunoda,Japanese,AlphaTauri,13.0,10,1.0,65,+1 Lap,10.0,1:26.828,False,False,False,3.0
2022,6,Spanish Grand Prix,Circuit de Barcelona-Catalunya,Spain,2022-05-22,vettel,Sebastian Vettel,German,Aston Martin,16.0,11,0.0,65,+1 Lap,18.0,1:27.629,False,False,False,5.0
2022,6,Spanish Grand Prix,Circuit de Barcelona-Catalunya,Spain,2022-05-22,ricciardo,Daniel Ricciardo,Australian,McLaren,9.0,12,0.0,65,+1 Lap,15.0,1:27.285,False,False,False,-3.0
2022,6,Spanish Grand Prix,Circuit de Barcelona-Catalunya,Spain,2022-05-22,gasly,Pierre Gasly,French,AlphaTauri,14.0,13,0.0,65,+1 Lap,12.0,1:26.987,False,False,False,1.0
2022,6,Spanish Grand Prix,Circuit de Barcelona-Catalunya,Spain,2022-05-22,mick_schumacher,Mick Schumacher,German,Haas F1 Team,10.0,14,0.0,65,+1 Lap,16.0,1:27.447,False,False,False,-4.0
2022,6,Spanish Grand Prix,Circuit de Barcelona-Catalunya,Spain,2022-05-22,stroll,Lance Stroll,Canadian,Aston Martin,17.0,15,0.0,65,+1 Lap,11.0,1:26.876,False,False,False,2.0
2022,6,Spanish Grand Prix,Circuit de Barcelona-Catalunya,Spain,2022-05-22,latifi,Nicholas Latifi,Canadian,Williams,19.0,16,0.0,64,+2 Laps,14.0,1:27.246,False,False,False,3.0
2022,6,Spanish Grand Prix,Circuit de Barcelona-Catalunya,Spain,2022-05-22,kevin_magnussen,Kevin Magnussen,Danish,Haas F1 Team,8.0,17,0.0,64,+2 Laps,17.0,1:27.537,False,False,False,-9.0
2022,6,Spanish Grand Prix,Circuit de Barcelona-Catalunya,Spain,2022-05-22,albon,Alexander Albon,Thai,Williams,18.0,18,0.0,64,+2 Laps,19.0,1:28.281,False,False,False,0.0
2022,6,Spanish Grand Prix,Circuit de Barcelona-Catalunya,Spain,2022-05-22,zhou,Guanyu Zhou,Chinese,Alfa Romeo,15.0,19,0.0,28,Power loss,20.0,1:28.415,True,False,False,-4.0
2022,6,Spanish Grand Prix,Circuit de Barcelona-Catalunya,Spain,2022-05-22,leclerc,Charles Leclerc,Monegasque,Ferrari,1.0,20,0.0,27,Turbo,13.0,1:27.030,True,False,False,-19.0
2022,7,Monaco Grand Prix,Circuit de Monaco,Monaco,2022-05-29,perez,Sergio Pérez,Mexican,Red Bull,3.0,1,25.0,64,Finished,4.0,1:16.028,False,True,True,2.0
2022,7,Monaco Grand Prix,Circuit de Monaco,Monaco,2022-05-29,sainz,Carlos Sainz,Spanish,Ferrari,2.0,2,18.0,64,Finished,7.0,1:16.421,False,True,False,0.0
2022,7,Monaco Grand Prix,Circuit de Monaco,Monaco,2022-05-29,max_verstappen,Max Verstappen,Dutch,Red Bull,4.0,3,15.0,64,Finished,5.0,1:16.052,False,True,False,1.0
2022,7,Monaco Grand Prix,Circuit de Monaco,Monaco,2022-05-29,leclerc,Charles Leclerc,Monegasque,Ferrari,1.0,4,12.0,64,Finished,6.0,1:16.249,False,False,False,-3.0
2022,7,Monaco Grand Prix,Circuit de Monaco,Monaco,2022-05-29,russell,George Russell,British,Mercedes,6.0,5,10.0,64,Finished,8.0,1:16.830,False,False,False,1.0
2022,7,Monaco Grand Prix,Circuit de Monaco,Monaco,2022-05-29,norris,Lando Norris,British,McLaren,5.0,6,9.0,64,Finished,1.0,1:14.693,False,False,False,-1.0
2022,7,Monaco Grand Prix,Circuit de Monaco,Monaco,2022-05-29,alonso,Fernando Alonso,Spanish,Alpine F1 Team,7.0,7,6.0,64,Finished,3.0,1:15.882,False,False,False,0.0
2022,7,Monaco Grand Prix,Circuit de Monaco,Monaco,2022-05-29,hamilton,Lewis Hamilton,British,Mercedes,8.0,8,4.0,64,Finished,9.0,1:17.203,False,False,False,0.0
2022,7,Monaco Grand Prix,Circuit de Monaco,Monaco,2022-05-29,bottas,Valtteri Bottas,Finnish,Alfa Romeo,12.0,9,2.0,64,Finished,14.0,1:17.600,False,False,False,3.0
2022,7,Monaco Grand Prix,Circuit de Monaco,Monaco,2022-05-29,vettel,Sebastian Vettel,German,Aston Martin,9.0,10,1.0,64,Finished,12.0,1:17.558,False,False,False,-1.0
2022,7,Monaco Grand Prix,Circuit de Monaco,Monaco,2022-05-29,gasly,Pierre Gasly,French,AlphaTauri,17.0,11,0.0,64,Finished,10.0,1:17.344,False,False,False,6.0
2022,7,Monaco Grand Prix,Circuit de Monaco,Monaco,2022-05-29,ocon,Esteban Ocon,French,Alpine F1 Team,10.0,12,0.0,64,Finished,13.0,1:17.571,False,False,False,-2.0
2022,7,Monaco Grand Prix,Circuit de Monaco,Monaco,2022-05-29,ricciardo,Daniel Ricciardo,Australian,McLaren,14.0,13,0.0,64,Finished,11.0,1:17.532,False,False,False,1.0
2022,7,Monaco Grand Prix,Circuit de Monaco,Monaco,2022-05-29,stroll,Lance Stroll,Canadian,Aston Martin,18.0,14,0.0,64,Finished,15.0,1:17.672,False,False,False,4.0
2022,7,Monaco Grand Prix,Circuit de Monaco,Monaco,2022-05-29,latifi,Nicholas Latifi,Canadian,Williams,19.0,15,0.0,63,+1 Lap,18.0,1:18.579,False,False,False,4.0
2022,7,Monaco Grand Prix,Circuit de Monaco,Monaco,2022-05-29,zhou,Guanyu Zhou,Chinese,Alfa Romeo,20.0,16,0.0,63,+1 Lap,17.0,1:18.200,False,False,False,4.0
2022,7,Monaco Grand Prix,Circuit de Monaco,Monaco,2022-05-29,tsunoda,Yuki Tsunoda,Japanese,AlphaTauri,11.0,17,0.0,63,+1 Lap,2.0,1:15.334,False,False,False,-6.0
2022,7,Monaco Grand Prix,Circuit de Monaco,Monaco,2022-05-29,albon,Alexander Albon,Thai,Williams,16.0,18,0.0,48,Mechanical,16.0,1:18.023,True,False,False,-2.0
2022,7,Monaco Grand Prix,Circuit de Monaco,Monaco,2022-05-29,mick_schumacher,Mick Schumacher,German,Haas F1 Team,15.0,19,0.0,24,Accident,19.0,1:24.778,True,False,False,-4.0
2022,7,Monaco Grand Prix,Circuit de Monaco,Monaco,2022-05-29,kevin_magnussen,Kevin Magnussen,Danish,Haas F1 Team,13.0,20,0.0,19,Water pressure,20.0,1:33.754,True,False,False,-7.0
2022,8,Azerbaijan Grand Prix,Baku City Circuit,Azerbaijan,2022-06-12,max_verstappen,Max Verstappen,Dutch,Red Bull,3.0,1,25.0,51,Finished,2.0,1:46.050,False,True,True,2.0
2022,8,Azerbaijan Grand Prix,Baku City Circuit,Azerbaijan,2022-06-12,perez,Sergio Pérez,Mexican,Red Bull,2.0,2,19.0,51,Finished,1.0,1:46.046,False,True,False,0.0
2022,8,Azerbaijan Grand Prix,Baku City Circuit,Azerbaijan,2022-06-12,russell,George Russell,British,Mercedes,5.0,3,15.0,51,Finished,4.0,1:47.177,False,True,False,2.0
2022,8,Azerbaijan Grand Prix,Baku City Circuit,Azerbaijan,2022-06-12,hamilton,Lewis Hamilton,British,Mercedes,7.0,4,12.0,51,Finished,3.0,1:47.044,False,False,False,3.0
2022,8,Azerbaijan Grand Prix,Baku City Circuit,Azerbaijan,2022-06-12,gasly,Pierre Gasly,French,AlphaTauri,6.0,5,10.0,51,Finished,16.0,1:48.519,False,False,False,1.0
2022,8,Azerbaijan Grand Prix,Baku City Circuit,Azerbaijan,2022-06-12,vettel,Sebastian Vettel,German,Aston Martin,9.0,6,8.0,51,Finished,12.0,1:48.206,False,False,False,3.0
2022,8,Azerbaijan Grand Prix,Baku City Circuit,Azerbaijan,2022-06-12,alonso,Fernando Alonso,Spanish,Alpine F1 Team,10.0,7,6.0,51,Finished,8.0,1:47.989,False,False,False,3.0
2022,8,Azerbaijan Grand Prix,Baku City Circuit,Azerbaijan,2022-06-12,ricciardo,Daniel Ricciardo,Australian,McLaren,12.0,8,4.0,51,Finished,13.0,1:48.276,False,False,False,4.0
2022,8,Azerbaijan Grand Prix,Baku City Circuit,Azerbaijan,2022-06-12,norris,Lando Norris,British,McLaren,11.0,9,2.0,51,Finished,9.0,1:47.997,False,False,False,2.0
2022,8,Azerbaijan Grand Prix,Baku City Circuit,Azerbaijan,2022-06-12,ocon,Esteban Ocon,French,Alpine F1 Team,13.0,10,1.0,51,Finished,14.0,1:48.297,False,False,False,3.0
2022,8,Azerbaijan Grand Prix,Baku City Circuit,Azerbaijan,2022-06-12,bottas,Valtteri Bottas,Finnish,Alfa Romeo,15.0,11,0.0,50,+1 Lap,11.0,1:48.179,False,False,False,4.0
2022,8,Azerbaijan Grand Prix,Baku City Circuit,Azerbaijan,2022-06-12,albon,Alexander Albon,Thai,Williams,17.0,12,0.0,50,+1 Lap,7.0,1:47.966,False,False,False,5.0
2022,8,Azerbaijan Grand Prix,Baku City Circuit,Azerbaijan,2022-06-12,tsunoda,Yuki Tsunoda,Japanese,AlphaTauri,8.0,13,0.0,50,+1 Lap,5.0,1:47.523,False,False,False,-5.0
2022,8,Azerbaijan Grand Prix,Baku City Circuit,Azerbaijan,2022-06-12,mick_schumacher,Mick Schumacher,German,Haas F1 Team,20.0,14,0.0,50,+1 Lap,15.0,1:48.410,False,False,False,6.0
2022,8,Azerbaijan Grand Prix,Baku City Circuit,Azerbaijan,2022-06-12,latifi,Nicholas Latifi,Canadian,Williams,18.0,15,0.0,50,+1 Lap,20.0,1:49.583,False,False,False,3.0
2022,8,Azerbaijan Grand Prix,Baku City Circuit,Azerbaijan,2022-06-12,stroll,Lance Stroll,Canadian,Aston Martin,19.0,16,0.0,46,Vibrations,10.0,1:48.038,True,False,False,3.0
2022,8,Azerbaijan Grand Prix,Baku City Circuit,Azerbaijan,2022-06-12,kevin_magnussen,Kevin Magnussen,Danish,Haas F1 Team,16.0,17,0.0,31,Power Unit,18.0,1:48.789,True,False,False,-1.0
2022,8,Azerbaijan Grand Prix,Baku City Circuit,Azerbaijan,2022-06-12,zhou,Guanyu Zhou,Chinese,Alfa Romeo,14.0,18,0.0,23,Hydraulics,17.0,1:48.723,True,False,False,-4.0
2022,8,Azerbaijan Grand Prix,Baku City Circuit,Azerbaijan,2022-06-12,leclerc,Charles Leclerc,Monegasque,Ferrari,1.0,19,0.0,21,Power Unit,6.0,1:47.531,True,False,False,-18.0
2022,8,Azerbaijan Grand Prix,Baku City Circuit,Azerbaijan,2022-06-12,sainz,Carlos Sainz,Spanish,Ferrari,4.0,20,0.0,8,Hydraulics,19.0,1:48.978,True,False,False,-16.0
2022,9,Canadian Grand Prix,Circuit Gilles Villeneuve,Canada,2022-06-19,max_verstappen,Max Verstappen,Dutch,Red Bull,1.0,1,25.0,70,Finished,2.0,1:15.839,False,True,True,0.0
2022,9,Canadian Grand Prix,Circuit Gilles Villeneuve,Canada,2022-06-19,sainz,Carlos Sainz,Spanish,Ferrari,3.0,2,19.0,70,Finished,1.0,1:15.749,False,True,False,1.0
2022,9,Canadian Grand Prix,Circuit Gilles Villeneuve,Canada,2022-06-19,hamilton,Lewis Hamilton,British,Mercedes,4.0,3,15.0,70,Finished,4.0,1:16.167,False,True,False,1.0
2022,9,Canadian Grand Prix,Circuit Gilles Villeneuve,Canada,2022-06-19,russell,George Russell,British,Mercedes,8.0,4,12.0,70,Finished,5.0,1:16.418,False,False,False,4.0
2022,9,Canadian Grand Prix,Circuit Gilles Villeneuve,Canada,2022-06-19,leclerc,Charles Leclerc,Monegasque,Ferrari,19.0,5,10.0,70,Finished,3.0,1:15.901,False,False,False,14.0
2022,9,Canadian Grand Prix,Circuit Gilles Villeneuve,Canada,2022-06-19,ocon,Esteban Ocon,French,Alpine F1 Team,7.0,6,8.0,70,Finished,9.0,1:17.110,False,False,False,1.0
2022,9,Canadian Grand Prix,Circuit Gilles Villeneuve,Canada,2022-06-19,bottas,Valtteri Bottas,Finnish,Alfa Romeo,11.0,7,6.0,70,Finished,8.0,1:17.010,False,False,False,4.0
2022,9,Canadian Grand Prix,Circuit Gilles Villeneuve,Canada,2022-06-19,zhou,Guanyu Zhou,Chinese,Alfa Romeo,10.0,8,4.0,70,Finished,7.0,1:16.927,False,False,False,2.0
2022,9,Canadian Grand Prix,Circuit Gilles Villeneuve,Canada,2022-06-19,alonso,Fernando Alonso,Spanish,Alpine F1 Team,2.0,9,2.0,70,Finished,6.0,1:16.578,False,False,False,-7.0
2022,9,Canadian Grand Prix,Circuit Gilles Villeneuve,Canada,2022-06-19,stroll,Lance Stroll,Canadian,Aston Martin,17.0,10,1.0,70,Finished,10.0,1:17.421,False,False,False,7.0
2022,9,Canadian Grand Prix,Circuit Gilles Villeneuve,Canada,2022-06-19,ricciardo,Daniel Ricciardo,Australian,McLaren,9.0,11,0.0,70,Finished,13.0,1:17.932,False,False,False,-2.0
2022,9,Canadian Grand Prix,Circuit Gilles Villeneuve,Canada,2022-06-19,vettel,Sebastian Vettel,German,Aston Martin,16.0,12,0.0,70,Finished,15.0,1:17.956,False,False,False,4.0
2022,9,Canadian Grand Prix,Circuit Gilles Villeneuve,Canada,2022-06-19,albon,Alexander Albon,Thai,Williams,12.0,13,0.0,70,Finished,14.0,1:17.951,False,False,False,-1.0
2022,9,Canadian Grand Prix,Circuit Gilles Villeneuve,Canada,2022-06-19,gasly,Pierre Gasly,French,AlphaTauri,15.0,14,0.0,70,Finished,12.0,1:17.810,False,False,False,1.0
2022,9,Canadian Grand Prix,Circuit Gilles Villeneuve,Canada,2022-06-19,norris,Lando Norris,British,McLaren,14.0,15,0.0,70,Finished,11.0,1:17.495,False,False,False,-1.0
2022,9,Canadian Grand Prix,Circuit Gilles Villeneuve,Canada,2022-06-19,latifi,Nicholas Latifi,Canadian,Williams,18.0,16,0.0,70,Finished,18.0,1:18.540,False,False,False,2.0
2022,9,Canadian Grand Prix,Circuit Gilles Villeneuve,Canada,2022-06-19,kevin_magnussen,Kevin Magnussen,Danish,Haas F1 Team,5.0,17,0.0,70,Finished,16.0,1:18.046,False,False,False,-12.0
2022,9,Canadian Grand Prix,Circuit Gilles Villeneuve,Canada,2022-06-19,tsunoda,Yuki Tsunoda,Japanese,AlphaTauri,20.0,18,0.0,47,Accident,17.0,1:18.309,True,False,False,2.0
2022,9,Canadian Grand Prix,Circuit Gilles Villeneuve,Canada,2022-06-19,mick_schumacher,Mick Schumacher,German,Haas F1 Team,6.0,19,0.0,18,Engine,20.0,1:18.967,True,False,False,-13.0
2022,9,Canadian Grand Prix,Circuit Gilles Villeneuve,Canada,2022-06-19,perez,Sergio Pérez,Mexican,Red Bull,13.0,20,0.0,7,Gearbox,19.0,1:18.844,True,False,False,-7.0
2022,10,British Grand Prix,Silverstone Circuit,UK,2022-07-03,sainz,Carlos Sainz,Spanish,Ferrari,1.0,1,25.0,52,Finished,2.0,1:30.813,False,True,True,0.0
2022,10,British Grand Prix,Silverstone Circuit,UK,2022-07-03,perez,Sergio Pérez,Mexican,Red Bull,4.0,2,18.0,52,Finished,3.0,1:30.937,False,True,False,2.0
2022,10,British Grand Prix,Silverstone Circuit,UK,2022-07-03,hamilton,Lewis Hamilton,British,Mercedes,5.0,3,16.0,52,Finished,1.0,1:30.510,False,True,False,2.0
2022,10,British Grand Prix,Silverstone Circuit,UK,2022-07-03,leclerc,Charles Leclerc,Monegasque,Ferrari,3.0,4,12.0,52,Finished,4.0,1:31.282,False,False,False,-1.0
2022,10,British Grand Prix,Silverstone Circuit,UK,2022-07-03,alonso,Fernando Alonso,Spanish,Alpine F1 Team,7.0,5,10.0,52,Finished,5.0,1:31.609,False,False,False,2.0
2022,10,British Grand Prix,Silverstone Circuit,UK,2022-07-03,norris,Lando Norris,British,McLaren,6.0,6,8.0,52,Finished,6.0,1:31.645,False,False,False,0.0
2022,10,British Grand Prix,Silverstone Circuit,UK,2022-07-03,max_verstappen,Max Verstappen,Dutch,Red Bull,2.0,7,6.0,52,Finished,8.0,1:32.354,False,False,False,-5.0
2022,10,British Grand Prix,Silverstone Circuit,UK,2022-07-03,mick_schumacher,Mick Schumacher,German,Haas F1 Team,19.0,8,4.0,52,Finished,7.0,1:32.109,False,False,False,11.0
2022,10,British Grand Prix,Silverstone Circuit,UK,2022-07-03,vettel,Sebastian Vettel,German,Aston Martin,18.0,9,2.0,52,Finished,10.0,1:32.471,False,False,False,9.0
2022,10,British Grand Prix,Silverstone Circuit,UK,2022-07-03,kevin_magnussen,Kevin Magnussen,Danish,Haas F1 Team,17.0,10,1.0,52,Finished,12.0,1:32.661,False,False,False,7.0
2022,10,British Grand Prix,Silverstone Circuit,UK,2022-07-03,stroll,Lance Stroll,Canadian,Aston Martin,20.0,11,0.0,52,Finished,9.0,1:32.379,False,False,False,9.0
2022,10,British Grand Prix,Silverstone Circuit,UK,2022-07-03,latifi,Nicholas Latifi,Canadian,Williams,10.0,12,0.0,52,Finished,13.0,1:33.286,False,False,False,-2.0
2022,10,British Grand Prix,Silverstone Circuit,UK,2022-07-03,ricciardo,Daniel Ricciardo,Australian,McLaren,14.0,13,0.0,52,Finished,11.0,1:32.644,False,False,False,1.0
2022,10,British Grand Prix,Silverstone Circuit,UK,2022-07-03,tsunoda,Yuki Tsunoda,Japanese,AlphaTauri,13.0,14,0.0,52,Finished,15.0,1:33.832,False,False,False,-1.0
2022,10,British Grand Prix,Silverstone Circuit,UK,2022-07-03,ocon,Esteban Ocon,French,Alpine F1 Team,15.0,15,0.0,37,Fuel pump,14.0,1:33.537,True,False,False,0.0
2022,10,British Grand Prix,Silverstone Circuit,UK,2022-07-03,gasly,Pierre Gasly,French,AlphaTauri,11.0,16,0.0,26,Collision damage,16.0,1:34.614,True,False,False,-5.0
2022,10,British Grand Prix,Silverstone Circuit,UK,2022-07-03,bottas,Valtteri Bottas,Finnish,Alfa Romeo,12.0,17,0.0,20,Gearbox,17.0,1:35.103,True,False,False,-5.0
2022,10,British Grand Prix,Silverstone Circuit,UK,2022-07-03,russell,George Russell,British,Mercedes,8.0,18,0.0,0,Collision,,,True,False,False,-10.0
2022,10,British Grand Prix,Silverstone Circuit,UK,2022-07-03,zhou,Guanyu Zhou,Chinese,Alfa Romeo,9.0,19,0.0,0,Collision,,,True,False,False,-10.0
2022,10,British Grand Prix,Silverstone Circuit,UK,2022-07-03,albon,Alexander Albon,Thai,Williams,16.0,20,0.0,0,Collision,,,True,False,False,-4.0
2022,11,Austrian Grand Prix,Red Bull Ring,Austria,2022-07-10,leclerc,Charles Leclerc,Monegasque,Ferrari,2.0,1,25.0,71,Finished,2.0,1:07.583,False,True,True,1.0
2022,11,Austrian Grand Prix,Red Bull Ring,Austria,2022-07-10,max_verstappen,Max Verstappen,Dutch,Red Bull,1.0,2,19.0,71,Finished,1.0,1:07.275,False,True,False,-1.0
2022,11,Austrian Grand Prix,Red Bull Ring,Austria,2022-07-10,hamilton,Lewis Hamilton,British,Mercedes,8.0,3,15.0,71,Finished,5.0,1:09.000,False,True,False,5.0
2022,11,Austrian Grand Prix,Red Bull Ring,Austria,2022-07-10,russell,George Russell,British,Mercedes,4.0,4,12.0,71,Finished,6.0,1:09.075,False,False,False,0.0
2022,11,Austrian Grand Prix,Red Bull Ring,Austria,2022-07-10,ocon,Esteban Ocon,French,Alpine F1 Team,6.0,5,10.0,71,Finished,10.0,1:09.559,False,False,False,1.0
2022,11,Austrian Grand Prix,Red Bull Ring,Austria,2022-07-10,mick_schumacher,Mick Schumacher,German,Haas F1 Team,9.0,6,8.0,70,+1 Lap,11.0,1:09.625,False,False,False,3.0
2022,11,Austrian Grand Prix,Red Bull Ring,Austria,2022-07-10,norris,Lando Norris,British,McLaren,10.0,7,6.0,70,+1 Lap,8.0,1:09.304,False,False,False,3.0
2022,11,Austrian Grand Prix,Red Bull Ring,Austria,2022-07-10,kevin_magnussen,Kevin Magnussen,Danish,Haas F1 Team,7.0,8,4.0,70,+1 Lap,14.0,1:09.938,False,False,False,-1.0
2022,11,Austrian Grand Prix,Red Bull Ring,Austria,2022-07-10,ricciardo,Daniel Ricciardo,Australian,McLaren,11.0,9,2.0,70,+1 Lap,13.0,1:09.924,False,False,False,2.0
2022,11,Austrian Grand Prix,Red Bull Ring,Austria,2022-07-10,alonso,Fernando Alonso,Spanish,Alpine F1 Team,19.0,10,1.0,70,+1 Lap,3.0,1:08.558,False,False,False,9.0
2022,11,Austrian Grand Prix,Red Bull Ring,Austria,2022-07-10,bottas,Valtteri Bottas,Finnish,Alfa Romeo,,11,0.0,70,+1 Lap,7.0,1:09.266,False,False,False,
2022,11,Austrian Grand Prix,Red Bull Ring,Austria,2022-07-10,albon,Alexander Albon,Thai,Williams,15.0,12,0.0,70,+1 Lap,12.0,1:09.669,False,False,False,3.0
2022,11,Austrian Grand Prix,Red Bull Ring,Austria,2022-07-10,stroll,Lance Stroll,Canadian,Aston Martin,12.0,13,0.0,70,+1 Lap,17.0,1:10.048,False,False,False,-1.0
2022,11,Austrian Grand Prix,Red Bull Ring,Austria,2022-07-10,zhou,Guanyu Zhou,Chinese,Alfa Romeo,13.0,14,0.0,70,+1 Lap,9.0,1:09.380,False,False,False,-1.0
2022,11,Austrian Grand Prix,Red Bull Ring,Austria,2022-07-10,gasly,Pierre Gasly,French,AlphaTauri,14.0,15,0.0,70,+1 Lap,18.0,1:10.104,False,False,False,-1.0
2022,11,Austrian Grand Prix,Red Bull Ring,Austria,2022-07-10,tsunoda,Yuki Tsunoda,Japanese,AlphaTauri,16.0,16,0.0,70,+1 Lap,16.0,1:10.023,False,False,False,0.0
2022,11,Austrian Grand Prix,Red Bull Ring,Austria,2022-07-10,vettel,Sebastian Vettel,German,Aston Martin,18.0,17,0.0,70,+1 Lap,15.0,1:10.001,False,False,False,1.0
2022,11,Austrian Grand Prix,Red Bull Ring,Austria,2022-07-10,sainz,Carlos Sainz,Spanish,Ferrari,3.0,18,0.0,56,Power Unit,4.0,1:08.649,True,False,False,-15.0
2022,11,Austrian Grand Prix,Red Bull Ring,Austria,2022-07-10,latifi,Nicholas Latifi,Canadian,Williams,17.0,19,0.0,48,Undertray,19.0,1:10.890,True,False,False,-2.0
2022,11,Austrian Grand Prix,Red Bull Ring,Austria,2022-07-10,perez,Sergio Pérez,Mexican,Red Bull,5.0,20,0.0,24,Collision damage,20.0,1:11.843,True,False,False,-15.0
2022,12,French Grand Prix,Circuit Paul Ricard,France,2022-07-24,max_verstappen,Max Verstappen,Dutch,Red Bull,2.0,1,25.0,53,Finished,2.0,1:37.491,False,True,True,1.0
2022,12,French Grand Prix,Circuit Paul Ricard,France,2022-07-24,hamilton,Lewis Hamilton,British,Mercedes,4.0,2,18.0,53,Finished,4.0,1:37.668,False,True,False,2.0
2022,12,French Grand Prix,Circuit Paul Ricard,France,2022-07-24,russell,George Russell,British,Mercedes,6.0,3,15.0,53,Finished,3.0,1:37.548,False,True,False,3.0
2022,12,French Grand Prix,Circuit Paul Ricard,France,2022-07-24,perez,Sergio Pérez,Mexican,Red Bull,3.0,4,12.0,53,Finished,5.0,1:37.780,False,False,False,-1.0
2022,12,French Grand Prix,Circuit Paul Ricard,France,2022-07-24,sainz,Carlos Sainz,Spanish,Ferrari,19.0,5,11.0,53,Finished,1.0,1:35.781,False,False,False,14.0
2022,12,French Grand Prix,Circuit Paul Ricard,France,2022-07-24,alonso,Fernando Alonso,Spanish,Alpine F1 Team,7.0,6,8.0,53,Finished,8.0,1:38.160,False,False,False,1.0
2022,12,French Grand Prix,Circuit Paul Ricard,France,2022-07-24,norris,Lando Norris,British,McLaren,5.0,7,6.0,53,Finished,11.0,1:39.037,False,False,False,-2.0
2022,12,French Grand Prix,Circuit Paul Ricard,France,2022-07-24,ocon,Esteban Ocon,French,Alpine F1 Team,10.0,8,4.0,53,Finished,9.0,1:38.684,False,False,False,2.0
2022,12,French Grand Prix,Circuit Paul Ricard,France,2022-07-24,ricciardo,Daniel Ricciardo,Australian,McLaren,9.0,9,2.0,53,Finished,14.0,1:39.133,False,False,False,0.0
2022,12,French Grand Prix,Circuit Paul Ricard,France,2022-07-24,stroll,Lance Stroll,Canadian,Aston Martin,15.0,10,1.0,53,Finished,15.0,1:39.185,False,False,False,5.0
2022,12,French Grand Prix,Circuit Paul Ricard,France,2022-07-24,vettel,Sebastian Vettel,German,Aston Martin,12.0,11,0.0,53,Finished,12.0,1:39.044,False,False,False,1.0
2022,12,French Grand Prix,Circuit Paul Ricard,France,2022-07-24,gasly,Pierre Gasly,French,AlphaTauri,14.0,12,0.0,53,Finished,10.0,1:38.786,False,False,False,2.0
2022,12,French Grand Prix,Circuit Paul Ricard,France,2022-07-24,albon,Alexander Albon,Thai,Williams,13.0,13,0.0,53,Finished,16.0,1:39.199,False,False,False,0.0
2022,12,French Grand Prix,Circuit Paul Ricard,France,2022-07-24,bottas,Valtteri Bottas,Finnish,Alfa Romeo,11.0,14,0.0,53,Finished,6.0,1:37.963,False,False,False,-3.0
2022,12,French Grand Prix,Circuit Paul Ricard,France,2022-07-24,mick_schumacher,Mick Schumacher,German,Haas F1 Team,17.0,15,0.0,53,Finished,13.0,1:39.068,False,False,False,2.0
2022,12,French Grand Prix,Circuit Paul Ricard,France,2022-07-24,zhou,Guanyu Zhou,Chinese,Alfa Romeo,16.0,16,0.0,47,+6 Laps,18.0,1:39.368,False,False,False,0.0
2022,12,French Grand Prix,Circuit Paul Ricard,France,2022-07-24,latifi,Nicholas Latifi,Canadian,Williams,18.0,17,0.0,40,Collision damage,19.0,1:39.650,True,False,False,1.0
2022,12,French Grand Prix,Circuit Paul Ricard,France,2022-07-24,kevin_magnussen,Kevin Magnussen,Danish,Haas F1 Team,20.0,18,0.0,37,Collision damage,17.0,1:39.265,True,False,False,2.0
2022,12,French Grand Prix,Circuit Paul Ricard,France,2022-07-24,leclerc,Charles Leclerc,Monegasque,Ferrari,1.0,19,0.0,17,Accident,7.0,1:38.088,True,False,False,-18.0
2022,12,French Grand Prix,Circuit Paul Ricard,France,2022-07-24,tsunoda,Yuki Tsunoda,Japanese,AlphaTauri,8.0,20,0.0,17,Undertray,20.0,1:40.216,True,False,False,-12.0
2022,13,Hungarian Grand Prix,Hungaroring,Hungary,2022-07-31,max_verstappen,Max Verstappen,Dutch,Red Bull,10.0,1,25.0,70,Finished,6.0,1:22.126,False,True,True,9.0
2022,13,Hungarian Grand Prix,Hungaroring,Hungary,2022-07-31,hamilton,Lewis Hamilton,British,Mercedes,7.0,2,19.0,70,Finished,1.0,1:21.386,False,True,False,5.0
2022,13,Hungarian Grand Prix,Hungaroring,Hungary,2022-07-31,russell,George Russell,British,Mercedes,1.0,3,15.0,70,Finished,9.0,1:22.766,False,True,False,-2.0
2022,13,Hungarian Grand Prix,Hungaroring,Hungary,2022-07-31,sainz,Carlos Sainz,Spanish,Ferrari,2.0,4,12.0,70,Finished,4.0,1:22.000,False,False,False,-2.0
2022,13,Hungarian Grand Prix,Hungaroring,Hungary,2022-07-31,perez,Sergio Pérez,Mexican,Red Bull,11.0,5,10.0,70,Finished,3.0,1:21.940,False,False,False,6.0
2022,13,Hungarian Grand Prix,Hungaroring,Hungary,2022-07-31,leclerc,Charles Leclerc,Monegasque,Ferrari,3.0,6,8.0,70,Finished,2.0,1:21.622,False,False,False,-3.0
2022,13,Hungarian Grand Prix,Hungaroring,Hungary,2022-07-31,norris,Lando Norris,British,McLaren,4.0,7,6.0,70,Finished,11.0,1:23.043,False,False,False,-3.0
2022,13,Hungarian Grand Prix,Hungaroring,Hungary,2022-07-31,alonso,Fernando Alonso,Spanish,Alpine F1 Team,6.0,8,4.0,69,+1 Lap,18.0,1:23.979,False,False,False,-2.0
2022,13,Hungarian Grand Prix,Hungaroring,Hungary,2022-07-31,ocon,Esteban Ocon,French,Alpine F1 Team,5.0,9,2.0,69,+1 Lap,20.0,1:24.149,False,False,False,-4.0
2022,13,Hungarian Grand Prix,Hungaroring,Hungary,2022-07-31,vettel,Sebastian Vettel,German,Aston Martin,18.0,10,1.0,69,+1 Lap,10.0,1:22.824,False,False,False,8.0
2022,13,Hungarian Grand Prix,Hungaroring,Hungary,2022-07-31,stroll,Lance Stroll,Canadian,Aston Martin,14.0,11,0.0,69,+1 Lap,7.0,1:22.437,False,False,False,3.0
2022,13,Hungarian Grand Prix,Hungaroring,Hungary,2022-07-31,gasly,Pierre Gasly,French,AlphaTauri,,12,0.0,69,+1 Lap,14.0,1:23.199,False,False,False,
2022,13,Hungarian Grand Prix,Hungaroring,Hungary,2022-07-31,zhou,Guanyu Zhou,Chinese,Alfa Romeo,12.0,13,0.0,69,+1 Lap,5.0,1:22.029,False,False,False,-1.0
2022,13,Hungarian Grand Prix,Hungaroring,Hungary,2022-07-31,mick_schumacher,Mick Schumacher,German,Haas F1 Team,15.0,14,0.0,69,+1 Lap,13.0,1:23.151,False,False,False,1.0
2022,13,Hungarian Grand Prix,Hungaroring,Hungary,2022-07-31,ricciardo,Daniel Ricciardo,Australian,McLaren,9.0,15,0.0,69,+1 Lap,17.0,1:23.654,False,False,False,-6.0
2022,13,Hungarian Grand Prix,Hungaroring,Hungary,2022-07-31,kevin_magnussen,Kevin Magnussen,Danish,Haas F1 Team,13.0,16,0.0,69,+1 Lap,15.0,1:23.511,False,False,False,-3.0
2022,13,Hungarian Grand Prix,Hungaroring,Hungary,2022-07-31,albon,Alexander Albon,Thai,Williams,17.0,17,0.0,69,+1 Lap,12.0,1:23.047,False,False,False,0.0
2022,13,Hungarian Grand Prix,Hungaroring,Hungary,2022-07-31,latifi,Nicholas Latifi,Canadian,Williams,19.0,18,0.0,69,+1 Lap,8.0,1:22.478,False,False,False,1.0
2022,13,Hungarian Grand Prix,Hungaroring,Hungary,2022-07-31,tsunoda,Yuki Tsunoda,Japanese,AlphaTauri,16.0,19,0.0,68,+2 Laps,16.0,1:23.538,False,False,False,-3.0
2022,13,Hungarian Grand Prix,Hungaroring,Hungary,2022-07-31,bottas,Valtteri Bottas,Finnish,Alfa Romeo,8.0,20,0.0,65,Power Unit,19.0,1:24.002,True,False,False,-12.0
2022,14,Belgian Grand Prix,Circuit de Spa-Francorchamps,Belgium,2022-08-28,max_verstappen,Max Verstappen,Dutch,Red Bull,14.0,1,26.0,44,Finished,1.0,1:49.354,False,True,True,13.0
2022,14,Belgian Grand Prix,Circuit de Spa-Francorchamps,Belgium,2022-08-28,perez,Sergio Pérez,Mexican,Red Bull,2.0,2,18.0,44,Finished,3.0,1:50.764,False,True,False,0.0
2022,14,Belgian Grand Prix,Circuit de Spa-Francorchamps,Belgium,2022-08-28,sainz,Carlos Sainz,Spanish,Ferrari,1.0,3,15.0,44,Finished,7.0,1:51.977,False,True,False,-2.0
2022,14,Belgian Grand Prix,Circuit de Spa-Francorchamps,Belgium,2022-08-28,russell,George Russell,British,Mercedes,5.0,4,12.0,44,Finished,4.0,1:50.793,False,False,False,1.0
2022,14,Belgian Grand Prix,Circuit de Spa-Francorchamps,Belgium,2022-08-28,alonso,Fernando Alonso,Spanish,Alpine F1 Team,3.0,5,10.0,44,Finished,13.0,1:52.868,False,False,False,-2.0
2022,14,Belgian Grand Prix,Circuit de Spa-Francorchamps,Belgium,2022-08-28,leclerc,Charles Leclerc,Monegasque,Ferrari,15.0,6,8.0,44,Finished,2.0,1:49.984,False,False,False,9.0
2022,14,Belgian Grand Prix,Circuit de Spa-Francorchamps,Belgium,2022-08-28,ocon,Esteban Ocon,French,Alpine F1 Team,16.0,7,6.0,44,Finished,6.0,1:51.717,False,False,False,9.0
2022,14,Belgian Grand Prix,Circuit de Spa-Francorchamps,Belgium,2022-08-28,vettel,Sebastian Vettel,German,Aston Martin,10.0,8,4.0,44,Finished,11.0,1:52.515,False,False,False,2.0
2022,14,Belgian Grand Prix,Circuit de Spa-Francorchamps,Belgium,2022-08-28,gasly,Pierre Gasly,French,AlphaTauri,,9,2.0,44,Finished,15.0,1:53.002,False,False,False,
2022,14,Belgian Grand Prix,Circuit de Spa-Francorchamps,Belgium,2022-08-28,albon,Alexander Albon,Thai,Williams,6.0,10,1.0,44,Finished,16.0,1:53.055,False,False,False,-4.0
2022,14,Belgian Grand Prix,Circuit de Spa-Francorchamps,Belgium,2022-08-28,stroll,Lance Stroll,Canadian,Aston Martin,9.0,11,0.0,44,Finished,14.0,1:52.880,False,False,False,-2.0
2022,14,Belgian Grand Prix,Circuit de Spa-Francorchamps,Belgium,2022-08-28,norris,Lando Norris,British,McLaren,17.0,12,0.0,44,Finished,5.0,1:51.678,False,False,False,5.0
2022,14,Belgian Grand Prix,Circuit de Spa-Francorchamps,Belgium,2022-08-28,tsunoda,Yuki Tsunoda,Japanese,AlphaTauri,,13,0.0,44,Finished,10.0,1:52.436,False,False,False,
2022,14,Belgian Grand Prix,Circuit de Spa-Francorchamps,Belgium,2022-08-28,zhou,Guanyu Zhou,Chinese,Alfa Romeo,18.0,14,0.0,44,Finished,9.0,1:52.317,False,False,False,4.0
2022,14,Belgian Grand Prix,Circuit de Spa-Francorchamps,Belgium,2022-08-28,ricciardo,Daniel Ricciardo,Australian,McLaren,7.0,15,0.0,44,Finished,17.0,1:53.080,False,False,False,-8.0
2022,14,Belgian Grand Prix,Circuit de Spa-Francorchamps,Belgium,2022-08-28,kevin_magnussen,Kevin Magnussen,Danish,Haas F1 Team,12.0,16,0.0,43,+1 Lap,18.0,1:53.332,False,False,False,-4.0
2022,14,Belgian Grand Prix,Circuit de Spa-Francorchamps,Belgium,2022-08-28,mick_schumacher,Mick Schumacher,German,Haas F1 Team,19.0,17,0.0,43,+1 Lap,12.0,1:52.646,False,False,False,2.0
2022,14,Belgian Grand Prix,Circuit de Spa-Francorchamps,Belgium,2022-08-28,latifi,Nicholas Latifi,Canadian,Williams,11.0,18,0.0,43,+1 Lap,8.0,1:52.256,False,False,False,-7.0
2022,14,Belgian Grand Prix,Circuit de Spa-Francorchamps,Belgium,2022-08-28,bottas,Valtteri Bottas,Finnish,Alfa Romeo,13.0,19,0.0,1,Accident,,,True,False,False,-6.0
2022,14,Belgian Grand Prix,Circuit de Spa-Francorchamps,Belgium,2022-08-28,hamilton,Lewis Hamilton,British,Mercedes,4.0,20,0.0,0,Collision damage,,,True,False,False,-16.0
2022,15,Dutch Grand Prix,Circuit Park Zandvoort,Netherlands,2022-09-04,max_verstappen,Max Verstappen,Dutch,Red Bull,1.0,1,26.0,72,Finished,1.0,1:13.652,False,True,True,0.0
2022,15,Dutch Grand Prix,Circuit Park Zandvoort,Netherlands,2022-09-04,russell,George Russell,British,Mercedes,6.0,2,18.0,72,Finished,2.0,1:13.671,False,True,False,4.0
2022,15,Dutch Grand Prix,Circuit Park Zandvoort,Netherlands,2022-09-04,leclerc,Charles Leclerc,Monegasque,Ferrari,2.0,3,15.0,72,Finished,6.0,1:14.413,False,True,False,-1.0
2022,15,Dutch Grand Prix,Circuit Park Zandvoort,Netherlands,2022-09-04,hamilton,Lewis Hamilton,British,Mercedes,4.0,4,12.0,72,Finished,3.0,1:13.854,False,False,False,0.0
2022,15,Dutch Grand Prix,Circuit Park Zandvoort,Netherlands,2022-09-04,perez,Sergio Pérez,Mexican,Red Bull,5.0,5,10.0,72,Finished,5.0,1:14.404,False,False,False,0.0
2022,15,Dutch Grand Prix,Circuit Park Zandvoort,Netherlands,2022-09-04,alonso,Fernando Alonso,Spanish,Alpine F1 Team,13.0,6,8.0,72,Finished,4.0,1:14.144,False,False,False,7.0
2022,15,Dutch Grand Prix,Circuit Park Zandvoort,Netherlands,2022-09-04,norris,Lando Norris,British,McLaren,7.0,7,6.0,72,Finished,8.0,1:14.706,False,False,False,0.0
2022,15,Dutch Grand Prix,Circuit Park Zandvoort,Netherlands,2022-09-04,sainz,Carlos Sainz,Spanish,Ferrari,3.0,8,4.0,72,Finished,7.0,1:14.643,False,False,False,-5.0
2022,15,Dutch Grand Prix,Circuit Park Zandvoort,Netherlands,2022-09-04,ocon,Esteban Ocon,French,Alpine F1 Team,12.0,9,2.0,72,Finished,11.0,1:15.084,False,False,False,3.0
2022,15,Dutch Grand Prix,Circuit Park Zandvoort,Netherlands,2022-09-04,stroll,Lance Stroll,Canadian,Aston Martin,10.0,10,1.0,72,Finished,10.0,1:15.043,False,False,False,0.0
2022,15,Dutch Grand Prix,Circuit Park Zandvoort,Netherlands,2022-09-04,gasly,Pierre Gasly,French,AlphaTauri,11.0,11,0.0,72,Finished,12.0,1:15.165,False,False,False,0.0
2022,15,Dutch Grand Prix,Circuit Park Zandvoort,Netherlands,2022-09-04,albon,Alexander Albon,Thai,Williams,15.0,12,0.0,72,Finished,15.0,1:15.534,False,False,False,3.0
2022,15,Dutch Grand Prix,Circuit Park Zandvoort,Netherlands,2022-09-04,mick_schumacher,Mick Schumacher,German,Haas F1 Team,8.0,13,0.0,72,Finished,13.0,1:15.233,False,False,False,-5.0
2022,15,Dutch Grand Prix,Circuit Park Zandvoort,Netherlands,2022-09-04,vettel,Sebastian Vettel,German,Aston Martin,19.0,14,0.0,72,Finished,9.0,1:14.862,False,False,False,5.0
2022,15,Dutch Grand Prix,Circuit Park Zandvoort,Netherlands,2022-09-04,kevin_magnussen,Kevin Magnussen,Danish,Haas F1 Team,18.0,15,0.0,72,Finished,14.0,1:15.369,False,False,False,3.0
2022,15,Dutch Grand Prix,Circuit Park Zandvoort,Netherlands,2022-09-04,zhou,Guanyu Zhou,Chinese,Alfa Romeo,14.0,16,0.0,72,Finished,17.0,1:15.940,False,False,False,-2.0
2022,15,Dutch Grand Prix,Circuit Park Zandvoort,Netherlands,2022-09-04,ricciardo,Daniel Ricciardo,Australian,McLaren,17.0,17,0.0,72,Finished,16.0,1:15.577,False,False,False,0.0
2022,15,Dutch Grand Prix,Circuit Park Zandvoort,Netherlands,2022-09-04,latifi,Nicholas Latifi,Canadian,Williams,20.0,18,0.0,71,+1 Lap,18.0,1:16.066,False,False,False,2.0
2022,15,Dutch Grand Prix,Circuit Park Zandvoort,Netherlands,2022-09-04,bottas,Valtteri Bottas,Finnish,Alfa Romeo,16.0,19,0.0,53,Engine,19.0,1:16.844,True,False,False,-3.0
2022,15,Dutch Grand Prix,Circuit Park Zandvoort,Netherlands,2022-09-04,tsunoda,Yuki Tsunoda,Japanese,AlphaTauri,9.0,20,0.0,43,Differential,20.0,1:17.138,True,False,False,-11.0
2022,16,Italian Grand Prix,Autodromo Nazionale di Monza,Italy,2022-09-11,max_verstappen,Max Verstappen,Dutch,Red Bull,7.0,1,25.0,53,Finished,6.0,1:24.745,False,True,True,6.0
2022,16,Italian Grand Prix,Autodromo Nazionale di Monza,Italy,2022-09-11,leclerc,Charles Leclerc,Monegasque,Ferrari,1.0,2,18.0,53,Finished,2.0,1:24.336,False,True,False,-1.0
2022,16,Italian Grand Prix,Autodromo Nazionale di Monza,Italy,2022-09-11,russell,George Russell,British,Mercedes,2.0,3,15.0,53,Finished,7.0,1:25.288,False,True,False,-1.0
2022,16,Italian Grand Prix,Autodromo Nazionale di Monza,Italy,2022-09-11,sainz,Carlos Sainz,Spanish,Ferrari,18.0,4,12.0,53,Finished,4.0,1:24.446,False,False,False,14.0
2022,16,Italian Grand Prix,Autodromo Nazionale di Monza,Italy,2022-09-11,hamilton,Lewis Hamilton,British,Mercedes,19.0,5,10.0,53,Finished,3.0,1:24.434,False,False,False,14.0
2022,16,Italian Grand Prix,Autodromo Nazionale di Monza,Italy,2022-09-11,perez,Sergio Pérez,Mexican,Red Bull,13.0,6,9.0,53,Finished,1.0,1:24.030,False,False,False,7.0
2022,16,Italian Grand Prix,Autodromo Nazionale di Monza,Italy,2022-09-11,norris,Lando Norris,British,McLaren,3.0,7,6.0,53,Finished,5.0,1:24.718,False,False,False,-4.0
2022,16,Italian Grand Prix,Autodromo Nazionale di Monza,Italy,2022-09-11,gasly,Pierre Gasly,French,AlphaTauri,5.0,8,4.0,53,Finished,14.0,1:26.718,False,False,False,-3.0
2022,16,Italian Grand Prix,Autodromo Nazionale di Monza,Italy,2022-09-11,de_vries,Nyck de Vries,Dutch,Williams,8.0,9,2.0,53,Finished,13.0,1:26.624,False,False,False,-1.0
2022,16,Italian Grand Prix,Autodromo Nazionale di Monza,Italy,2022-09-11,zhou,Guanyu Zhou,Chinese,Alfa Romeo,9.0,10,1.0,53,Finished,10.0,1:26.361,False,False,False,-1.0
2022,16,Italian Grand Prix,Autodromo Nazionale di Monza,Italy,2022-09-11,ocon,Esteban Ocon,French,Alpine F1 Team,14.0,11,0.0,53,Finished,11.0,1:26.593,False,False,False,3.0
2022,16,Italian Grand Prix,Autodromo Nazionale di Monza,Italy,2022-09-11,mick_schumacher,Mick Schumacher,German,Haas F1 Team,17.0,12,0.0,53,Finished,8.0,1:25.298,False,False,False,5.0
2022,16,Italian Grand Prix,Autodromo Nazionale di Monza,Italy,2022-09-11,bottas,Valtteri Bottas,Finnish,Alfa Romeo,15.0,13,0.0,52,+1 Lap,9.0,1:25.706,False,False,False,2.0
2022,16,Italian Grand Prix,Autodromo Nazionale di Monza,Italy,2022-09-11,tsunoda,Yuki Tsunoda,Japanese,AlphaTauri,20.0,14,0.0,52,+1 Lap,17.0,1:26.857,False,False,False,6.0
2022,16,Italian Grand Prix,Autodromo Nazionale di Monza,Italy,2022-09-11,latifi,Nicholas Latifi,Canadian,Williams,10.0,15,0.0,52,+1 Lap,15.0,1:26.798,False,False,False,-5.0
2022,16,Italian Grand Prix,Autodromo Nazionale di Monza,Italy,2022-09-11,kevin_magnussen,Kevin Magnussen,Danish,Haas F1 Team,16.0,16,0.0,52,+1 Lap,16.0,1:26.798,False,False,False,0.0
2022,16,Italian Grand Prix,Autodromo Nazionale di Monza,Italy,2022-09-11,ricciardo,Daniel Ricciardo,Australian,McLaren,4.0,17,0.0,45,Oil leak,12.0,1:26.603,True,False,False,-13.0
2022,16,Italian Grand Prix,Autodromo Nazionale di Monza,Italy,2022-09-11,stroll,Lance Stroll,Canadian,Aston Martin,12.0,18,0.0,39,Engine,19.0,1:27.467,True,False,False,-6.0
2022,16,Italian Grand Prix,Autodromo Nazionale di Monza,Italy,2022-09-11,alonso,Fernando Alonso,Spanish,Alpine F1 Team,6.0,19,0.0,31,Water pressure,18.0,1:27.203,True,False,False,-13.0
2022,16,Italian Grand Prix,Autodromo Nazionale di Monza,Italy,2022-09-11,vettel,Sebastian Vettel,German,Aston Martin,11.0,20,0.0,10,Engine,20.0,1:27.501,True,False,False,-9.0
2022,17,Singapore Grand Prix,Marina Bay Street Circuit,Singapore,2022-10-02,perez,Sergio Pérez,Mexican,Red Bull,2.0,1,25.0,59,Finished,2.0,1:48.165,False,True,True,1.0
2022,17,Singapore Grand Prix,Marina Bay Street Circuit,Singapore,2022-10-02,leclerc,Charles Leclerc,Monegasque,Ferrari,1.0,2,18.0,59,Finished,4.0,1:48.753,False,True,False,-1.0
2022,17,Singapore Grand Prix,Marina Bay Street Circuit,Singapore,2022-10-02,sainz,Carlos Sainz,Spanish,Ferrari,4.0,3,15.0,59,Finished,3.0,1:48.414,False,True,False,1.0
2022,17,Singapore Grand Prix,Marina Bay Street Circuit,Singapore,2022-10-02,norris,Lando Norris,British,McLaren,6.0,4,12.0,59,Finished,6.0,1:49.212,False,False,False,2.0
2022,17,Singapore Grand Prix,Marina Bay Street Circuit,Singapore,2022-10-02,ricciardo,Daniel Ricciardo,Australian,McLaren,16.0,5,10.0,59,Finished,12.0,1:51.006,False,False,False,11.0
2022,17,Singapore Grand Prix,Marina Bay Street Circuit,Singapore,2022-10-02,stroll,Lance Stroll,Canadian,Aston Martin,11.0,6,8.0,59,Finished,7.0,1:50.283,False,False,False,5.0
2022,17,Singapore Grand Prix,Marina Bay Street Circuit,Singapore,2022-10-02,max_verstappen,Max Verstappen,Dutch,Red Bull,8.0,7,6.0,59,Finished,5.0,1:49.142,False,False,False,1.0
2022,17,Singapore Grand Prix,Marina Bay Street Circuit,Singapore,2022-10-02,vettel,Sebastian Vettel,German,Aston Martin,13.0,8,4.0,59,Finished,11.0,1:50.669,False,False,False,5.0
2022,17,Singapore Grand Prix,Marina Bay Street Circuit,Singapore,2022-10-02,hamilton,Lewis Hamilton,British,Mercedes,3.0,9,2.0,59,Finished,10.0,1:50.622,False,False,False,-6.0
2022,17,Singapore Grand Prix,Marina Bay Street Circuit,Singapore,2022-10-02,gasly,Pierre Gasly,French,AlphaTauri,7.0,10,1.0,59,Finished,9.0,1:50.569,False,False,False,-3.0
2022,17,Singapore Grand Prix,Marina Bay Street Circuit,Singapore,2022-10-02,bottas,Valtteri Bottas,Finnish,Alfa Romeo,15.0,11,0.0,59,Finished,13.0,1:51.864,False,False,False,4.0
2022,17,Singapore Grand Prix,Marina Bay Street Circuit,Singapore,2022-10-02,kevin_magnussen,Kevin Magnussen,Danish,Haas F1 Team,9.0,12,0.0,59,Finished,14.0,1:52.067,False,False,False,-3.0
2022,17,Singapore Grand Prix,Marina Bay Street Circuit,Singapore,2022-10-02,mick_schumacher,Mick Schumacher,German,Haas F1 Team,12.0,13,0.0,58,+1 Lap,8.0,1:50.290,False,False,False,-1.0
2022,17,Singapore Grand Prix,Marina Bay Street Circuit,Singapore,2022-10-02,russell,George Russell,British,Mercedes,,14,0.0,57,+2 Laps,1.0,1:46.458,False,False,False,
2022,17,Singapore Grand Prix,Marina Bay Street Circuit,Singapore,2022-10-02,tsunoda,Yuki Tsunoda,Japanese,AlphaTauri,10.0,15,0.0,34,Accident,15.0,1:58.716,True,False,False,-5.0
2022,17,Singapore Grand Prix,Marina Bay Street Circuit,Singapore,2022-10-02,ocon,Esteban Ocon,French,Alpine F1 Team,17.0,16,0.0,26,Engine,17.0,2:01.105,True,False,False,1.0
2022,17,Singapore Grand Prix,Marina Bay Street Circuit,Singapore,2022-10-02,albon,Alexander Albon,Thai,Williams,18.0,17,0.0,25,Collision damage,18.0,2:02.121,True,False,False,1.0
2022,17,Singapore Grand Prix,Marina Bay Street Circuit,Singapore,2022-10-02,alonso,Fernando Alonso,Spanish,Alpine F1 Team,5.0,18,0.0,20,Engine,16.0,2:00.463,True,False,False,-13.0
2022,17,Singapore Grand Prix,Marina Bay Street Circuit,Singapore,2022-10-02,latifi,Nicholas Latifi,Canadian,Williams,19.0,19,0.0,7,Collision damage,20.0,2:05.585,True,False,False,0.0
2022,17,Singapore Grand Prix,Marina Bay Street Circuit,Singapore,2022-10-02,zhou,Guanyu Zhou,Chinese,Alfa Romeo,14.0,20,0.0,6,Collision,19.0,2:05.556,True,False,False,-6.0
2022,18,Japanese Grand Prix,Suzuka Circuit,Japan,2022-10-09,max_verstappen,Max Verstappen,Dutch,Red Bull,1.0,1,25.0,28,Finished,4.0,1:44.911,False,True,True,0.0
2022,18,Japanese Grand Prix,Suzuka Circuit,Japan,2022-10-09,perez,Sergio Pérez,Mexican,Red Bull,4.0,2,18.0,28,Finished,9.0,1:46.120,False,True,False,2.0
2022,18,Japanese Grand Prix,Suzuka Circuit,Japan,2022-10-09,leclerc,Charles Leclerc,Monegasque,Ferrari,2.0,3,15.0,28,Finished,3.0,1:44.489,False,True,False,-1.0
2022,18,Japanese Grand Prix,Suzuka Circuit,Japan,2022-10-09,ocon,Esteban Ocon,French,Alpine F1 Team,5.0,4,12.0,28,Finished,11.0,1:46.559,False,False,False,1.0
2022,18,Japanese Grand Prix,Suzuka Circuit,Japan,2022-10-09,hamilton,Lewis Hamilton,British,Mercedes,6.0,5,10.0,28,Finished,7.0,1:45.530,False,False,False,1.0
2022,18,Japanese Grand Prix,Suzuka Circuit,Japan,2022-10-09,vettel,Sebastian Vettel,German,Aston Martin,9.0,6,8.0,28,Finished,12.0,1:46.964,False,False,False,3.0
2022,18,Japanese Grand Prix,Suzuka Circuit,Japan,2022-10-09,alonso,Fernando Alonso,Spanish,Alpine F1 Team,7.0,7,6.0,28,Finished,2.0,1:44.412,False,False,False,0.0
2022,18,Japanese Grand Prix,Suzuka Circuit,Japan,2022-10-09,russell,George Russell,British,Mercedes,8.0,8,4.0,28,Finished,13.0,1:47.004,False,False,False,0.0
2022,18,Japanese Grand Prix,Suzuka Circuit,Japan,2022-10-09,latifi,Nicholas Latifi,Canadian,Williams,20.0,9,2.0,28,Finished,18.0,1:48.371,False,False,False,11.0
2022,18,Japanese Grand Prix,Suzuka Circuit,Japan,2022-10-09,norris,Lando Norris,British,McLaren,10.0,10,1.0,28,Finished,17.0,1:48.175,False,False,False,0.0
2022,18,Japanese Grand Prix,Suzuka Circuit,Japan,2022-10-09,ricciardo,Daniel Ricciardo,Australian,McLaren,11.0,11,0.0,28,Finished,15.0,1:47.843,False,False,False,0.0
2022,18,Japanese Grand Prix,Suzuka Circuit,Japan,2022-10-09,stroll,Lance Stroll,Canadian,Aston Martin,19.0,12,0.0,28,Finished,5.0,1:45.205,False,False,False,7.0
2022,18,Japanese Grand Prix,Suzuka Circuit,Japan,2022-10-09,tsunoda,Yuki Tsunoda,Japanese,AlphaTauri,13.0,13,0.0,28,Finished,8.0,1:45.893,False,False,False,0.0
2022,18,Japanese Grand Prix,Suzuka Circuit,Japan,2022-10-09,kevin_magnussen,Kevin Magnussen,Danish,Haas F1 Team,18.0,14,0.0,28,Finished,16.0,1:48.072,False,False,False,4.0
2022,18,Japanese Grand Prix,Suzuka Circuit,Japan,2022-10-09,bottas,Valtteri Bottas,Finnish,Alfa Romeo,12.0,15,0.0,28,Finished,14.0,1:47.820,False,False,False,-3.0
2022,18,Japanese Grand Prix,Suzuka Circuit,Japan,2022-10-09,zhou,Guanyu Zhou,Chinese,Alfa Romeo,14.0,16,0.0,28,Finished,1.0,1:44.411,False,False,False,-2.0
2022,18,Japanese Grand Prix,Suzuka Circuit,Japan,2022-10-09,mick_schumacher,Mick Schumacher,German,Haas F1 Team,15.0,17,0.0,28,Finished,6.0,1:45.387,False,False,False,-2.0
2022,18,Japanese Grand Prix,Suzuka Circuit,Japan,2022-10-09,gasly,Pierre Gasly,French,AlphaTauri,17.0,18,0.0,28,Finished,10.0,1:46.545,False,False,False,-1.0
2022,18,Japanese Grand Prix,Suzuka Circuit,Japan,2022-10-09,sainz,Carlos Sainz,Spanish,Ferrari,3.0,19,0.0,0,Accident,,,True,False,False,-16.0
2022,18,Japanese Grand Prix,Suzuka Circuit,Japan,2022-10-09,albon,Alexander Albon,Thai,Williams,16.0,20,0.0,0,Hydraulics,,,True,False,False,-4.0
2022,19,United States Grand Prix,Circuit of the Americas,USA,2022-10-23,max_verstappen,Max Verstappen,Dutch,Red Bull,2.0,1,25.0,56,Finished,2.0,1:39.541,False,True,True,1.0
2022,19,United States Grand Prix,Circuit of the Americas,USA,2022-10-23,hamilton,Lewis Hamilton,British,Mercedes,3.0,2,18.0,56,Finished,5.0,1:39.830,False,True,False,1.0
2022,19,United States Grand Prix,Circuit of the Americas,USA,2022-10-23,leclerc,Charles Leclerc,Monegasque,Ferrari,12.0,3,15.0,56,Finished,4.0,1:39.731,False,True,False,9.0
2022,19,United States Grand Prix,Circuit of the Americas,USA,2022-10-23,perez,Sergio Pérez,Mexican,Red Bull,9.0,4,12.0,56,Finished,3.0,1:39.563,False,False,False,5.0
2022,19,United States Grand Prix,Circuit of the Americas,USA,2022-10-23,russell,George Russell,British,Mercedes,4.0,5,11.0,56,Finished,1.0,1:38.788,False,False,False,-1.0
2022,19,United States Grand Prix,Circuit of the Americas,USA,2022-10-23,norris,Lando Norris,British,McLaren,6.0,6,8.0,56,Finished,7.0,1:41.322,False,False,False,0.0
2022,19,United States Grand Prix,Circuit of the Americas,USA,2022-10-23,alonso,Fernando Alonso,Spanish,Alpine F1 Team,14.0,7,6.0,56,Finished,8.0,1:41.538,False,False,False,7.0
2022,19,United States Grand Prix,Circuit of the Americas,USA,2022-10-23,vettel,Sebastian Vettel,German,Aston Martin,10.0,8,4.0,56,Finished,16.0,1:42.546,False,False,False,2.0
2022,19,United States Grand Prix,Circuit of the Americas,USA,2022-10-23,kevin_magnussen,Kevin Magnussen,Danish,Haas F1 Team,13.0,9,2.0,56,Finished,11.0,1:42.206,False,False,False,4.0
2022,19,United States Grand Prix,Circuit of the Americas,USA,2022-10-23,tsunoda,Yuki Tsunoda,Japanese,AlphaTauri,19.0,10,1.0,56,Finished,6.0,1:41.243,False,False,False,9.0
2022,19,United States Grand Prix,Circuit of the Americas,USA,2022-10-23,ocon,Esteban Ocon,French,Alpine F1 Team,,11,0.0,56,Finished,13.0,1:42.394,False,False,False,
2022,19,United States Grand Prix,Circuit of the Americas,USA,2022-10-23,zhou,Guanyu Zhou,Chinese,Alfa Romeo,18.0,12,0.0,56,Finished,15.0,1:42.471,False,False,False,6.0
2022,19,United States Grand Prix,Circuit of the Americas,USA,2022-10-23,albon,Alexander Albon,Thai,Williams,8.0,13,0.0,56,Finished,9.0,1:41.674,False,False,False,-5.0
2022,19,United States Grand Prix,Circuit of the Americas,USA,2022-10-23,gasly,Pierre Gasly,French,AlphaTauri,11.0,14,0.0,56,Finished,12.0,1:42.320,False,False,False,-3.0
2022,19,United States Grand Prix,Circuit of the Americas,USA,2022-10-23,mick_schumacher,Mick Schumacher,German,Haas F1 Team,16.0,15,0.0,56,Finished,10.0,1:41.804,False,False,False,1.0
2022,19,United States Grand Prix,Circuit of the Americas,USA,2022-10-23,ricciardo,Daniel Ricciardo,Australian,McLaren,15.0,16,0.0,56,Finished,14.0,1:42.420,False,False,False,-1.0
2022,19,United States Grand Prix,Circuit of the Americas,USA,2022-10-23,latifi,Nicholas Latifi,Canadian,Williams,17.0,17,0.0,56,Finished,19.0,1:43.485,False,False,False,0.0
2022,19,United States Grand Prix,Circuit of the Americas,USA,2022-10-23,stroll,Lance Stroll,Canadian,Aston Martin,5.0,18,0.0,21,Collision,17.0,1:43.080,True,False,False,-13.0
2022,19,United States Grand Prix,Circuit of the Americas,USA,2022-10-23,bottas,Valtteri Bottas,Finnish,Alfa Romeo,7.0,19,0.0,16,Spun off,18.0,1:43.391,True,False,False,-12.0
2022,19,United States Grand Prix,Circuit of the Americas,USA,2022-10-23,sainz,Carlos Sainz,Spanish,Ferrari,1.0,20,0.0,1,Collision damage,,,True,False,False,-19.0
2022,20,Mexico City Grand Prix,Autódromo Hermanos Rodríguez,Mexico,2022-10-30,max_verstappen,Max Verstappen,Dutch,Red Bull,1.0,1,25.0,71,Finished,4.0,1:22.046,False,True,True,0.0
2022,20,Mexico City Grand Prix,Autódromo Hermanos Rodríguez,Mexico,2022-10-30,hamilton,Lewis Hamilton,British,Mercedes,3.0,2,18.0,71,Finished,5.0,1:22.062,False,True,False,1.0
2022,20,Mexico City Grand Prix,Autódromo Hermanos Rodríguez,Mexico,2022-10-30,perez,Sergio Pérez,Mexican,Red Bull,4.0,3,15.0,71,Finished,2.0,1:21.775,False,True,False,1.0
2022,20,Mexico City Grand Prix,Autódromo Hermanos Rodríguez,Mexico,2022-10-30,russell,George Russell,British,Mercedes,2.0,4,13.0,71,Finished,1.0,1:20.153,False,False,False,-2.0
2022,20,Mexico City Grand Prix,Autódromo Hermanos Rodríguez,Mexico,2022-10-30,sainz,Carlos Sainz,Spanish,Ferrari,5.0,5,10.0,71,Finished,6.0,1:22.199,False,False,False,0.0
2022,20,Mexico City Grand Prix,Autódromo Hermanos Rodríguez,Mexico,2022-10-30,leclerc,Charles Leclerc,Monegasque,Ferrari,7.0,6,8.0,71,Finished,10.0,1:22.603,False,False,False,1.0
2022,20,Mexico City Grand Prix,Autódromo Hermanos Rodríguez,Mexico,2022-10-30,ricciardo,Daniel Ricciardo,Australian,McLaren,11.0,7,6.0,70,+1 Lap,3.0,1:22.022,False,False,False,4.0
2022,20,Mexico City Grand Prix,Autódromo Hermanos Rodríguez,Mexico,2022-10-30,ocon,Esteban Ocon,French,Alpine F1 Team,10.0,8,4.0,70,+1 Lap,14.0,1:23.279,False,False,False,2.0
2022,20,Mexico City Grand Prix,Autódromo Hermanos Rodríguez,Mexico,2022-10-30,norris,Lando Norris,British,McLaren,8.0,9,2.0,70,+1 Lap,17.0,1:23.402,False,False,False,-1.0
2022,20,Mexico City Grand Prix,Autódromo Hermanos Rodríguez,Mexico,2022-10-30,bottas,Valtteri Bottas,Finnish,Alfa Romeo,6.0,10,1.0,70,+1 Lap,16.0,1:23.363,False,False,False,-4.0
2022,20,Mexico City Grand Prix,Autódromo Hermanos Rodríguez,Mexico,2022-10-30,gasly,Pierre Gasly,French,AlphaTauri,14.0,11,0.0,70,+1 Lap,8.0,1:22.277,False,False,False,3.0
2022,20,Mexico City Grand Prix,Autódromo Hermanos Rodríguez,Mexico,2022-10-30,albon,Alexander Albon,Thai,Williams,17.0,12,0.0,70,+1 Lap,12.0,1:22.914,False,False,False,5.0
2022,20,Mexico City Grand Prix,Autódromo Hermanos Rodríguez,Mexico,2022-10-30,zhou,Guanyu Zhou,Chinese,Alfa Romeo,12.0,13,0.0,70,+1 Lap,7.0,1:22.260,False,False,False,-1.0
2022,20,Mexico City Grand Prix,Autódromo Hermanos Rodríguez,Mexico,2022-10-30,vettel,Sebastian Vettel,German,Aston Martin,16.0,14,0.0,70,+1 Lap,13.0,1:23.086,False,False,False,2.0
2022,20,Mexico City Grand Prix,Autódromo Hermanos Rodríguez,Mexico,2022-10-30,stroll,Lance Stroll,Canadian,Aston Martin,20.0,15,0.0,70,+1 Lap,9.0,1:22.463,False,False,False,5.0
2022,20,Mexico City Grand Prix,Autódromo Hermanos Rodríguez,Mexico,2022-10-30,mick_schumacher,Mick Schumacher,German,Haas F1 Team,15.0,16,0.0,70,+1 Lap,19.0,1:23.641,False,False,False,-1.0
2022,20,Mexico City Grand Prix,Autódromo Hermanos Rodríguez,Mexico,2022-10-30,kevin_magnussen,Kevin Magnussen,Danish,Haas F1 Team,19.0,17,0.0,70,+1 Lap,15.0,1:23.300,False,False,False,2.0
2022,20,Mexico City Grand Prix,Autódromo Hermanos Rodríguez,Mexico,2022-10-30,latifi,Nicholas Latifi,Canadian,Williams,18.0,18,0.0,69,+2 Laps,20.0,1:23.709,False,False,False,0.0
2022,20,Mexico City Grand Prix,Autódromo Hermanos Rodríguez,Mexico,2022-10-30,alonso,Fernando Alonso,Spanish,Alpine F1 Team,9.0,19,0.0,63,Engine,11.0,1:22.866,True,False,False,-10.0
2022,20,Mexico City Grand Prix,Autódromo Hermanos Rodríguez,Mexico,2022-10-30,tsunoda,Yuki Tsunoda,Japanese,AlphaTauri,13.0,20,0.0,50,Collision damage,18.0,1:23.403,True,False,False,-7.0
2022,21,São Paulo Grand Prix,Autódromo José Carlos Pace,Brazil,2022-11-13,russell,George Russell,British,Mercedes,1.0,1,26.0,71,Finished,1.0,1:13.785,False,True,True,0.0
2022,21,São Paulo Grand Prix,Autódromo José Carlos Pace,Brazil,2022-11-13,hamilton,Lewis Hamilton,British,Mercedes,2.0,2,18.0,71,Finished,2.0,1:13.942,False,True,False,0.0
2022,21,São Paulo Grand Prix,Autódromo José Carlos Pace,Brazil,2022-11-13,sainz,Carlos Sainz,Spanish,Ferrari,7.0,3,15.0,71,Finished,3.0,1:13.953,False,True,False,4.0
2022,21,São Paulo Grand Prix,Autódromo José Carlos Pace,Brazil,2022-11-13,leclerc,Charles Leclerc,Monegasque,Ferrari,5.0,4,12.0,71,Finished,6.0,1:14.253,False,False,False,1.0
2022,21,São Paulo Grand Prix,Autódromo José Carlos Pace,Brazil,2022-11-13,alonso,Fernando Alonso,Spanish,Alpine F1 Team,17.0,5,10.0,71,Finished,4.0,1:14.164,False,False,False,12.0
2022,21,São Paulo Grand Prix,Autódromo José Carlos Pace,Brazil,2022-11-13,max_verstappen,Max Verstappen,Dutch,Red Bull,3.0,6,8.0,71,Finished,5.0,1:14.195,False,False,False,-3.0
2022,21,São Paulo Grand Prix,Autódromo José Carlos Pace,Brazil,2022-11-13,perez,Sergio Pérez,Mexican,Red Bull,4.0,7,6.0,71,Finished,7.0,1:14.283,False,False,False,-3.0
2022,21,São Paulo Grand Prix,Autódromo José Carlos Pace,Brazil,2022-11-13,ocon,Esteban Ocon,French,Alpine F1 Team,16.0,8,4.0,71,Finished,9.0,1:15.093,False,False,False,8.0
2022,21,São Paulo Grand Prix,Autódromo José Carlos Pace,Brazil,2022-11-13,bottas,Valtteri Bottas,Finnish,Alfa Romeo,14.0,9,2.0,71,Finished,14.0,1:15.511,False,False,False,5.0
2022,21,São Paulo Grand Prix,Autódromo José Carlos Pace,Brazil,2022-11-13,stroll,Lance Stroll,Canadian,Aston Martin,15.0,10,1.0,71,Finished,8.0,1:14.831,False,False,False,5.0
2022,21,São Paulo Grand Prix,Autódromo José Carlos Pace,Brazil,2022-11-13,vettel,Sebastian Vettel,German,Aston Martin,9.0,11,0.0,71,Finished,15.0,1:15.549,False,False,False,-2.0
2022,21,São Paulo Grand Prix,Autódromo José Carlos Pace,Brazil,2022-11-13,zhou,Guanyu Zhou,Chinese,Alfa Romeo,13.0,12,0.0,71,Finished,17.0,1:15.802,False,False,False,1.0
2022,21,São Paulo Grand Prix,Autódromo José Carlos Pace,Brazil,2022-11-13,mick_schumacher,Mick Schumacher,German,Haas F1 Team,12.0,13,0.0,71,Finished,10.0,1:15.251,False,False,False,-1.0
2022,21,São Paulo Grand Prix,Autódromo José Carlos Pace,Brazil,2022-11-13,gasly,Pierre Gasly,French,AlphaTauri,10.0,14,0.0,71,Finished,12.0,1:15.327,False,False,False,-4.0
2022,21,São Paulo Grand Prix,Autódromo José Carlos Pace,Brazil,2022-11-13,albon,Alexander Albon,Thai,Williams,19.0,15,0.0,71,Finished,16.0,1:15.613,False,False,False,4.0
2022,21,São Paulo Grand Prix,Autódromo José Carlos Pace,Brazil,2022-11-13,latifi,Nicholas Latifi,Canadian,Williams,18.0,16,0.0,71,Finished,11.0,1:15.327,False,False,False,2.0
2022,21,São Paulo Grand Prix,Autódromo José Carlos Pace,Brazil,2022-11-13,tsunoda,Yuki Tsunoda,Japanese,AlphaTauri,,17,0.0,70,+1 Lap,13.0,1:15.508,False,False,False,
2022,21,São Paulo Grand Prix,Autódromo José Carlos Pace,Brazil,2022-11-13,norris,Lando Norris,British,McLaren,6.0,18,0.0,50,Gearbox,18.0,1:15.855,True,False,False,-12.0
2022,21,São Paulo Grand Prix,Autódromo José Carlos Pace,Brazil,2022-11-13,kevin_magnussen,Kevin Magnussen,Danish,Haas F1 Team,8.0,19,0.0,0,Collision,,,True,False,False,-11.0
2022,21,São Paulo Grand Prix,Autódromo José Carlos Pace,Brazil,2022-11-13,ricciardo,Daniel Ricciardo,Australian,McLaren,11.0,20,0.0,0,Collision,,,True,False,False,-9.0
2022,22,Abu Dhabi Grand Prix,Yas Marina Circuit,UAE,2022-11-20,max_verstappen,Max Verstappen,Dutch,Red Bull,1.0,1,25.0,58,Finished,6.0,1:29.392,False,True,True,0.0
2022,22,Abu Dhabi Grand Prix,Yas Marina Circuit,UAE,2022-11-20,leclerc,Charles Leclerc,Monegasque,Ferrari,3.0,2,18.0,58,Finished,10.0,1:29.719,False,True,False,1.0
2022,22,Abu Dhabi Grand Prix,Yas Marina Circuit,UAE,2022-11-20,perez,Sergio Pérez,Mexican,Red Bull,2.0,3,15.0,58,Finished,4.0,1:28.972,False,True,False,-1.0
2022,22,Abu Dhabi Grand Prix,Yas Marina Circuit,UAE,2022-11-20,sainz,Carlos Sainz,Spanish,Ferrari,4.0,4,12.0,58,Finished,3.0,1:28.879,False,False,False,0.0
2022,22,Abu Dhabi Grand Prix,Yas Marina Circuit,UAE,2022-11-20,russell,George Russell,British,Mercedes,6.0,5,10.0,58,Finished,2.0,1:28.836,False,False,False,1.0
2022,22,Abu Dhabi Grand Prix,Yas Marina Circuit,UAE,2022-11-20,norris,Lando Norris,British,McLaren,7.0,6,9.0,58,Finished,1.0,1:28.391,False,False,False,1.0
2022,22,Abu Dhabi Grand Prix,Yas Marina Circuit,UAE,2022-11-20,ocon,Esteban Ocon,French,Alpine F1 Team,8.0,7,6.0,58,Finished,5.0,1:29.333,False,False,False,1.0
2022,22,Abu Dhabi Grand Prix,Yas Marina Circuit,UAE,2022-11-20,stroll,Lance Stroll,Canadian,Aston Martin,14.0,8,4.0,58,Finished,9.0,1:29.620,False,False,False,6.0
2022,22,Abu Dhabi Grand Prix,Yas Marina Circuit,UAE,2022-11-20,ricciardo,Daniel Ricciardo,Australian,McLaren,13.0,9,2.0,58,Finished,18.0,1:30.785,False,False,False,4.0
2022,22,Abu Dhabi Grand Prix,Yas Marina Circuit,UAE,2022-11-20,vettel,Sebastian Vettel,German,Aston Martin,9.0,10,1.0,58,Finished,15.0,1:30.312,False,False,False,-1.0
2022,22,Abu Dhabi Grand Prix,Yas Marina Circuit,UAE,2022-11-20,tsunoda,Yuki Tsunoda,Japanese,AlphaTauri,11.0,11,0.0,58,Finished,7.0,1:29.489,False,False,False,0.0
2022,22,Abu Dhabi Grand Prix,Yas Marina Circuit,UAE,2022-11-20,zhou,Guanyu Zhou,Chinese,Alfa Romeo,15.0,12,0.0,57,+1 Lap,8.0,1:29.600,False,False,False,3.0
2022,22,Abu Dhabi Grand Prix,Yas Marina Circuit,UAE,2022-11-20,albon,Alexander Albon,Thai,Williams,19.0,13,0.0,57,+1 Lap,13.0,1:29.939,False,False,False,6.0
2022,22,Abu Dhabi Grand Prix,Yas Marina Circuit,UAE,2022-11-20,gasly,Pierre Gasly,French,AlphaTauri,17.0,14,0.0,57,+1 Lap,19.0,1:31.081,False,False,False,3.0
2022,22,Abu Dhabi Grand Prix,Yas Marina Circuit,UAE,2022-11-20,bottas,Valtteri Bottas,Finnish,Alfa Romeo,18.0,15,0.0,57,+1 Lap,16.0,1:30.352,False,False,False,3.0
2022,22,Abu Dhabi Grand Prix,Yas Marina Circuit,UAE,2022-11-20,mick_schumacher,Mick Schumacher,German,Haas F1 Team,12.0,16,0.0,57,+1 Lap,12.0,1:29.833,False,False,False,-4.0
2022,22,Abu Dhabi Grand Prix,Yas Marina Circuit,UAE,2022-11-20,kevin_magnussen,Kevin Magnussen,Danish,Haas F1 Team,16.0,17,0.0,57,+1 Lap,20.0,1:31.158,False,False,False,-1.0
2022,22,Abu Dhabi Grand Prix,Yas Marina Circuit,UAE,2022-11-20,hamilton,Lewis Hamilton,British,Mercedes,5.0,18,0.0,55,Hydraulics,11.0,1:29.788,True,False,False,-13.0
2022,22,Abu Dhabi Grand Prix,Yas Marina Circuit,UAE,2022-11-20,latifi,Nicholas Latifi,Canadian,Williams,20.0,19,0.0,55,Collision damage,14.0,1:30.309,True,False,False,1.0
2022,22,Abu Dhabi Grand Prix,Yas Marina Circuit,UAE,2022-11-20,alonso,Fernando Alonso,Spanish,Alpine F1 Team,10.0,20,0.0,27,Water leak,17.0,1:30.579,True,False,False,-10.0
2023,1,Bahrain Grand Prix,Bahrain International Circuit,Bahrain,2023-03-05,max_verstappen,Max Verstappen,Dutch,Red Bull,1.0,1,25.0,57,Finished,6.0,1:36.236,False,True,True,0.0
2023,1,Bahrain Grand Prix,Bahrain International Circuit,Bahrain,2023-03-05,perez,Sergio Pérez,Mexican,Red Bull,2.0,2,18.0,57,Finished,7.0,1:36.344,False,True,False,0.0
2023,1,Bahrain Grand Prix,Bahrain International Circuit,Bahrain,2023-03-05,alonso,Fernando Alonso,Spanish,Aston Martin,5.0,3,15.0,57,Finished,5.0,1:36.156,False,True,False,2.0
2023,1,Bahrain Grand Prix,Bahrain International Circuit,Bahrain,2023-03-05,sainz,Carlos Sainz,Spanish,Ferrari,4.0,4,12.0,57,Finished,14.0,1:37.130,False,False,False,0.0
2023,1,Bahrain Grand Prix,Bahrain International Circuit,Bahrain,2023-03-05,hamilton,Lewis Hamilton,British,Mercedes,7.0,5,10.0,57,Finished,10.0,1:36.546,False,False,False,2.0
2023,1,Bahrain Grand Prix,Bahrain International Circuit,Bahrain,2023-03-05,stroll,Lance Stroll,Canadian,Aston Martin,8.0,6,8.0,57,Finished,9.0,1:36.546,False,False,False,2.0
2023,1,Bahrain Grand Prix,Bahrain International Circuit,Bahrain,2023-03-05,russell,George Russell,British,Mercedes,6.0,7,6.0,57,Finished,17.0,1:37.221,False,False,False,-1.0
2023,1,Bahrain Grand Prix,Bahrain International Circuit,Bahrain,2023-03-05,bottas,Valtteri Bottas,Finnish,Alfa Romeo,12.0,8,4.0,57,Finished,18.0,1:37.379,False,False,False,4.0
2023,1,Bahrain Grand Prix,Bahrain International Circuit,Bahrain,2023-03-05,gasly,Pierre Gasly,French,Alpine F1 Team,20.0,9,2.0,57,Finished,2.0,1:35.068,False,False,False,11.0
2023,1,Bahrain Grand Prix,Bahrain International Circuit,Bahrain,2023-03-05,albon,Alexander Albon,Thai,Williams,15.0,10,1.0,57,Finished,15.0,1:37.144,False,False,False,5.0
2023,1,Bahrain Grand Prix,Bahrain International Circuit,Bahrain,2023-03-05,tsunoda,Yuki Tsunoda,Japanese,AlphaTauri,14.0,11,0.0,57,Finished,12.0,1:36.637,False,False,False,3.0
2023,1,Bahrain Grand Prix,Bahrain International Circuit,Bahrain,2023-03-05,sargeant,Logan Sargeant,American,Williams,16.0,12,0.0,56,Lapped,4.0,1:36.037,False,False,False,4.0
2023,1,Bahrain Grand Prix,Bahrain International Circuit,Bahrain,2023-03-05,kevin_magnussen,Kevin Magnussen,Danish,Haas F1 Team,17.0,13,0.0,56,Lapped,8.0,1:36.471,False,False,False,4.0
2023,1,Bahrain Grand Prix,Bahrain International Circuit,Bahrain,2023-03-05,de_vries,Nyck de Vries,Dutch,AlphaTauri,19.0,14,0.0,56,Lapped,19.0,1:37.709,False,False,False,5.0
2023,1,Bahrain Grand Prix,Bahrain International Circuit,Bahrain,2023-03-05,hulkenberg,Nico Hülkenberg,German,Haas F1 Team,10.0,15,0.0,56,Lapped,11.0,1:36.616,False,False,False,-5.0
2023,1,Bahrain Grand Prix,Bahrain International Circuit,Bahrain,2023-03-05,zhou,Guanyu Zhou,Chinese,Alfa Romeo,13.0,16,0.0,56,Lapped,1.0,1:33.996,False,False,False,-3.0
2023,1,Bahrain Grand Prix,Bahrain International Circuit,Bahrain,2023-03-05,norris,Lando Norris,British,McLaren,11.0,17,0.0,55,Lapped,3.0,1:35.822,False,False,False,-6.0
2023,1,Bahrain Grand Prix,Bahrain International Circuit,Bahrain,2023-03-05,ocon,Esteban Ocon,French,Alpine F1 Team,9.0,18,0.0,41,Retired,13.0,1:36.797,True,False,False,-9.0
2023,1,Bahrain Grand Prix,Bahrain International Circuit,Bahrain,2023-03-05,leclerc,Charles Leclerc,Monegasque,Ferrari,3.0,19,0.0,39,Retired,16.0,1:37.170,True,False,False,-16.0
2023,1,Bahrain Grand Prix,Bahrain International Circuit,Bahrain,2023-03-05,piastri,Oscar Piastri,Australian,McLaren,18.0,20,0.0,13,Retired,20.0,1:40.691,True,False,False,-2.0
2023,2,Saudi Arabian Grand Prix,Jeddah Corniche Circuit,Saudi Arabia,2023-03-19,perez,Sergio Pérez,Mexican,Red Bull,1.0,1,25.0,50,Finished,2.0,1:32.188,False,True,True,0.0
2023,2,Saudi Arabian Grand Prix,Jeddah Corniche Circuit,Saudi Arabia,2023-03-19,max_verstappen,Max Verstappen,Dutch,Red Bull,15.0,2,19.0,50,Finished,1.0,1:31.906,False,True,False,13.0
2023,2,Saudi Arabian Grand Prix,Jeddah Corniche Circuit,Saudi Arabia,2023-03-19,alonso,Fernando Alonso,Spanish,Aston Martin,2.0,3,15.0,50,Finished,3.0,1:32.240,False,True,False,-1.0
2023,2,Saudi Arabian Grand Prix,Jeddah Corniche Circuit,Saudi Arabia,2023-03-19,russell,George Russell,British,Mercedes,3.0,4,12.0,50,Finished,4.0,1:32.433,False,False,False,-1.0
2023,2,Saudi Arabian Grand Prix,Jeddah Corniche Circuit,Saudi Arabia,2023-03-19,hamilton,Lewis Hamilton,British,Mercedes,7.0,5,10.0,50,Finished,6.0,1:32.941,False,False,False,2.0
2023,2,Saudi Arabian Grand Prix,Jeddah Corniche Circuit,Saudi Arabia,2023-03-19,sainz,Carlos Sainz,Spanish,Ferrari,4.0,6,8.0,50,Finished,5.0,1:32.822,False,False,False,-2.0
2023,2,Saudi Arabian Grand Prix,Jeddah Corniche Circuit,Saudi Arabia,2023-03-19,leclerc,Charles Leclerc,Monegasque,Ferrari,12.0,7,6.0,50,Finished,7.0,1:33.056,False,False,False,5.0
2023,2,Saudi Arabian Grand Prix,Jeddah Corniche Circuit,Saudi Arabia,2023-03-19,ocon,Esteban Ocon,French,Alpine F1 Team,6.0,8,4.0,50,Finished,8.0,1:33.222,False,False,False,-2.0
2023,2,Saudi Arabian Grand Prix,Jeddah Corniche Circuit,Saudi Arabia,2023-03-19,gasly,Pierre Gasly,French,Alpine F1 Team,9.0,9,2.0,50,Finished,10.0,1:33.392,False,False,False,0.0
2023,2,Saudi Arabian Grand Prix,Jeddah Corniche Circuit,Saudi Arabia,2023-03-19,kevin_magnussen,Kevin Magnussen,Danish,Haas F1 Team,13.0,10,1.0,50,Finished,9.0,1:33.374,False,False,False,3.0
2023,2,Saudi Arabian Grand Prix,Jeddah Corniche Circuit,Saudi Arabia,2023-03-19,tsunoda,Yuki Tsunoda,Japanese,AlphaTauri,16.0,11,0.0,50,Finished,14.0,1:33.931,False,False,False,5.0
2023,2,Saudi Arabian Grand Prix,Jeddah Corniche Circuit,Saudi Arabia,2023-03-19,hulkenberg,Nico Hülkenberg,German,Haas F1 Team,10.0,12,0.0,50,Finished,12.0,1:33.780,False,False,False,-2.0
2023,2,Saudi Arabian Grand Prix,Jeddah Corniche Circuit,Saudi Arabia,2023-03-19,zhou,Guanyu Zhou,Chinese,Alfa Romeo,11.0,13,0.0,50,Finished,13.0,1:33.894,False,False,False,-2.0
2023,2,Saudi Arabian Grand Prix,Jeddah Corniche Circuit,Saudi Arabia,2023-03-19,de_vries,Nyck de Vries,Dutch,AlphaTauri,18.0,14,0.0,50,Finished,11.0,1:33.609,False,False,False,4.0
2023,2,Saudi Arabian Grand Prix,Jeddah Corniche Circuit,Saudi Arabia,2023-03-19,piastri,Oscar Piastri,Australian,McLaren,8.0,15,0.0,50,Finished,16.0,1:34.287,False,False,False,-7.0
2023,2,Saudi Arabian Grand Prix,Jeddah Corniche Circuit,Saudi Arabia,2023-03-19,sargeant,Logan Sargeant,American,Williams,20.0,16,0.0,50,Finished,18.0,1:34.469,False,False,False,4.0
2023,2,Saudi Arabian Grand Prix,Jeddah Corniche Circuit,Saudi Arabia,2023-03-19,norris,Lando Norris,British,McLaren,19.0,17,0.0,50,Finished,15.0,1:34.122,False,False,False,2.0
2023,2,Saudi Arabian Grand Prix,Jeddah Corniche Circuit,Saudi Arabia,2023-03-19,bottas,Valtteri Bottas,Finnish,Alfa Romeo,14.0,18,0.0,49,Lapped,17.0,1:34.384,False,False,False,-4.0
2023,2,Saudi Arabian Grand Prix,Jeddah Corniche Circuit,Saudi Arabia,2023-03-19,albon,Alexander Albon,Thai,Williams,17.0,19,0.0,27,Retired,20.0,1:35.567,True,False,False,-2.0
2023,2,Saudi Arabian Grand Prix,Jeddah Corniche Circuit,Saudi Arabia,2023-03-19,stroll,Lance Stroll,Canadian,Aston Martin,5.0,20,0.0,16,Retired,19.0,1:35.140,True,False,False,-15.0
2023,3,Australian Grand Prix,Albert Park Grand Prix Circuit,Australia,2023-04-02,max_verstappen,Max Verstappen,Dutch,Red Bull,1.0,1,25.0,58,Finished,2.0,1:20.342,False,True,True,0.0
2023,3,Australian Grand Prix,Albert Park Grand Prix Circuit,Australia,2023-04-02,hamilton,Lewis Hamilton,British,Mercedes,3.0,2,18.0,58,Finished,5.0,1:20.613,False,True,False,1.0
2023,3,Australian Grand Prix,Albert Park Grand Prix Circuit,Australia,2023-04-02,alonso,Fernando Alonso,Spanish,Aston Martin,4.0,3,15.0,58,Finished,4.0,1:20.476,False,True,False,1.0
2023,3,Australian Grand Prix,Albert Park Grand Prix Circuit,Australia,2023-04-02,stroll,Lance Stroll,Canadian,Aston Martin,6.0,4,12.0,58,Finished,6.0,1:20.934,False,False,False,2.0
2023,3,Australian Grand Prix,Albert Park Grand Prix Circuit,Australia,2023-04-02,perez,Sergio Pérez,Mexican,Red Bull,20.0,5,11.0,58,Finished,1.0,1:20.235,False,False,False,15.0
2023,3,Australian Grand Prix,Albert Park Grand Prix Circuit,Australia,2023-04-02,norris,Lando Norris,British,McLaren,13.0,6,8.0,58,Finished,9.0,1:21.173,False,False,False,7.0
2023,3,Australian Grand Prix,Albert Park Grand Prix Circuit,Australia,2023-04-02,hulkenberg,Nico Hülkenberg,German,Haas F1 Team,10.0,7,6.0,58,Finished,8.0,1:21.124,False,False,False,3.0
2023,3,Australian Grand Prix,Albert Park Grand Prix Circuit,Australia,2023-04-02,piastri,Oscar Piastri,Australian,McLaren,16.0,8,4.0,58,Finished,12.0,1:21.335,False,False,False,8.0
2023,3,Australian Grand Prix,Albert Park Grand Prix Circuit,Australia,2023-04-02,zhou,Guanyu Zhou,Chinese,Alfa Romeo,17.0,9,2.0,58,Finished,16.0,1:21.819,False,False,False,8.0
2023,3,Australian Grand Prix,Albert Park Grand Prix Circuit,Australia,2023-04-02,tsunoda,Yuki Tsunoda,Japanese,AlphaTauri,12.0,10,1.0,58,Finished,15.0,1:21.789,False,False,False,2.0
2023,3,Australian Grand Prix,Albert Park Grand Prix Circuit,Australia,2023-04-02,bottas,Valtteri Bottas,Finnish,Alfa Romeo,19.0,11,0.0,58,Finished,17.0,1:22.233,False,False,False,8.0
2023,3,Australian Grand Prix,Albert Park Grand Prix Circuit,Australia,2023-04-02,sainz,Carlos Sainz,Spanish,Ferrari,5.0,12,0.0,58,Finished,3.0,1:20.467,False,False,False,-7.0
2023,3,Australian Grand Prix,Albert Park Grand Prix Circuit,Australia,2023-04-02,gasly,Pierre Gasly,French,Alpine F1 Team,9.0,13,0.0,56,Retired,7.0,1:20.995,True,False,False,-4.0
2023,3,Australian Grand Prix,Albert Park Grand Prix Circuit,Australia,2023-04-02,ocon,Esteban Ocon,French,Alpine F1 Team,11.0,14,0.0,56,Retired,11.0,1:21.203,True,False,False,-3.0
2023,3,Australian Grand Prix,Albert Park Grand Prix Circuit,Australia,2023-04-02,de_vries,Nyck de Vries,Dutch,AlphaTauri,15.0,15,0.0,56,Retired,10.0,1:21.183,True,False,False,0.0
2023,3,Australian Grand Prix,Albert Park Grand Prix Circuit,Australia,2023-04-02,sargeant,Logan Sargeant,American,Williams,18.0,16,0.0,56,Retired,13.0,1:21.456,True,False,False,2.0
2023,3,Australian Grand Prix,Albert Park Grand Prix Circuit,Australia,2023-04-02,kevin_magnussen,Kevin Magnussen,Danish,Haas F1 Team,14.0,17,0.0,52,Retired,14.0,1:21.685,True,False,False,-3.0
2023,3,Australian Grand Prix,Albert Park Grand Prix Circuit,Australia,2023-04-02,russell,George Russell,British,Mercedes,2.0,18,0.0,17,Retired,18.0,1:22.680,True,False,False,-16.0
2023,3,Australian Grand Prix,Albert Park Grand Prix Circuit,Australia,2023-04-02,albon,Alexander Albon,Thai,Williams,8.0,19,0.0,6,Retired,19.0,1:23.349,True,False,False,-11.0
2023,3,Australian Grand Prix,Albert Park Grand Prix Circuit,Australia,2023-04-02,leclerc,Charles Leclerc,Monegasque,Ferrari,7.0,20,0.0,0,Retired,,,True,False,False,-13.0
2023,4,Azerbaijan Grand Prix,Baku City Circuit,Azerbaijan,2023-04-30,perez,Sergio Pérez,Mexican,Red Bull,3.0,1,25.0,51,Finished,5.0,1:44.589,False,True,True,2.0
2023,4,Azerbaijan Grand Prix,Baku City Circuit,Azerbaijan,2023-04-30,max_verstappen,Max Verstappen,Dutch,Red Bull,2.0,2,18.0,51,Finished,2.0,1:44.232,False,True,False,0.0
2023,4,Azerbaijan Grand Prix,Baku City Circuit,Azerbaijan,2023-04-30,leclerc,Charles Leclerc,Monegasque,Ferrari,1.0,3,15.0,51,Finished,4.0,1:44.561,False,True,False,-2.0
2023,4,Azerbaijan Grand Prix,Baku City Circuit,Azerbaijan,2023-04-30,alonso,Fernando Alonso,Spanish,Aston Martin,6.0,4,12.0,51,Finished,3.0,1:44.241,False,False,False,2.0
2023,4,Azerbaijan Grand Prix,Baku City Circuit,Azerbaijan,2023-04-30,sainz,Carlos Sainz,Spanish,Ferrari,4.0,5,10.0,51,Finished,6.0,1:45.175,False,False,False,-1.0
2023,4,Azerbaijan Grand Prix,Baku City Circuit,Azerbaijan,2023-04-30,hamilton,Lewis Hamilton,British,Mercedes,5.0,6,8.0,51,Finished,7.0,1:45.346,False,False,False,-1.0
2023,4,Azerbaijan Grand Prix,Baku City Circuit,Azerbaijan,2023-04-30,stroll,Lance Stroll,Canadian,Aston Martin,9.0,7,6.0,51,Finished,9.0,1:45.627,False,False,False,2.0
2023,4,Azerbaijan Grand Prix,Baku City Circuit,Azerbaijan,2023-04-30,russell,George Russell,British,Mercedes,11.0,8,5.0,51,Finished,1.0,1:43.370,False,False,False,3.0
2023,4,Azerbaijan Grand Prix,Baku City Circuit,Azerbaijan,2023-04-30,norris,Lando Norris,British,McLaren,7.0,9,2.0,51,Finished,12.0,1:45.738,False,False,False,-2.0
2023,4,Azerbaijan Grand Prix,Baku City Circuit,Azerbaijan,2023-04-30,tsunoda,Yuki Tsunoda,Japanese,AlphaTauri,8.0,10,1.0,51,Finished,11.0,1:45.727,False,False,False,-2.0
2023,4,Azerbaijan Grand Prix,Baku City Circuit,Azerbaijan,2023-04-30,piastri,Oscar Piastri,Australian,McLaren,10.0,11,0.0,51,Finished,10.0,1:45.631,False,False,False,-1.0
2023,4,Azerbaijan Grand Prix,Baku City Circuit,Azerbaijan,2023-04-30,albon,Alexander Albon,Thai,Williams,12.0,12,0.0,51,Finished,15.0,1:45.925,False,False,False,0.0
2023,4,Azerbaijan Grand Prix,Baku City Circuit,Azerbaijan,2023-04-30,kevin_magnussen,Kevin Magnussen,Danish,Haas F1 Team,16.0,13,0.0,51,Finished,13.0,1:45.850,False,False,False,3.0
2023,4,Azerbaijan Grand Prix,Baku City Circuit,Azerbaijan,2023-04-30,gasly,Pierre Gasly,French,Alpine F1 Team,17.0,14,0.0,51,Finished,8.0,1:45.540,False,False,False,3.0
2023,4,Azerbaijan Grand Prix,Baku City Circuit,Azerbaijan,2023-04-30,ocon,Esteban Ocon,French,Alpine F1 Team,19.0,15,0.0,51,Finished,14.0,1:45.908,False,False,False,4.0
2023,4,Azerbaijan Grand Prix,Baku City Circuit,Azerbaijan,2023-04-30,sargeant,Logan Sargeant,American,Williams,14.0,16,0.0,51,Finished,17.0,1:46.501,False,False,False,-2.0
2023,4,Azerbaijan Grand Prix,Baku City Circuit,Azerbaijan,2023-04-30,hulkenberg,Nico Hülkenberg,German,Haas F1 Team,20.0,17,0.0,50,Lapped,18.0,1:46.731,False,False,False,3.0
2023,4,Azerbaijan Grand Prix,Baku City Circuit,Azerbaijan,2023-04-30,bottas,Valtteri Bottas,Finnish,Alfa Romeo,13.0,18,0.0,50,Lapped,16.0,1:46.304,False,False,False,-5.0
2023,4,Azerbaijan Grand Prix,Baku City Circuit,Azerbaijan,2023-04-30,zhou,Guanyu Zhou,Chinese,Alfa Romeo,15.0,19,0.0,36,Retired,19.0,1:47.553,True,False,False,-4.0
2023,4,Azerbaijan Grand Prix,Baku City Circuit,Azerbaijan,2023-04-30,de_vries,Nyck de Vries,Dutch,AlphaTauri,18.0,20,0.0,9,Retired,20.0,1:48.781,True,False,False,-2.0
2023,5,Miami Grand Prix,Miami International Autodrome,USA,2023-05-07,max_verstappen,Max Verstappen,Dutch,Red Bull,9.0,1,26.0,57,Finished,1.0,1:29.708,False,True,True,8.0
2023,5,Miami Grand Prix,Miami International Autodrome,USA,2023-05-07,perez,Sergio Pérez,Mexican,Red Bull,1.0,2,18.0,57,Finished,3.0,1:30.560,False,True,False,-1.0
2023,5,Miami Grand Prix,Miami International Autodrome,USA,2023-05-07,alonso,Fernando Alonso,Spanish,Aston Martin,2.0,3,15.0,57,Finished,2.0,1:30.519,False,True,False,-1.0
2023,5,Miami Grand Prix,Miami International Autodrome,USA,2023-05-07,russell,George Russell,British,Mercedes,6.0,4,12.0,57,Finished,7.0,1:31.015,False,False,False,2.0
2023,5,Miami Grand Prix,Miami International Autodrome,USA,2023-05-07,sainz,Carlos Sainz,Spanish,Ferrari,3.0,5,10.0,57,Finished,10.0,1:31.362,False,False,False,-2.0
2023,5,Miami Grand Prix,Miami International Autodrome,USA,2023-05-07,hamilton,Lewis Hamilton,British,Mercedes,13.0,6,8.0,57,Finished,4.0,1:30.669,False,False,False,7.0
2023,5,Miami Grand Prix,Miami International Autodrome,USA,2023-05-07,leclerc,Charles Leclerc,Monegasque,Ferrari,7.0,7,6.0,57,Finished,11.0,1:31.434,False,False,False,0.0
2023,5,Miami Grand Prix,Miami International Autodrome,USA,2023-05-07,gasly,Pierre Gasly,French,Alpine F1 Team,5.0,8,4.0,57,Finished,17.0,1:31.971,False,False,False,-3.0
2023,5,Miami Grand Prix,Miami International Autodrome,USA,2023-05-07,ocon,Esteban Ocon,French,Alpine F1 Team,8.0,9,2.0,57,Finished,9.0,1:31.143,False,False,False,-1.0
2023,5,Miami Grand Prix,Miami International Autodrome,USA,2023-05-07,kevin_magnussen,Kevin Magnussen,Danish,Haas F1 Team,4.0,10,1.0,57,Finished,13.0,1:31.691,False,False,False,-6.0
2023,5,Miami Grand Prix,Miami International Autodrome,USA,2023-05-07,tsunoda,Yuki Tsunoda,Japanese,AlphaTauri,17.0,11,0.0,57,Finished,8.0,1:31.038,False,False,False,6.0
2023,5,Miami Grand Prix,Miami International Autodrome,USA,2023-05-07,stroll,Lance Stroll,Canadian,Aston Martin,18.0,12,0.0,57,Finished,5.0,1:30.862,False,False,False,6.0
2023,5,Miami Grand Prix,Miami International Autodrome,USA,2023-05-07,bottas,Valtteri Bottas,Finnish,Alfa Romeo,10.0,13,0.0,57,Finished,15.0,1:31.838,False,False,False,-3.0
2023,5,Miami Grand Prix,Miami International Autodrome,USA,2023-05-07,albon,Alexander Albon,Thai,Williams,11.0,14,0.0,57,Finished,16.0,1:31.852,False,False,False,-3.0
2023,5,Miami Grand Prix,Miami International Autodrome,USA,2023-05-07,hulkenberg,Nico Hülkenberg,German,Haas F1 Team,12.0,15,0.0,57,Finished,6.0,1:30.901,False,False,False,-3.0
2023,5,Miami Grand Prix,Miami International Autodrome,USA,2023-05-07,zhou,Guanyu Zhou,Chinese,Alfa Romeo,14.0,16,0.0,57,Finished,14.0,1:31.736,False,False,False,-2.0
2023,5,Miami Grand Prix,Miami International Autodrome,USA,2023-05-07,norris,Lando Norris,British,McLaren,16.0,17,0.0,57,Finished,20.0,1:32.401,False,False,False,-1.0
2023,5,Miami Grand Prix,Miami International Autodrome,USA,2023-05-07,de_vries,Nyck de Vries,Dutch,AlphaTauri,15.0,18,0.0,57,Finished,12.0,1:31.562,False,False,False,-3.0
2023,5,Miami Grand Prix,Miami International Autodrome,USA,2023-05-07,piastri,Oscar Piastri,Australian,McLaren,19.0,19,0.0,56,Lapped,18.0,1:32.006,False,False,False,0.0
2023,5,Miami Grand Prix,Miami International Autodrome,USA,2023-05-07,sargeant,Logan Sargeant,American,Williams,20.0,20,0.0,56,Lapped,19.0,1:32.384,False,False,False,0.0
2023,6,Monaco Grand Prix,Circuit de Monaco,Monaco,2023-05-28,max_verstappen,Max Verstappen,Dutch,Red Bull,1.0,1,25.0,78,Finished,7.0,1:16.604,False,True,True,0.0
2023,6,Monaco Grand Prix,Circuit de Monaco,Monaco,2023-05-28,alonso,Fernando Alonso,Spanish,Aston Martin,2.0,2,18.0,78,Finished,9.0,1:16.674,False,True,False,0.0
2023,6,Monaco Grand Prix,Circuit de Monaco,Monaco,2023-05-28,ocon,Esteban Ocon,French,Alpine F1 Team,3.0,3,15.0,78,Finished,6.0,1:16.528,False,True,False,0.0
2023,6,Monaco Grand Prix,Circuit de Monaco,Monaco,2023-05-28,hamilton,Lewis Hamilton,British,Mercedes,5.0,4,13.0,78,Finished,1.0,1:15.650,False,False,False,1.0
2023,6,Monaco Grand Prix,Circuit de Monaco,Monaco,2023-05-28,russell,George Russell,British,Mercedes,8.0,5,10.0,78,Finished,10.0,1:16.798,False,False,False,3.0
2023,6,Monaco Grand Prix,Circuit de Monaco,Monaco,2023-05-28,leclerc,Charles Leclerc,Monegasque,Ferrari,6.0,6,8.0,78,Finished,2.0,1:15.773,False,False,False,0.0
2023,6,Monaco Grand Prix,Circuit de Monaco,Monaco,2023-05-28,gasly,Pierre Gasly,French,Alpine F1 Team,7.0,7,6.0,78,Finished,3.0,1:15.831,False,False,False,0.0
2023,6,Monaco Grand Prix,Circuit de Monaco,Monaco,2023-05-28,sainz,Carlos Sainz,Spanish,Ferrari,4.0,8,4.0,78,Finished,5.0,1:16.449,False,False,False,-4.0
2023,6,Monaco Grand Prix,Circuit de Monaco,Monaco,2023-05-28,norris,Lando Norris,British,McLaren,10.0,9,2.0,77,Lapped,19.0,1:17.844,False,False,False,1.0
2023,6,Monaco Grand Prix,Circuit de Monaco,Monaco,2023-05-28,piastri,Oscar Piastri,Australian,McLaren,11.0,10,1.0,77,Lapped,14.0,1:17.513,False,False,False,1.0
2023,6,Monaco Grand Prix,Circuit de Monaco,Monaco,2023-05-28,bottas,Valtteri Bottas,Finnish,Alfa Romeo,15.0,11,0.0,77,Lapped,18.0,1:17.824,False,False,False,4.0
2023,6,Monaco Grand Prix,Circuit de Monaco,Monaco,2023-05-28,de_vries,Nyck de Vries,Dutch,AlphaTauri,12.0,12,0.0,77,Lapped,15.0,1:17.561,False,False,False,0.0
2023,6,Monaco Grand Prix,Circuit de Monaco,Monaco,2023-05-28,zhou,Guanyu Zhou,Chinese,Alfa Romeo,19.0,13,0.0,77,Lapped,11.0,1:16.926,False,False,False,6.0
2023,6,Monaco Grand Prix,Circuit de Monaco,Monaco,2023-05-28,albon,Alexander Albon,Thai,Williams,13.0,14,0.0,77,Lapped,8.0,1:16.672,False,False,False,-1.0
2023,6,Monaco Grand Prix,Circuit de Monaco,Monaco,2023-05-28,tsunoda,Yuki Tsunoda,Japanese,AlphaTauri,9.0,15,0.0,76,Lapped,16.0,1:17.680,False,False,False,-6.0
2023,6,Monaco Grand Prix,Circuit de Monaco,Monaco,2023-05-28,perez,Sergio Pérez,Mexican,Red Bull,20.0,16,0.0,76,Lapped,4.0,1:16.269,False,False,False,4.0
2023,6,Monaco Grand Prix,Circuit de Monaco,Monaco,2023-05-28,hulkenberg,Nico Hülkenberg,German,Haas F1 Team,18.0,17,0.0,76,Lapped,12.0,1:16.991,False,False,False,1.0
2023,6,Monaco Grand Prix,Circuit de Monaco,Monaco,2023-05-28,sargeant,Logan Sargeant,American,Williams,16.0,18,0.0,76,Lapped,13.0,1:17.302,False,False,False,-2.0
2023,6,Monaco Grand Prix,Circuit de Monaco,Monaco,2023-05-28,kevin_magnussen,Kevin Magnussen,Danish,Haas F1 Team,17.0,19,0.0,70,Retired,20.0,1:18.351,True,False,False,-2.0
2023,6,Monaco Grand Prix,Circuit de Monaco,Monaco,2023-05-28,stroll,Lance Stroll,Canadian,Aston Martin,14.0,20,0.0,53,Retired,17.0,1:17.769,True,False,False,-6.0
2023,7,Spanish Grand Prix,Circuit de Barcelona-Catalunya,Spain,2023-06-04,max_verstappen,Max Verstappen,Dutch,Red Bull,1.0,1,26.0,66,Finished,1.0,1:16.330,False,True,True,0.0
2023,7,Spanish Grand Prix,Circuit de Barcelona-Catalunya,Spain,2023-06-04,hamilton,Lewis Hamilton,British,Mercedes,4.0,2,18.0,66,Finished,3.0,1:16.676,False,True,False,2.0
2023,7,Spanish Grand Prix,Circuit de Barcelona-Catalunya,Spain,2023-06-04,russell,George Russell,British,Mercedes,12.0,3,15.0,66,Finished,5.0,1:17.875,False,True,False,9.0
2023,7,Spanish Grand Prix,Circuit de Barcelona-Catalunya,Spain,2023-06-04,perez,Sergio Pérez,Mexican,Red Bull,11.0,4,12.0,66,Finished,2.0,1:16.666,False,False,False,7.0
2023,7,Spanish Grand Prix,Circuit de Barcelona-Catalunya,Spain,2023-06-04,sainz,Carlos Sainz,Spanish,Ferrari,2.0,5,10.0,66,Finished,11.0,1:18.403,False,False,False,-3.0
2023,7,Spanish Grand Prix,Circuit de Barcelona-Catalunya,Spain,2023-06-04,stroll,Lance Stroll,Canadian,Aston Martin,5.0,6,8.0,66,Finished,14.0,1:18.722,False,False,False,-1.0
2023,7,Spanish Grand Prix,Circuit de Barcelona-Catalunya,Spain,2023-06-04,alonso,Fernando Alonso,Spanish,Aston Martin,8.0,7,6.0,66,Finished,7.0,1:18.083,False,False,False,1.0
2023,7,Spanish Grand Prix,Circuit de Barcelona-Catalunya,Spain,2023-06-04,ocon,Esteban Ocon,French,Alpine F1 Team,6.0,8,4.0,66,Finished,18.0,1:18.946,False,False,False,-2.0
2023,7,Spanish Grand Prix,Circuit de Barcelona-Catalunya,Spain,2023-06-04,zhou,Guanyu Zhou,Chinese,Alfa Romeo,13.0,9,2.0,66,Finished,15.0,1:18.753,False,False,False,4.0
2023,7,Spanish Grand Prix,Circuit de Barcelona-Catalunya,Spain,2023-06-04,gasly,Pierre Gasly,French,Alpine F1 Team,10.0,10,1.0,66,Finished,10.0,1:18.375,False,False,False,0.0
2023,7,Spanish Grand Prix,Circuit de Barcelona-Catalunya,Spain,2023-06-04,leclerc,Charles Leclerc,Monegasque,Ferrari,19.0,11,0.0,66,Finished,9.0,1:18.357,False,False,False,8.0
2023,7,Spanish Grand Prix,Circuit de Barcelona-Catalunya,Spain,2023-06-04,tsunoda,Yuki Tsunoda,Japanese,AlphaTauri,15.0,12,0.0,66,Finished,17.0,1:18.904,False,False,False,3.0
2023,7,Spanish Grand Prix,Circuit de Barcelona-Catalunya,Spain,2023-06-04,piastri,Oscar Piastri,Australian,McLaren,9.0,13,0.0,65,Lapped,13.0,1:18.679,False,False,False,-4.0
2023,7,Spanish Grand Prix,Circuit de Barcelona-Catalunya,Spain,2023-06-04,de_vries,Nyck de Vries,Dutch,AlphaTauri,14.0,14,0.0,65,Lapped,12.0,1:18.594,False,False,False,0.0
2023,7,Spanish Grand Prix,Circuit de Barcelona-Catalunya,Spain,2023-06-04,hulkenberg,Nico Hülkenberg,German,Haas F1 Team,7.0,15,0.0,65,Lapped,16.0,1:18.776,False,False,False,-8.0
2023,7,Spanish Grand Prix,Circuit de Barcelona-Catalunya,Spain,2023-06-04,albon,Alexander Albon,Thai,Williams,18.0,16,0.0,65,Lapped,19.0,1:19.133,False,False,False,2.0
2023,7,Spanish Grand Prix,Circuit de Barcelona-Catalunya,Spain,2023-06-04,norris,Lando Norris,British,McLaren,3.0,17,0.0,65,Lapped,4.0,1:17.182,False,False,False,-14.0
2023,7,Spanish Grand Prix,Circuit de Barcelona-Catalunya,Spain,2023-06-04,kevin_magnussen,Kevin Magnussen,Danish,Haas F1 Team,17.0,18,0.0,65,Lapped,6.0,1:18.069,False,False,False,-1.0
2023,7,Spanish Grand Prix,Circuit de Barcelona-Catalunya,Spain,2023-06-04,bottas,Valtteri Bottas,Finnish,Alfa Romeo,16.0,19,0.0,65,Lapped,8.0,1:18.242,False,False,False,-3.0
2023,7,Spanish Grand Prix,Circuit de Barcelona-Catalunya,Spain,2023-06-04,sargeant,Logan Sargeant,American,Williams,20.0,20,0.0,65,Lapped,20.0,1:19.247,False,False,False,0.0
2023,8,Canadian Grand Prix,Circuit Gilles Villeneuve,Canada,2023-06-18,max_verstappen,Max Verstappen,Dutch,Red Bull,1.0,1,25.0,70,Finished,3.0,1:15.594,False,True,True,0.0
2023,8,Canadian Grand Prix,Circuit Gilles Villeneuve,Canada,2023-06-18,alonso,Fernando Alonso,Spanish,Aston Martin,2.0,2,18.0,70,Finished,4.0,1:15.779,False,True,False,0.0
2023,8,Canadian Grand Prix,Circuit Gilles Villeneuve,Canada,2023-06-18,hamilton,Lewis Hamilton,British,Mercedes,3.0,3,15.0,70,Finished,2.0,1:15.396,False,True,False,0.0
2023,8,Canadian Grand Prix,Circuit Gilles Villeneuve,Canada,2023-06-18,leclerc,Charles Leclerc,Monegasque,Ferrari,10.0,4,12.0,70,Finished,5.0,1:15.907,False,False,False,6.0
2023,8,Canadian Grand Prix,Circuit Gilles Villeneuve,Canada,2023-06-18,sainz,Carlos Sainz,Spanish,Ferrari,11.0,5,10.0,70,Finished,6.0,1:15.911,False,False,False,6.0
2023,8,Canadian Grand Prix,Circuit Gilles Villeneuve,Canada,2023-06-18,perez,Sergio Pérez,Mexican,Red Bull,12.0,6,9.0,70,Finished,1.0,1:14.481,False,False,False,6.0
2023,8,Canadian Grand Prix,Circuit Gilles Villeneuve,Canada,2023-06-18,albon,Alexander Albon,Thai,Williams,9.0,7,6.0,70,Finished,16.0,1:16.917,False,False,False,2.0
2023,8,Canadian Grand Prix,Circuit Gilles Villeneuve,Canada,2023-06-18,ocon,Esteban Ocon,French,Alpine F1 Team,6.0,8,4.0,70,Finished,15.0,1:16.782,False,False,False,-2.0
2023,8,Canadian Grand Prix,Circuit Gilles Villeneuve,Canada,2023-06-18,stroll,Lance Stroll,Canadian,Aston Martin,16.0,9,2.0,70,Finished,10.0,1:16.564,False,False,False,7.0
2023,8,Canadian Grand Prix,Circuit Gilles Villeneuve,Canada,2023-06-18,bottas,Valtteri Bottas,Finnish,Alfa Romeo,14.0,10,1.0,70,Finished,12.0,1:16.625,False,False,False,4.0
2023,8,Canadian Grand Prix,Circuit Gilles Villeneuve,Canada,2023-06-18,piastri,Oscar Piastri,Australian,McLaren,8.0,11,0.0,70,Finished,11.0,1:16.598,False,False,False,-3.0
2023,8,Canadian Grand Prix,Circuit Gilles Villeneuve,Canada,2023-06-18,gasly,Pierre Gasly,French,Alpine F1 Team,15.0,12,0.0,70,Finished,9.0,1:16.425,False,False,False,3.0
2023,8,Canadian Grand Prix,Circuit Gilles Villeneuve,Canada,2023-06-18,norris,Lando Norris,British,McLaren,7.0,13,0.0,70,Finished,8.0,1:16.374,False,False,False,-6.0
2023,8,Canadian Grand Prix,Circuit Gilles Villeneuve,Canada,2023-06-18,tsunoda,Yuki Tsunoda,Japanese,AlphaTauri,19.0,14,0.0,70,Finished,14.0,1:16.666,False,False,False,5.0
2023,8,Canadian Grand Prix,Circuit Gilles Villeneuve,Canada,2023-06-18,hulkenberg,Nico Hülkenberg,German,Haas F1 Team,5.0,15,0.0,69,Lapped,19.0,1:17.232,False,False,False,-10.0
2023,8,Canadian Grand Prix,Circuit Gilles Villeneuve,Canada,2023-06-18,zhou,Guanyu Zhou,Chinese,Alfa Romeo,20.0,16,0.0,69,Lapped,17.0,1:17.090,False,False,False,4.0
2023,8,Canadian Grand Prix,Circuit Gilles Villeneuve,Canada,2023-06-18,kevin_magnussen,Kevin Magnussen,Danish,Haas F1 Team,13.0,17,0.0,69,Lapped,7.0,1:16.126,False,False,False,-4.0
2023,8,Canadian Grand Prix,Circuit Gilles Villeneuve,Canada,2023-06-18,de_vries,Nyck de Vries,Dutch,AlphaTauri,17.0,18,0.0,69,Lapped,13.0,1:16.656,False,False,False,-1.0
2023,8,Canadian Grand Prix,Circuit Gilles Villeneuve,Canada,2023-06-18,russell,George Russell,British,Mercedes,4.0,19,0.0,53,Retired,18.0,1:17.097,True,False,False,-15.0
2023,8,Canadian Grand Prix,Circuit Gilles Villeneuve,Canada,2023-06-18,sargeant,Logan Sargeant,American,Williams,18.0,20,0.0,6,Retired,20.0,1:18.437,True,False,False,-2.0
2023,9,Austrian Grand Prix,Red Bull Ring,Austria,2023-07-02,max_verstappen,Max Verstappen,Dutch,Red Bull,1.0,1,26.0,71,Finished,1.0,1:07.012,False,True,True,0.0
2023,9,Austrian Grand Prix,Red Bull Ring,Austria,2023-07-02,leclerc,Charles Leclerc,Monegasque,Ferrari,2.0,2,18.0,71,Finished,5.0,1:08.820,False,True,False,0.0
2023,9,Austrian Grand Prix,Red Bull Ring,Austria,2023-07-02,perez,Sergio Pérez,Mexican,Red Bull,15.0,3,15.0,71,Finished,2.0,1:08.111,False,True,False,12.0
2023,9,Austrian Grand Prix,Red Bull Ring,Austria,2023-07-02,norris,Lando Norris,British,McLaren,4.0,4,12.0,71,Finished,4.0,1:08.739,False,False,False,0.0
2023,9,Austrian Grand Prix,Red Bull Ring,Austria,2023-07-02,alonso,Fernando Alonso,Spanish,Aston Martin,7.0,5,10.0,71,Finished,8.0,1:09.108,False,False,False,2.0
2023,9,Austrian Grand Prix,Red Bull Ring,Austria,2023-07-02,sainz,Carlos Sainz,Spanish,Ferrari,3.0,6,8.0,71,Finished,6.0,1:08.880,False,False,False,-3.0
2023,9,Austrian Grand Prix,Red Bull Ring,Austria,2023-07-02,russell,George Russell,British,Mercedes,11.0,7,6.0,71,Finished,10.0,1:09.283,False,False,False,4.0
2023,9,Austrian Grand Prix,Red Bull Ring,Austria,2023-07-02,hamilton,Lewis Hamilton,British,Mercedes,5.0,8,4.0,71,Finished,9.0,1:09.160,False,False,False,-3.0
2023,9,Austrian Grand Prix,Red Bull Ring,Austria,2023-07-02,stroll,Lance Stroll,Canadian,Aston Martin,6.0,9,2.0,71,Finished,3.0,1:08.463,False,False,False,-3.0
2023,9,Austrian Grand Prix,Red Bull Ring,Austria,2023-07-02,gasly,Pierre Gasly,French,Alpine F1 Team,9.0,10,1.0,71,Finished,7.0,1:09.046,False,False,False,-1.0
2023,9,Austrian Grand Prix,Red Bull Ring,Austria,2023-07-02,albon,Alexander Albon,Thai,Williams,10.0,11,0.0,71,Finished,11.0,1:09.560,False,False,False,-1.0
2023,9,Austrian Grand Prix,Red Bull Ring,Austria,2023-07-02,zhou,Guanyu Zhou,Chinese,Alfa Romeo,17.0,12,0.0,70,Lapped,14.0,1:09.786,False,False,False,5.0
2023,9,Austrian Grand Prix,Red Bull Ring,Austria,2023-07-02,sargeant,Logan Sargeant,American,Williams,18.0,13,0.0,70,Lapped,12.0,1:09.611,False,False,False,5.0
2023,9,Austrian Grand Prix,Red Bull Ring,Austria,2023-07-02,ocon,Esteban Ocon,French,Alpine F1 Team,12.0,14,0.0,70,Lapped,15.0,1:09.797,False,False,False,-2.0
2023,9,Austrian Grand Prix,Red Bull Ring,Austria,2023-07-02,bottas,Valtteri Bottas,Finnish,Alfa Romeo,14.0,15,0.0,70,Lapped,18.0,1:09.940,False,False,False,-1.0
2023,9,Austrian Grand Prix,Red Bull Ring,Austria,2023-07-02,piastri,Oscar Piastri,Australian,McLaren,13.0,16,0.0,70,Lapped,17.0,1:09.862,False,False,False,-3.0
2023,9,Austrian Grand Prix,Red Bull Ring,Austria,2023-07-02,de_vries,Nyck de Vries,Dutch,AlphaTauri,20.0,17,0.0,70,Lapped,16.0,1:09.852,False,False,False,3.0
2023,9,Austrian Grand Prix,Red Bull Ring,Austria,2023-07-02,kevin_magnussen,Kevin Magnussen,Danish,Haas F1 Team,19.0,18,0.0,70,Lapped,19.0,1:10.176,False,False,False,1.0
2023,9,Austrian Grand Prix,Red Bull Ring,Austria,2023-07-02,tsunoda,Yuki Tsunoda,Japanese,AlphaTauri,16.0,19,0.0,70,Lapped,13.0,1:09.620,False,False,False,-3.0
2023,9,Austrian Grand Prix,Red Bull Ring,Austria,2023-07-02,hulkenberg,Nico Hülkenberg,German,Haas F1 Team,8.0,20,0.0,12,Retired,20.0,1:11.066,True,False,False,-12.0
2023,10,British Grand Prix,Silverstone Circuit,UK,2023-07-09,max_verstappen,Max Verstappen,Dutch,Red Bull,1.0,1,26.0,52,Finished,1.0,1:30.275,False,True,True,0.0
2023,10,British Grand Prix,Silverstone Circuit,UK,2023-07-09,norris,Lando Norris,British,McLaren,2.0,2,18.0,52,Finished,2.0,1:30.543,False,True,False,0.0
2023,10,British Grand Prix,Silverstone Circuit,UK,2023-07-09,hamilton,Lewis Hamilton,British,Mercedes,7.0,3,15.0,52,Finished,3.0,1:30.545,False,True,False,4.0
2023,10,British Grand Prix,Silverstone Circuit,UK,2023-07-09,piastri,Oscar Piastri,Australian,McLaren,3.0,4,12.0,52,Finished,4.0,1:30.850,False,False,False,-1.0
2023,10,British Grand Prix,Silverstone Circuit,UK,2023-07-09,russell,George Russell,British,Mercedes,6.0,5,10.0,52,Finished,6.0,1:31.124,False,False,False,1.0
2023,10,British Grand Prix,Silverstone Circuit,UK,2023-07-09,perez,Sergio Pérez,Mexican,Red Bull,15.0,6,8.0,52,Finished,5.0,1:30.914,False,False,False,9.0
2023,10,British Grand Prix,Silverstone Circuit,UK,2023-07-09,alonso,Fernando Alonso,Spanish,Aston Martin,9.0,7,6.0,52,Finished,9.0,1:31.338,False,False,False,2.0
2023,10,British Grand Prix,Silverstone Circuit,UK,2023-07-09,albon,Alexander Albon,Thai,Williams,8.0,8,4.0,52,Finished,8.0,1:31.273,False,False,False,0.0
2023,10,British Grand Prix,Silverstone Circuit,UK,2023-07-09,leclerc,Charles Leclerc,Monegasque,Ferrari,4.0,9,2.0,52,Finished,7.0,1:31.255,False,False,False,-5.0
2023,10,British Grand Prix,Silverstone Circuit,UK,2023-07-09,sainz,Carlos Sainz,Spanish,Ferrari,5.0,10,1.0,52,Finished,10.0,1:31.366,False,False,False,-5.0
2023,10,British Grand Prix,Silverstone Circuit,UK,2023-07-09,sargeant,Logan Sargeant,American,Williams,14.0,11,0.0,52,Finished,13.0,1:31.699,False,False,False,3.0
2023,10,British Grand Prix,Silverstone Circuit,UK,2023-07-09,bottas,Valtteri Bottas,Finnish,Alfa Romeo,20.0,12,0.0,52,Finished,16.0,1:31.852,False,False,False,8.0
2023,10,British Grand Prix,Silverstone Circuit,UK,2023-07-09,hulkenberg,Nico Hülkenberg,German,Haas F1 Team,11.0,13,0.0,52,Finished,15.0,1:31.776,False,False,False,-2.0
2023,10,British Grand Prix,Silverstone Circuit,UK,2023-07-09,stroll,Lance Stroll,Canadian,Aston Martin,12.0,14,0.0,52,Finished,11.0,1:31.508,False,False,False,-2.0
2023,10,British Grand Prix,Silverstone Circuit,UK,2023-07-09,zhou,Guanyu Zhou,Chinese,Alfa Romeo,17.0,15,0.0,52,Finished,14.0,1:31.769,False,False,False,2.0
2023,10,British Grand Prix,Silverstone Circuit,UK,2023-07-09,tsunoda,Yuki Tsunoda,Japanese,AlphaTauri,16.0,16,0.0,52,Finished,17.0,1:32.084,False,False,False,0.0
2023,10,British Grand Prix,Silverstone Circuit,UK,2023-07-09,de_vries,Nyck de Vries,Dutch,AlphaTauri,18.0,17,0.0,52,Finished,18.0,1:32.353,False,False,False,1.0
2023,10,British Grand Prix,Silverstone Circuit,UK,2023-07-09,gasly,Pierre Gasly,French,Alpine F1 Team,10.0,18,0.0,46,Retired,12.0,1:31.539,True,False,False,-8.0
2023,10,British Grand Prix,Silverstone Circuit,UK,2023-07-09,kevin_magnussen,Kevin Magnussen,Danish,Haas F1 Team,19.0,19,0.0,31,Retired,19.0,1:33.356,True,False,False,0.0
2023,10,British Grand Prix,Silverstone Circuit,UK,2023-07-09,ocon,Esteban Ocon,French,Alpine F1 Team,13.0,20,0.0,9,Retired,20.0,1:33.941,True,False,False,-7.0
2023,11,Hungarian Grand Prix,Hungaroring,Hungary,2023-07-23,max_verstappen,Max Verstappen,Dutch,Red Bull,2.0,1,26.0,70,Finished,1.0,1:20.504,False,True,True,1.0
2023,11,Hungarian Grand Prix,Hungaroring,Hungary,2023-07-23,norris,Lando Norris,British,McLaren,3.0,2,18.0,70,Finished,4.0,1:22.178,False,True,False,1.0
2023,11,Hungarian Grand Prix,Hungaroring,Hungary,2023-07-23,perez,Sergio Pérez,Mexican,Red Bull,9.0,3,15.0,70,Finished,5.0,1:22.295,False,True,False,6.0
2023,11,Hungarian Grand Prix,Hungaroring,Hungary,2023-07-23,hamilton,Lewis Hamilton,British,Mercedes,1.0,4,12.0,70,Finished,2.0,1:21.601,False,False,False,-3.0
2023,11,Hungarian Grand Prix,Hungaroring,Hungary,2023-07-23,piastri,Oscar Piastri,Australian,McLaren,4.0,5,10.0,70,Finished,8.0,1:22.736,False,False,False,-1.0
2023,11,Hungarian Grand Prix,Hungaroring,Hungary,2023-07-23,russell,George Russell,British,Mercedes,18.0,6,8.0,70,Finished,3.0,1:22.158,False,False,False,12.0
2023,11,Hungarian Grand Prix,Hungaroring,Hungary,2023-07-23,leclerc,Charles Leclerc,Monegasque,Ferrari,6.0,7,6.0,70,Finished,6.0,1:22.469,False,False,False,-1.0
2023,11,Hungarian Grand Prix,Hungaroring,Hungary,2023-07-23,sainz,Carlos Sainz,Spanish,Ferrari,11.0,8,4.0,70,Finished,7.0,1:22.584,False,False,False,3.0
2023,11,Hungarian Grand Prix,Hungaroring,Hungary,2023-07-23,alonso,Fernando Alonso,Spanish,Aston Martin,8.0,9,2.0,70,Finished,9.0,1:22.745,False,False,False,-1.0
2023,11,Hungarian Grand Prix,Hungaroring,Hungary,2023-07-23,stroll,Lance Stroll,Canadian,Aston Martin,14.0,10,1.0,69,Lapped,11.0,1:23.425,False,False,False,4.0
2023,11,Hungarian Grand Prix,Hungaroring,Hungary,2023-07-23,albon,Alexander Albon,Thai,Williams,16.0,11,0.0,69,Lapped,18.0,1:24.051,False,False,False,5.0
2023,11,Hungarian Grand Prix,Hungaroring,Hungary,2023-07-23,bottas,Valtteri Bottas,Finnish,Alfa Romeo,7.0,12,0.0,69,Lapped,14.0,1:23.651,False,False,False,-5.0
2023,11,Hungarian Grand Prix,Hungaroring,Hungary,2023-07-23,ricciardo,Daniel Ricciardo,Australian,AlphaTauri,13.0,13,0.0,69,Lapped,17.0,1:23.934,False,False,False,0.0
2023,11,Hungarian Grand Prix,Hungaroring,Hungary,2023-07-23,hulkenberg,Nico Hülkenberg,German,Haas F1 Team,10.0,14,0.0,69,Lapped,13.0,1:23.573,False,False,False,-4.0
2023,11,Hungarian Grand Prix,Hungaroring,Hungary,2023-07-23,tsunoda,Yuki Tsunoda,Japanese,AlphaTauri,17.0,15,0.0,69,Lapped,10.0,1:23.269,False,False,False,2.0
2023,11,Hungarian Grand Prix,Hungaroring,Hungary,2023-07-23,zhou,Guanyu Zhou,Chinese,Alfa Romeo,5.0,16,0.0,69,Lapped,15.0,1:23.743,False,False,False,-11.0
2023,11,Hungarian Grand Prix,Hungaroring,Hungary,2023-07-23,kevin_magnussen,Kevin Magnussen,Danish,Haas F1 Team,19.0,17,0.0,69,Lapped,16.0,1:23.864,False,False,False,2.0
2023,11,Hungarian Grand Prix,Hungaroring,Hungary,2023-07-23,sargeant,Logan Sargeant,American,Williams,20.0,18,0.0,67,Retired,12.0,1:23.496,True,False,False,2.0
2023,11,Hungarian Grand Prix,Hungaroring,Hungary,2023-07-23,ocon,Esteban Ocon,French,Alpine F1 Team,12.0,19,0.0,2,Retired,,,True,False,False,-7.0
2023,11,Hungarian Grand Prix,Hungaroring,Hungary,2023-07-23,gasly,Pierre Gasly,French,Alpine F1 Team,15.0,20,0.0,1,Retired,,,True,False,False,-5.0
2023,12,Belgian Grand Prix,Circuit de Spa-Francorchamps,Belgium,2023-07-30,max_verstappen,Max Verstappen,Dutch,Red Bull,6.0,1,25.0,44,Finished,2.0,1:48.922,False,True,True,5.0
2023,12,Belgian Grand Prix,Circuit de Spa-Francorchamps,Belgium,2023-07-30,perez,Sergio Pérez,Mexican,Red Bull,2.0,2,18.0,44,Finished,6.0,1:50.308,False,True,False,0.0
2023,12,Belgian Grand Prix,Circuit de Spa-Francorchamps,Belgium,2023-07-30,leclerc,Charles Leclerc,Monegasque,Ferrari,1.0,3,15.0,44,Finished,7.0,1:50.436,False,True,False,-2.0
2023,12,Belgian Grand Prix,Circuit de Spa-Francorchamps,Belgium,2023-07-30,hamilton,Lewis Hamilton,British,Mercedes,3.0,4,13.0,44,Finished,1.0,1:47.305,False,False,False,-1.0
2023,12,Belgian Grand Prix,Circuit de Spa-Francorchamps,Belgium,2023-07-30,alonso,Fernando Alonso,Spanish,Aston Martin,9.0,5,10.0,44,Finished,13.0,1:50.938,False,False,False,4.0
2023,12,Belgian Grand Prix,Circuit de Spa-Francorchamps,Belgium,2023-07-30,russell,George Russell,British,Mercedes,8.0,6,8.0,44,Finished,11.0,1:50.603,False,False,False,2.0
2023,12,Belgian Grand Prix,Circuit de Spa-Francorchamps,Belgium,2023-07-30,norris,Lando Norris,British,McLaren,7.0,7,6.0,44,Finished,18.0,1:51.682,False,False,False,0.0
2023,12,Belgian Grand Prix,Circuit de Spa-Francorchamps,Belgium,2023-07-30,ocon,Esteban Ocon,French,Alpine F1 Team,14.0,8,4.0,44,Finished,8.0,1:50.439,False,False,False,6.0
2023,12,Belgian Grand Prix,Circuit de Spa-Francorchamps,Belgium,2023-07-30,stroll,Lance Stroll,Canadian,Aston Martin,10.0,9,2.0,44,Finished,16.0,1:51.297,False,False,False,1.0
2023,12,Belgian Grand Prix,Circuit de Spa-Francorchamps,Belgium,2023-07-30,tsunoda,Yuki Tsunoda,Japanese,AlphaTauri,11.0,10,1.0,44,Finished,17.0,1:51.394,False,False,False,1.0
2023,12,Belgian Grand Prix,Circuit de Spa-Francorchamps,Belgium,2023-07-30,gasly,Pierre Gasly,French,Alpine F1 Team,12.0,11,0.0,44,Finished,12.0,1:50.911,False,False,False,1.0
2023,12,Belgian Grand Prix,Circuit de Spa-Francorchamps,Belgium,2023-07-30,bottas,Valtteri Bottas,Finnish,Alfa Romeo,13.0,12,0.0,44,Finished,10.0,1:50.515,False,False,False,1.0
2023,12,Belgian Grand Prix,Circuit de Spa-Francorchamps,Belgium,2023-07-30,zhou,Guanyu Zhou,Chinese,Alfa Romeo,17.0,13,0.0,44,Finished,5.0,1:50.188,False,False,False,4.0
2023,12,Belgian Grand Prix,Circuit de Spa-Francorchamps,Belgium,2023-07-30,albon,Alexander Albon,Thai,Williams,15.0,14,0.0,44,Finished,3.0,1:49.841,False,False,False,1.0
2023,12,Belgian Grand Prix,Circuit de Spa-Francorchamps,Belgium,2023-07-30,kevin_magnussen,Kevin Magnussen,Danish,Haas F1 Team,16.0,15,0.0,44,Finished,14.0,1:50.993,False,False,False,1.0
2023,12,Belgian Grand Prix,Circuit de Spa-Francorchamps,Belgium,2023-07-30,ricciardo,Daniel Ricciardo,Australian,AlphaTauri,19.0,16,0.0,44,Finished,15.0,1:50.994,False,False,False,3.0
2023,12,Belgian Grand Prix,Circuit de Spa-Francorchamps,Belgium,2023-07-30,sargeant,Logan Sargeant,American,Williams,18.0,17,0.0,44,Finished,9.0,1:50.486,False,False,False,1.0
2023,12,Belgian Grand Prix,Circuit de Spa-Francorchamps,Belgium,2023-07-30,hulkenberg,Nico Hülkenberg,German,Haas F1 Team,20.0,18,0.0,44,Finished,4.0,1:49.907,False,False,False,2.0
2023,12,Belgian Grand Prix,Circuit de Spa-Francorchamps,Belgium,2023-07-30,sainz,Carlos Sainz,Spanish,Ferrari,4.0,19,0.0,23,Retired,19.0,1:53.138,True,False,False,-15.0
2023,12,Belgian Grand Prix,Circuit de Spa-Francorchamps,Belgium,2023-07-30,piastri,Oscar Piastri,Australian,McLaren,5.0,20,0.0,0,Retired,,,True,False,False,-15.0
2023,13,Dutch Grand Prix,Circuit Park Zandvoort,Netherlands,2023-08-27,max_verstappen,Max Verstappen,Dutch,Red Bull,1.0,1,25.0,72,Finished,2.0,1:13.889,False,True,True,0.0
2023,13,Dutch Grand Prix,Circuit Park Zandvoort,Netherlands,2023-08-27,alonso,Fernando Alonso,Spanish,Aston Martin,5.0,2,19.0,72,Finished,1.0,1:13.837,False,True,False,3.0
2023,13,Dutch Grand Prix,Circuit Park Zandvoort,Netherlands,2023-08-27,gasly,Pierre Gasly,French,Alpine F1 Team,12.0,3,15.0,72,Finished,7.0,1:14.441,False,True,False,9.0
2023,13,Dutch Grand Prix,Circuit Park Zandvoort,Netherlands,2023-08-27,perez,Sergio Pérez,Mexican,Red Bull,7.0,4,12.0,72,Finished,4.0,1:14.231,False,False,False,3.0
2023,13,Dutch Grand Prix,Circuit Park Zandvoort,Netherlands,2023-08-27,sainz,Carlos Sainz,Spanish,Ferrari,6.0,5,10.0,72,Finished,13.0,1:14.934,False,False,False,1.0
2023,13,Dutch Grand Prix,Circuit Park Zandvoort,Netherlands,2023-08-27,hamilton,Lewis Hamilton,British,Mercedes,13.0,6,8.0,72,Finished,3.0,1:13.904,False,False,False,7.0
2023,13,Dutch Grand Prix,Circuit Park Zandvoort,Netherlands,2023-08-27,norris,Lando Norris,British,McLaren,2.0,7,6.0,72,Finished,6.0,1:14.390,False,False,False,-5.0
2023,13,Dutch Grand Prix,Circuit Park Zandvoort,Netherlands,2023-08-27,albon,Alexander Albon,Thai,Williams,4.0,8,4.0,72,Finished,8.0,1:14.468,False,False,False,-4.0
2023,13,Dutch Grand Prix,Circuit Park Zandvoort,Netherlands,2023-08-27,piastri,Oscar Piastri,Australian,McLaren,8.0,9,2.0,72,Finished,5.0,1:14.299,False,False,False,-1.0
2023,13,Dutch Grand Prix,Circuit Park Zandvoort,Netherlands,2023-08-27,ocon,Esteban Ocon,French,Alpine F1 Team,16.0,10,1.0,72,Finished,10.0,1:14.570,False,False,False,6.0
2023,13,Dutch Grand Prix,Circuit Park Zandvoort,Netherlands,2023-08-27,stroll,Lance Stroll,Canadian,Aston Martin,11.0,11,0.0,72,Finished,15.0,1:15.171,False,False,False,0.0
2023,13,Dutch Grand Prix,Circuit Park Zandvoort,Netherlands,2023-08-27,hulkenberg,Nico Hülkenberg,German,Haas F1 Team,14.0,12,0.0,72,Finished,9.0,1:14.472,False,False,False,2.0
2023,13,Dutch Grand Prix,Circuit Park Zandvoort,Netherlands,2023-08-27,lawson,Liam Lawson,New Zealander,AlphaTauri,19.0,13,0.0,72,Finished,12.0,1:14.820,False,False,False,6.0
2023,13,Dutch Grand Prix,Circuit Park Zandvoort,Netherlands,2023-08-27,bottas,Valtteri Bottas,Finnish,Alfa Romeo,18.0,14,0.0,72,Finished,11.0,1:14.698,False,False,False,4.0
2023,13,Dutch Grand Prix,Circuit Park Zandvoort,Netherlands,2023-08-27,tsunoda,Yuki Tsunoda,Japanese,AlphaTauri,17.0,15,0.0,72,Finished,18.0,1:16.253,False,False,False,2.0
2023,13,Dutch Grand Prix,Circuit Park Zandvoort,Netherlands,2023-08-27,kevin_magnussen,Kevin Magnussen,Danish,Haas F1 Team,,16,0.0,72,Finished,17.0,1:15.489,False,False,False,
2023,13,Dutch Grand Prix,Circuit Park Zandvoort,Netherlands,2023-08-27,russell,George Russell,British,Mercedes,3.0,17,0.0,72,Finished,14.0,1:15.124,False,False,False,-14.0
2023,13,Dutch Grand Prix,Circuit Park Zandvoort,Netherlands,2023-08-27,zhou,Guanyu Zhou,Chinese,Alfa Romeo,15.0,18,0.0,62,Accident,16.0,1:15.417,True,False,False,-3.0
2023,13,Dutch Grand Prix,Circuit Park Zandvoort,Netherlands,2023-08-27,leclerc,Charles Leclerc,Monegasque,Ferrari,9.0,19,0.0,41,Undertray,19.0,1:17.277,True,False,False,-10.0
2023,13,Dutch Grand Prix,Circuit Park Zandvoort,Netherlands,2023-08-27,sargeant,Logan Sargeant,American,Williams,10.0,20,0.0,14,Accident,20.0,1:17.399,True,False,False,-10.0
2023,14,Italian Grand Prix,Autodromo Nazionale di Monza,Italy,2023-09-03,max_verstappen,Max Verstappen,Dutch,Red Bull,2.0,1,25.0,51,Finished,2.0,1:25.240,False,True,True,1.0
2023,14,Italian Grand Prix,Autodromo Nazionale di Monza,Italy,2023-09-03,perez,Sergio Pérez,Mexican,Red Bull,5.0,2,18.0,51,Finished,4.0,1:25.522,False,True,False,3.0
2023,14,Italian Grand Prix,Autodromo Nazionale di Monza,Italy,2023-09-03,sainz,Carlos Sainz,Spanish,Ferrari,1.0,3,15.0,51,Finished,3.0,1:25.501,False,True,False,-2.0
2023,14,Italian Grand Prix,Autodromo Nazionale di Monza,Italy,2023-09-03,leclerc,Charles Leclerc,Monegasque,Ferrari,3.0,4,12.0,51,Finished,5.0,1:25.580,False,False,False,-1.0
2023,14,Italian Grand Prix,Autodromo Nazionale di Monza,Italy,2023-09-03,russell,George Russell,British,Mercedes,4.0,5,10.0,51,Finished,9.0,1:25.847,False,False,False,-1.0
2023,14,Italian Grand Prix,Autodromo Nazionale di Monza,Italy,2023-09-03,hamilton,Lewis Hamilton,British,Mercedes,8.0,6,8.0,51,Finished,6.0,1:25.582,False,False,False,2.0
2023,14,Italian Grand Prix,Autodromo Nazionale di Monza,Italy,2023-09-03,albon,Alexander Albon,Thai,Williams,6.0,7,6.0,51,Finished,16.0,1:26.389,False,False,False,-1.0
2023,14,Italian Grand Prix,Autodromo Nazionale di Monza,Italy,2023-09-03,norris,Lando Norris,British,McLaren,9.0,8,4.0,51,Finished,14.0,1:26.144,False,False,False,1.0
2023,14,Italian Grand Prix,Autodromo Nazionale di Monza,Italy,2023-09-03,alonso,Fernando Alonso,Spanish,Aston Martin,10.0,9,2.0,51,Finished,13.0,1:26.105,False,False,False,1.0
2023,14,Italian Grand Prix,Autodromo Nazionale di Monza,Italy,2023-09-03,bottas,Valtteri Bottas,Finnish,Alfa Romeo,14.0,10,1.0,51,Finished,12.0,1:25.988,False,False,False,4.0
2023,14,Italian Grand Prix,Autodromo Nazionale di Monza,Italy,2023-09-03,lawson,Liam Lawson,New Zealander,AlphaTauri,12.0,11,0.0,51,Finished,8.0,1:25.842,False,False,False,1.0
2023,14,Italian Grand Prix,Autodromo Nazionale di Monza,Italy,2023-09-03,piastri,Oscar Piastri,Australian,McLaren,7.0,12,0.0,51,Finished,1.0,1:25.072,False,False,False,-5.0
2023,14,Italian Grand Prix,Autodromo Nazionale di Monza,Italy,2023-09-03,sargeant,Logan Sargeant,American,Williams,15.0,13,0.0,51,Finished,18.0,1:26.840,False,False,False,2.0
2023,14,Italian Grand Prix,Autodromo Nazionale di Monza,Italy,2023-09-03,zhou,Guanyu Zhou,Chinese,Alfa Romeo,16.0,14,0.0,51,Finished,11.0,1:25.983,False,False,False,2.0
2023,14,Italian Grand Prix,Autodromo Nazionale di Monza,Italy,2023-09-03,gasly,Pierre Gasly,French,Alpine F1 Team,17.0,15,0.0,51,Finished,7.0,1:25.758,False,False,False,2.0
2023,14,Italian Grand Prix,Autodromo Nazionale di Monza,Italy,2023-09-03,stroll,Lance Stroll,Canadian,Aston Martin,20.0,16,0.0,51,Finished,17.0,1:26.617,False,False,False,4.0
2023,14,Italian Grand Prix,Autodromo Nazionale di Monza,Italy,2023-09-03,hulkenberg,Nico Hülkenberg,German,Haas F1 Team,13.0,17,0.0,50,Lapped,10.0,1:25.894,False,False,False,-4.0
2023,14,Italian Grand Prix,Autodromo Nazionale di Monza,Italy,2023-09-03,kevin_magnussen,Kevin Magnussen,Danish,Haas F1 Team,19.0,18,0.0,50,Lapped,15.0,1:26.278,False,False,False,1.0
2023,14,Italian Grand Prix,Autodromo Nazionale di Monza,Italy,2023-09-03,ocon,Esteban Ocon,French,Alpine F1 Team,18.0,19,0.0,39,Retired,19.0,1:26.963,True,False,False,-1.0
2023,14,Italian Grand Prix,Autodromo Nazionale di Monza,Italy,2023-09-03,tsunoda,Yuki Tsunoda,Japanese,AlphaTauri,11.0,20,0.0,0,Did not start,,,True,False,False,-9.0
2023,15,Singapore Grand Prix,Marina Bay Street Circuit,Singapore,2023-09-17,sainz,Carlos Sainz,Spanish,Ferrari,1.0,1,25.0,62,Finished,7.0,1:37.666,False,True,True,0.0
2023,15,Singapore Grand Prix,Marina Bay Street Circuit,Singapore,2023-09-17,norris,Lando Norris,British,McLaren,4.0,2,18.0,62,Finished,8.0,1:38.046,False,True,False,2.0
2023,15,Singapore Grand Prix,Marina Bay Street Circuit,Singapore,2023-09-17,hamilton,Lewis Hamilton,British,Mercedes,5.0,3,16.0,62,Finished,1.0,1:35.867,False,True,False,2.0
2023,15,Singapore Grand Prix,Marina Bay Street Circuit,Singapore,2023-09-17,leclerc,Charles Leclerc,Monegasque,Ferrari,3.0,4,12.0,62,Finished,11.0,1:38.275,False,False,False,-1.0
2023,15,Singapore Grand Prix,Marina Bay Street Circuit,Singapore,2023-09-17,max_verstappen,Max Verstappen,Dutch,Red Bull,11.0,5,10.0,62,Finished,4.0,1:36.575,False,False,False,6.0
2023,15,Singapore Grand Prix,Marina Bay Street Circuit,Singapore,2023-09-17,gasly,Pierre Gasly,French,Alpine F1 Team,12.0,6,8.0,62,Finished,12.0,1:38.277,False,False,False,6.0
2023,15,Singapore Grand Prix,Marina Bay Street Circuit,Singapore,2023-09-17,piastri,Oscar Piastri,Australian,McLaren,17.0,7,6.0,62,Finished,13.0,1:38.492,False,False,False,10.0
2023,15,Singapore Grand Prix,Marina Bay Street Circuit,Singapore,2023-09-17,perez,Sergio Pérez,Mexican,Red Bull,13.0,8,4.0,62,Finished,5.0,1:37.108,False,False,False,5.0
2023,15,Singapore Grand Prix,Marina Bay Street Circuit,Singapore,2023-09-17,lawson,Liam Lawson,New Zealander,AlphaTauri,10.0,9,2.0,62,Finished,15.0,1:39.028,False,False,False,1.0
2023,15,Singapore Grand Prix,Marina Bay Street Circuit,Singapore,2023-09-17,kevin_magnussen,Kevin Magnussen,Danish,Haas F1 Team,6.0,10,1.0,62,Finished,10.0,1:38.107,False,False,False,-4.0
2023,15,Singapore Grand Prix,Marina Bay Street Circuit,Singapore,2023-09-17,albon,Alexander Albon,Thai,Williams,14.0,11,0.0,62,Finished,6.0,1:37.342,False,False,False,3.0
2023,15,Singapore Grand Prix,Marina Bay Street Circuit,Singapore,2023-09-17,zhou,Guanyu Zhou,Chinese,Alfa Romeo,19.0,12,0.0,62,Finished,16.0,1:39.316,False,False,False,7.0
2023,15,Singapore Grand Prix,Marina Bay Street Circuit,Singapore,2023-09-17,hulkenberg,Nico Hülkenberg,German,Haas F1 Team,9.0,13,0.0,62,Finished,17.0,1:39.923,False,False,False,-4.0
2023,15,Singapore Grand Prix,Marina Bay Street Circuit,Singapore,2023-09-17,sargeant,Logan Sargeant,American,Williams,18.0,14,0.0,62,Finished,14.0,1:38.531,False,False,False,4.0
2023,15,Singapore Grand Prix,Marina Bay Street Circuit,Singapore,2023-09-17,alonso,Fernando Alonso,Spanish,Aston Martin,7.0,15,0.0,62,Finished,3.0,1:36.456,False,False,False,-8.0
2023,15,Singapore Grand Prix,Marina Bay Street Circuit,Singapore,2023-09-17,russell,George Russell,British,Mercedes,2.0,16,0.0,61,Retired,2.0,1:36.273,True,False,False,-14.0
2023,15,Singapore Grand Prix,Marina Bay Street Circuit,Singapore,2023-09-17,bottas,Valtteri Bottas,Finnish,Alfa Romeo,16.0,17,0.0,51,Retired,9.0,1:38.075,True,False,False,-1.0
2023,15,Singapore Grand Prix,Marina Bay Street Circuit,Singapore,2023-09-17,ocon,Esteban Ocon,French,Alpine F1 Team,8.0,18,0.0,42,Retired,18.0,1:39.930,True,False,False,-10.0
2023,15,Singapore Grand Prix,Marina Bay Street Circuit,Singapore,2023-09-17,tsunoda,Yuki Tsunoda,Japanese,AlphaTauri,15.0,19,0.0,0,Retired,,,True,False,False,-4.0
2023,15,Singapore Grand Prix,Marina Bay Street Circuit,Singapore,2023-09-17,stroll,Lance Stroll,Canadian,Aston Martin,,20,0.0,0,Withdrew,,,True,False,False,
2023,16,Japanese Grand Prix,Suzuka Circuit,Japan,2023-09-24,max_verstappen,Max Verstappen,Dutch,Red Bull,1.0,1,26.0,53,Finished,1.0,1:34.183,False,True,True,0.0
2023,16,Japanese Grand Prix,Suzuka Circuit,Japan,2023-09-24,norris,Lando Norris,British,McLaren,3.0,2,18.0,53,Finished,2.0,1:35.247,False,True,False,1.0
2023,16,Japanese Grand Prix,Suzuka Circuit,Japan,2023-09-24,piastri,Oscar Piastri,Australian,McLaren,2.0,3,15.0,53,Finished,5.0,1:36.328,False,True,False,-1.0
2023,16,Japanese Grand Prix,Suzuka Circuit,Japan,2023-09-24,leclerc,Charles Leclerc,Monegasque,Ferrari,4.0,4,12.0,53,Finished,6.0,1:36.362,False,False,False,0.0
2023,16,Japanese Grand Prix,Suzuka Circuit,Japan,2023-09-24,hamilton,Lewis Hamilton,British,Mercedes,7.0,5,10.0,53,Finished,3.0,1:35.611,False,False,False,2.0
2023,16,Japanese Grand Prix,Suzuka Circuit,Japan,2023-09-24,sainz,Carlos Sainz,Spanish,Ferrari,6.0,6,8.0,53,Finished,4.0,1:36.187,False,False,False,0.0
2023,16,Japanese Grand Prix,Suzuka Circuit,Japan,2023-09-24,russell,George Russell,British,Mercedes,8.0,7,6.0,53,Finished,11.0,1:37.653,False,False,False,1.0
2023,16,Japanese Grand Prix,Suzuka Circuit,Japan,2023-09-24,alonso,Fernando Alonso,Spanish,Aston Martin,10.0,8,4.0,53,Finished,8.0,1:37.203,False,False,False,2.0
2023,16,Japanese Grand Prix,Suzuka Circuit,Japan,2023-09-24,ocon,Esteban Ocon,French,Alpine F1 Team,14.0,9,2.0,53,Finished,10.0,1:37.398,False,False,False,5.0
2023,16,Japanese Grand Prix,Suzuka Circuit,Japan,2023-09-24,gasly,Pierre Gasly,French,Alpine F1 Team,12.0,10,1.0,53,Finished,7.0,1:36.371,False,False,False,2.0
2023,16,Japanese Grand Prix,Suzuka Circuit,Japan,2023-09-24,lawson,Liam Lawson,New Zealander,AlphaTauri,11.0,11,0.0,52,Lapped,15.0,1:38.267,False,False,False,0.0
2023,16,Japanese Grand Prix,Suzuka Circuit,Japan,2023-09-24,tsunoda,Yuki Tsunoda,Japanese,AlphaTauri,9.0,12,0.0,52,Lapped,12.0,1:37.768,False,False,False,-3.0
2023,16,Japanese Grand Prix,Suzuka Circuit,Japan,2023-09-24,zhou,Guanyu Zhou,Chinese,Alfa Romeo,19.0,13,0.0,52,Lapped,13.0,1:37.791,False,False,False,6.0
2023,16,Japanese Grand Prix,Suzuka Circuit,Japan,2023-09-24,hulkenberg,Nico Hülkenberg,German,Haas F1 Team,18.0,14,0.0,52,Lapped,9.0,1:37.250,False,False,False,4.0
2023,16,Japanese Grand Prix,Suzuka Circuit,Japan,2023-09-24,kevin_magnussen,Kevin Magnussen,Danish,Haas F1 Team,15.0,15,0.0,52,Lapped,14.0,1:37.842,False,False,False,0.0
2023,16,Japanese Grand Prix,Suzuka Circuit,Japan,2023-09-24,albon,Alexander Albon,Thai,Williams,13.0,16,0.0,26,Retired,18.0,1:39.185,True,False,False,-3.0
2023,16,Japanese Grand Prix,Suzuka Circuit,Japan,2023-09-24,sargeant,Logan Sargeant,American,Williams,20.0,17,0.0,22,Retired,16.0,1:38.848,True,False,False,3.0
2023,16,Japanese Grand Prix,Suzuka Circuit,Japan,2023-09-24,stroll,Lance Stroll,Canadian,Aston Martin,17.0,18,0.0,20,Retired,17.0,1:39.050,True,False,False,-1.0
2023,16,Japanese Grand Prix,Suzuka Circuit,Japan,2023-09-24,perez,Sergio Pérez,Mexican,Red Bull,5.0,19,0.0,15,Retired,19.0,1:39.704,True,False,False,-14.0
2023,16,Japanese Grand Prix,Suzuka Circuit,Japan,2023-09-24,bottas,Valtteri Bottas,Finnish,Alfa Romeo,16.0,20,0.0,7,Retired,20.0,2:02.755,True,False,False,-4.0
2023,17,Qatar Grand Prix,Losail International Circuit,Qatar,2023-10-08,max_verstappen,Max Verstappen,Dutch,Red Bull,1.0,1,26.0,57,Finished,1.0,1:24.319,False,True,True,0.0
2023,17,Qatar Grand Prix,Losail International Circuit,Qatar,2023-10-08,piastri,Oscar Piastri,Australian,McLaren,6.0,2,18.0,57,Finished,3.0,1:24.921,False,True,False,4.0
2023,17,Qatar Grand Prix,Losail International Circuit,Qatar,2023-10-08,norris,Lando Norris,British,McLaren,10.0,3,15.0,57,Finished,2.0,1:24.842,False,True,False,7.0
2023,17,Qatar Grand Prix,Losail International Circuit,Qatar,2023-10-08,russell,George Russell,British,Mercedes,2.0,4,12.0,57,Finished,5.0,1:25.770,False,False,False,-2.0
2023,17,Qatar Grand Prix,Losail International Circuit,Qatar,2023-10-08,leclerc,Charles Leclerc,Monegasque,Ferrari,5.0,5,10.0,57,Finished,4.0,1:24.992,False,False,False,0.0
2023,17,Qatar Grand Prix,Losail International Circuit,Qatar,2023-10-08,alonso,Fernando Alonso,Spanish,Aston Martin,4.0,6,8.0,57,Finished,6.0,1:26.045,False,False,False,-2.0
2023,17,Qatar Grand Prix,Losail International Circuit,Qatar,2023-10-08,ocon,Esteban Ocon,French,Alpine F1 Team,8.0,7,6.0,57,Finished,11.0,1:26.450,False,False,False,1.0
2023,17,Qatar Grand Prix,Losail International Circuit,Qatar,2023-10-08,bottas,Valtteri Bottas,Finnish,Alfa Romeo,9.0,8,4.0,57,Finished,13.0,1:26.652,False,False,False,1.0
2023,17,Qatar Grand Prix,Losail International Circuit,Qatar,2023-10-08,zhou,Guanyu Zhou,Chinese,Alfa Romeo,19.0,9,2.0,57,Finished,9.0,1:26.323,False,False,False,10.0
2023,17,Qatar Grand Prix,Losail International Circuit,Qatar,2023-10-08,perez,Sergio Pérez,Mexican,Red Bull,20.0,10,1.0,57,Finished,7.0,1:26.220,False,False,False,10.0
2023,17,Qatar Grand Prix,Losail International Circuit,Qatar,2023-10-08,stroll,Lance Stroll,Canadian,Aston Martin,16.0,11,0.0,57,Finished,10.0,1:26.352,False,False,False,5.0
2023,17,Qatar Grand Prix,Losail International Circuit,Qatar,2023-10-08,gasly,Pierre Gasly,French,Alpine F1 Team,7.0,12,0.0,57,Finished,8.0,1:26.310,False,False,False,-5.0
2023,17,Qatar Grand Prix,Losail International Circuit,Qatar,2023-10-08,albon,Alexander Albon,Thai,Williams,13.0,13,0.0,57,Finished,14.0,1:26.666,False,False,False,0.0
2023,17,Qatar Grand Prix,Losail International Circuit,Qatar,2023-10-08,kevin_magnussen,Kevin Magnussen,Danish,Haas F1 Team,18.0,14,0.0,56,Lapped,15.0,1:27.067,False,False,False,4.0
2023,17,Qatar Grand Prix,Losail International Circuit,Qatar,2023-10-08,tsunoda,Yuki Tsunoda,Japanese,AlphaTauri,11.0,15,0.0,56,Lapped,17.0,1:27.174,False,False,False,-4.0
2023,17,Qatar Grand Prix,Losail International Circuit,Qatar,2023-10-08,hulkenberg,Nico Hülkenberg,German,Haas F1 Team,14.0,16,0.0,56,Lapped,12.0,1:26.489,False,False,False,-2.0
2023,17,Qatar Grand Prix,Losail International Circuit,Qatar,2023-10-08,lawson,Liam Lawson,New Zealander,AlphaTauri,17.0,17,0.0,56,Lapped,16.0,1:27.113,False,False,False,0.0
2023,17,Qatar Grand Prix,Losail International Circuit,Qatar,2023-10-08,sargeant,Logan Sargeant,American,Williams,15.0,18,0.0,40,Retired,18.0,1:27.983,True,False,False,-3.0
2023,17,Qatar Grand Prix,Losail International Circuit,Qatar,2023-10-08,hamilton,Lewis Hamilton,British,Mercedes,3.0,19,0.0,0,Retired,,,True,False,False,-16.0
2023,17,Qatar Grand Prix,Losail International Circuit,Qatar,2023-10-08,sainz,Carlos Sainz,Spanish,Ferrari,12.0,20,0.0,0,Did not start,,,True,False,False,-8.0
2023,18,United States Grand Prix,Circuit of the Americas,USA,2023-10-22,max_verstappen,Max Verstappen,Dutch,Red Bull,6.0,1,25.0,56,Finished,9.0,1:40.028,False,True,True,5.0
2023,18,United States Grand Prix,Circuit of the Americas,USA,2023-10-22,norris,Lando Norris,British,McLaren,2.0,2,18.0,56,Finished,8.0,1:39.985,False,True,False,0.0
2023,18,United States Grand Prix,Circuit of the Americas,USA,2023-10-22,sainz,Carlos Sainz,Spanish,Ferrari,4.0,3,15.0,56,Finished,10.0,1:40.034,False,True,False,1.0
2023,18,United States Grand Prix,Circuit of the Americas,USA,2023-10-22,perez,Sergio Pérez,Mexican,Red Bull,9.0,4,12.0,56,Finished,5.0,1:39.737,False,False,False,5.0
2023,18,United States Grand Prix,Circuit of the Americas,USA,2023-10-22,russell,George Russell,British,Mercedes,5.0,5,10.0,56,Finished,3.0,1:39.393,False,False,False,0.0
2023,18,United States Grand Prix,Circuit of the Americas,USA,2023-10-22,gasly,Pierre Gasly,French,Alpine F1 Team,7.0,6,8.0,56,Finished,11.0,1:40.412,False,False,False,1.0
2023,18,United States Grand Prix,Circuit of the Americas,USA,2023-10-22,stroll,Lance Stroll,Canadian,Aston Martin,20.0,7,6.0,56,Finished,6.0,1:39.908,False,False,False,13.0
2023,18,United States Grand Prix,Circuit of the Americas,USA,2023-10-22,tsunoda,Yuki Tsunoda,Japanese,AlphaTauri,11.0,8,5.0,56,Finished,1.0,1:38.139,False,False,False,3.0
2023,18,United States Grand Prix,Circuit of the Americas,USA,2023-10-22,albon,Alexander Albon,Thai,Williams,15.0,9,2.0,56,Finished,15.0,1:41.318,False,False,False,6.0
2023,18,United States Grand Prix,Circuit of the Americas,USA,2023-10-22,sargeant,Logan Sargeant,American,Williams,16.0,10,1.0,56,Finished,14.0,1:41.238,False,False,False,6.0
2023,18,United States Grand Prix,Circuit of the Americas,USA,2023-10-22,hulkenberg,Nico Hülkenberg,German,Haas F1 Team,18.0,11,0.0,56,Finished,12.0,1:40.925,False,False,False,7.0
2023,18,United States Grand Prix,Circuit of the Americas,USA,2023-10-22,bottas,Valtteri Bottas,Finnish,Alfa Romeo,13.0,12,0.0,56,Finished,18.0,1:41.972,False,False,False,1.0
2023,18,United States Grand Prix,Circuit of the Americas,USA,2023-10-22,zhou,Guanyu Zhou,Chinese,Alfa Romeo,12.0,13,0.0,55,Lapped,17.0,1:41.879,False,False,False,-1.0
2023,18,United States Grand Prix,Circuit of the Americas,USA,2023-10-22,kevin_magnussen,Kevin Magnussen,Danish,Haas F1 Team,17.0,14,0.0,55,Lapped,16.0,1:41.506,False,False,False,3.0
2023,18,United States Grand Prix,Circuit of the Americas,USA,2023-10-22,ricciardo,Daniel Ricciardo,Australian,AlphaTauri,14.0,15,0.0,55,Lapped,2.0,1:39.366,False,False,False,-1.0
2023,18,United States Grand Prix,Circuit of the Americas,USA,2023-10-22,alonso,Fernando Alonso,Spanish,Aston Martin,19.0,16,0.0,49,Retired,7.0,1:39.954,True,False,False,3.0
2023,18,United States Grand Prix,Circuit of the Americas,USA,2023-10-22,piastri,Oscar Piastri,Australian,McLaren,10.0,17,0.0,10,Retired,19.0,1:42.705,True,False,False,-7.0
2023,18,United States Grand Prix,Circuit of the Americas,USA,2023-10-22,ocon,Esteban Ocon,French,Alpine F1 Team,8.0,18,0.0,6,Retired,20.0,1:44.789,True,False,False,-10.0
2023,18,United States Grand Prix,Circuit of the Americas,USA,2023-10-22,hamilton,Lewis Hamilton,British,Mercedes,3.0,19,0.0,56,Disqualified,4.0,1:39.582,True,False,False,-16.0
2023,18,United States Grand Prix,Circuit of the Americas,USA,2023-10-22,leclerc,Charles Leclerc,Monegasque,Ferrari,1.0,20,0.0,56,Disqualified,13.0,1:41.025,True,False,False,-19.0
2023,19,Mexico City Grand Prix,Autódromo Hermanos Rodríguez,Mexico,2023-10-29,max_verstappen,Max Verstappen,Dutch,Red Bull,3.0,1,25.0,71,Finished,2.0,1:21.644,False,True,True,2.0
2023,19,Mexico City Grand Prix,Autódromo Hermanos Rodríguez,Mexico,2023-10-29,hamilton,Lewis Hamilton,British,Mercedes,6.0,2,19.0,71,Finished,1.0,1:21.334,False,True,False,4.0
2023,19,Mexico City Grand Prix,Autódromo Hermanos Rodríguez,Mexico,2023-10-29,leclerc,Charles Leclerc,Monegasque,Ferrari,1.0,3,15.0,71,Finished,4.0,1:22.332,False,True,False,-2.0
2023,19,Mexico City Grand Prix,Autódromo Hermanos Rodríguez,Mexico,2023-10-29,sainz,Carlos Sainz,Spanish,Ferrari,2.0,4,12.0,71,Finished,6.0,1:22.539,False,False,False,-2.0
2023,19,Mexico City Grand Prix,Autódromo Hermanos Rodríguez,Mexico,2023-10-29,norris,Lando Norris,British,McLaren,17.0,5,10.0,71,Finished,3.0,1:21.944,False,False,False,12.0
2023,19,Mexico City Grand Prix,Autódromo Hermanos Rodríguez,Mexico,2023-10-29,russell,George Russell,British,Mercedes,8.0,6,8.0,71,Finished,10.0,1:22.780,False,False,False,2.0
2023,19,Mexico City Grand Prix,Autódromo Hermanos Rodríguez,Mexico,2023-10-29,ricciardo,Daniel Ricciardo,Australian,AlphaTauri,4.0,7,6.0,71,Finished,7.0,1:22.679,False,False,False,-3.0
2023,19,Mexico City Grand Prix,Autódromo Hermanos Rodríguez,Mexico,2023-10-29,piastri,Oscar Piastri,Australian,McLaren,7.0,8,4.0,71,Finished,8.0,1:22.760,False,False,False,-1.0
2023,19,Mexico City Grand Prix,Autódromo Hermanos Rodríguez,Mexico,2023-10-29,albon,Alexander Albon,Thai,Williams,14.0,9,2.0,71,Finished,9.0,1:22.773,False,False,False,5.0
2023,19,Mexico City Grand Prix,Autódromo Hermanos Rodríguez,Mexico,2023-10-29,ocon,Esteban Ocon,French,Alpine F1 Team,15.0,10,1.0,71,Finished,11.0,1:22.976,False,False,False,5.0
2023,19,Mexico City Grand Prix,Autódromo Hermanos Rodríguez,Mexico,2023-10-29,gasly,Pierre Gasly,French,Alpine F1 Team,11.0,11,0.0,71,Finished,16.0,1:23.230,False,False,False,0.0
2023,19,Mexico City Grand Prix,Autódromo Hermanos Rodríguez,Mexico,2023-10-29,tsunoda,Yuki Tsunoda,Japanese,AlphaTauri,18.0,12,0.0,71,Finished,5.0,1:22.501,False,False,False,6.0
2023,19,Mexico City Grand Prix,Autódromo Hermanos Rodríguez,Mexico,2023-10-29,hulkenberg,Nico Hülkenberg,German,Haas F1 Team,12.0,13,0.0,71,Finished,15.0,1:23.222,False,False,False,-1.0
2023,19,Mexico City Grand Prix,Autódromo Hermanos Rodríguez,Mexico,2023-10-29,zhou,Guanyu Zhou,Chinese,Alfa Romeo,10.0,14,0.0,71,Finished,19.0,1:23.567,False,False,False,-4.0
2023,19,Mexico City Grand Prix,Autódromo Hermanos Rodríguez,Mexico,2023-10-29,bottas,Valtteri Bottas,Finnish,Alfa Romeo,9.0,15,0.0,71,Finished,14.0,1:23.166,False,False,False,-6.0
2023,19,Mexico City Grand Prix,Autódromo Hermanos Rodríguez,Mexico,2023-10-29,sargeant,Logan Sargeant,American,Williams,19.0,16,0.0,70,Retired,12.0,1:23.003,True,False,False,3.0
2023,19,Mexico City Grand Prix,Autódromo Hermanos Rodríguez,Mexico,2023-10-29,stroll,Lance Stroll,Canadian,Aston Martin,,17,0.0,66,Collision damage,17.0,1:23.257,True,False,False,
2023,19,Mexico City Grand Prix,Autódromo Hermanos Rodríguez,Mexico,2023-10-29,alonso,Fernando Alonso,Spanish,Aston Martin,13.0,18,0.0,47,Withdrew,18.0,1:23.531,True,False,False,-5.0
2023,19,Mexico City Grand Prix,Autódromo Hermanos Rodríguez,Mexico,2023-10-29,kevin_magnussen,Kevin Magnussen,Danish,Haas F1 Team,16.0,19,0.0,31,Accident,13.0,1:23.146,True,False,False,-3.0
2023,19,Mexico City Grand Prix,Autódromo Hermanos Rodríguez,Mexico,2023-10-29,perez,Sergio Pérez,Mexican,Red Bull,5.0,20,0.0,1,Collision damage,,,True,False,False,-15.0
2023,20,São Paulo Grand Prix,Autódromo José Carlos Pace,Brazil,2023-11-05,max_verstappen,Max Verstappen,Dutch,Red Bull,1.0,1,25.0,71,Finished,2.0,1:13.422,False,True,True,0.0
2023,20,São Paulo Grand Prix,Autódromo José Carlos Pace,Brazil,2023-11-05,norris,Lando Norris,British,McLaren,6.0,2,19.0,71,Finished,1.0,1:12.486,False,True,False,4.0
2023,20,São Paulo Grand Prix,Autódromo José Carlos Pace,Brazil,2023-11-05,alonso,Fernando Alonso,Spanish,Aston Martin,4.0,3,15.0,71,Finished,10.0,1:14.442,False,True,False,1.0
2023,20,São Paulo Grand Prix,Autódromo José Carlos Pace,Brazil,2023-11-05,perez,Sergio Pérez,Mexican,Red Bull,9.0,4,12.0,71,Finished,5.0,1:14.124,False,False,False,5.0
2023,20,São Paulo Grand Prix,Autódromo José Carlos Pace,Brazil,2023-11-05,stroll,Lance Stroll,Canadian,Aston Martin,3.0,5,10.0,71,Finished,4.0,1:14.007,False,False,False,-2.0
2023,20,São Paulo Grand Prix,Autódromo José Carlos Pace,Brazil,2023-11-05,sainz,Carlos Sainz,Spanish,Ferrari,7.0,6,8.0,71,Finished,9.0,1:14.406,False,False,False,1.0
2023,20,São Paulo Grand Prix,Autódromo José Carlos Pace,Brazil,2023-11-05,gasly,Pierre Gasly,French,Alpine F1 Team,15.0,7,6.0,71,Finished,11.0,1:14.521,False,False,False,8.0
2023,20,São Paulo Grand Prix,Autódromo José Carlos Pace,Brazil,2023-11-05,hamilton,Lewis Hamilton,British,Mercedes,5.0,8,4.0,71,Finished,12.0,1:14.739,False,False,False,-3.0
2023,20,São Paulo Grand Prix,Autódromo José Carlos Pace,Brazil,2023-11-05,tsunoda,Yuki Tsunoda,Japanese,AlphaTauri,16.0,9,2.0,71,Finished,7.0,1:14.231,False,False,False,7.0
2023,20,São Paulo Grand Prix,Autódromo José Carlos Pace,Brazil,2023-11-05,ocon,Esteban Ocon,French,Alpine F1 Team,14.0,10,1.0,70,Lapped,6.0,1:14.206,False,False,False,4.0
2023,20,São Paulo Grand Prix,Autódromo José Carlos Pace,Brazil,2023-11-05,sargeant,Logan Sargeant,American,Williams,19.0,11,0.0,70,Lapped,16.0,1:15.738,False,False,False,8.0
2023,20,São Paulo Grand Prix,Autódromo José Carlos Pace,Brazil,2023-11-05,hulkenberg,Nico Hülkenberg,German,Haas F1 Team,11.0,12,0.0,70,Lapped,14.0,1:15.036,False,False,False,-1.0
2023,20,São Paulo Grand Prix,Autódromo José Carlos Pace,Brazil,2023-11-05,ricciardo,Daniel Ricciardo,Australian,AlphaTauri,17.0,13,0.0,70,Lapped,3.0,1:13.866,False,False,False,4.0
2023,20,São Paulo Grand Prix,Autódromo José Carlos Pace,Brazil,2023-11-05,piastri,Oscar Piastri,Australian,McLaren,10.0,14,0.0,69,Lapped,8.0,1:14.310,False,False,False,-4.0
2023,20,São Paulo Grand Prix,Autódromo José Carlos Pace,Brazil,2023-11-05,russell,George Russell,British,Mercedes,8.0,15,0.0,57,Retired,13.0,1:14.934,True,False,False,-7.0
2023,20,São Paulo Grand Prix,Autódromo José Carlos Pace,Brazil,2023-11-05,bottas,Valtteri Bottas,Finnish,Alfa Romeo,18.0,16,0.0,39,Retired,15.0,1:15.731,True,False,False,2.0
2023,20,São Paulo Grand Prix,Autódromo José Carlos Pace,Brazil,2023-11-05,zhou,Guanyu Zhou,Chinese,Alfa Romeo,20.0,17,0.0,22,Retired,17.0,1:16.232,True,False,False,3.0
2023,20,São Paulo Grand Prix,Autódromo José Carlos Pace,Brazil,2023-11-05,kevin_magnussen,Kevin Magnussen,Danish,Haas F1 Team,12.0,18,0.0,0,Retired,,,True,False,False,-6.0
2023,20,São Paulo Grand Prix,Autódromo José Carlos Pace,Brazil,2023-11-05,albon,Alexander Albon,Thai,Williams,13.0,19,0.0,0,Retired,,,True,False,False,-6.0
2023,20,São Paulo Grand Prix,Autódromo José Carlos Pace,Brazil,2023-11-05,leclerc,Charles Leclerc,Monegasque,Ferrari,2.0,20,0.0,0,Did not start,,,True,False,False,-18.0
2023,21,Las Vegas Grand Prix,Las Vegas Strip Street Circuit,USA,2023-11-19,max_verstappen,Max Verstappen,Dutch,Red Bull,2.0,1,25.0,50,Finished,2.0,1:35.614,False,True,True,1.0
2023,21,Las Vegas Grand Prix,Las Vegas Strip Street Circuit,USA,2023-11-19,leclerc,Charles Leclerc,Monegasque,Ferrari,1.0,2,18.0,50,Finished,3.0,1:35.669,False,True,False,-1.0
2023,21,Las Vegas Grand Prix,Las Vegas Strip Street Circuit,USA,2023-11-19,perez,Sergio Pérez,Mexican,Red Bull,11.0,3,15.0,50,Finished,5.0,1:35.939,False,True,False,8.0
2023,21,Las Vegas Grand Prix,Las Vegas Strip Street Circuit,USA,2023-11-19,ocon,Esteban Ocon,French,Alpine F1 Team,16.0,4,12.0,50,Finished,10.0,1:36.637,False,False,False,12.0
2023,21,Las Vegas Grand Prix,Las Vegas Strip Street Circuit,USA,2023-11-19,stroll,Lance Stroll,Canadian,Aston Martin,19.0,5,10.0,50,Finished,9.0,1:36.584,False,False,False,14.0
2023,21,Las Vegas Grand Prix,Las Vegas Strip Street Circuit,USA,2023-11-19,sainz,Carlos Sainz,Spanish,Ferrari,12.0,6,8.0,50,Finished,6.0,1:35.984,False,False,False,6.0
2023,21,Las Vegas Grand Prix,Las Vegas Strip Street Circuit,USA,2023-11-19,hamilton,Lewis Hamilton,British,Mercedes,10.0,7,6.0,50,Finished,4.0,1:35.716,False,False,False,3.0
2023,21,Las Vegas Grand Prix,Las Vegas Strip Street Circuit,USA,2023-11-19,russell,George Russell,British,Mercedes,3.0,8,4.0,50,Finished,7.0,1:36.071,False,False,False,-5.0
2023,21,Las Vegas Grand Prix,Las Vegas Strip Street Circuit,USA,2023-11-19,alonso,Fernando Alonso,Spanish,Aston Martin,9.0,9,2.0,50,Finished,8.0,1:36.559,False,False,False,0.0
2023,21,Las Vegas Grand Prix,Las Vegas Strip Street Circuit,USA,2023-11-19,piastri,Oscar Piastri,Australian,McLaren,18.0,10,2.0,50,Finished,1.0,1:35.490,False,False,False,8.0
2023,21,Las Vegas Grand Prix,Las Vegas Strip Street Circuit,USA,2023-11-19,gasly,Pierre Gasly,French,Alpine F1 Team,4.0,11,0.0,50,Finished,11.0,1:36.913,False,False,False,-7.0
2023,21,Las Vegas Grand Prix,Las Vegas Strip Street Circuit,USA,2023-11-19,albon,Alexander Albon,Thai,Williams,5.0,12,0.0,50,Finished,13.0,1:37.357,False,False,False,-7.0
2023,21,Las Vegas Grand Prix,Las Vegas Strip Street Circuit,USA,2023-11-19,kevin_magnussen,Kevin Magnussen,Danish,Haas F1 Team,8.0,13,0.0,50,Finished,15.0,1:37.455,False,False,False,-5.0
2023,21,Las Vegas Grand Prix,Las Vegas Strip Street Circuit,USA,2023-11-19,ricciardo,Daniel Ricciardo,Australian,AlphaTauri,14.0,14,0.0,50,Finished,12.0,1:37.108,False,False,False,0.0
2023,21,Las Vegas Grand Prix,Las Vegas Strip Street Circuit,USA,2023-11-19,zhou,Guanyu Zhou,Chinese,Alfa Romeo,17.0,15,0.0,50,Finished,14.0,1:37.375,False,False,False,2.0
2023,21,Las Vegas Grand Prix,Las Vegas Strip Street Circuit,USA,2023-11-19,sargeant,Logan Sargeant,American,Williams,6.0,16,0.0,50,Finished,19.0,1:37.740,False,False,False,-10.0
2023,21,Las Vegas Grand Prix,Las Vegas Strip Street Circuit,USA,2023-11-19,bottas,Valtteri Bottas,Finnish,Alfa Romeo,7.0,17,0.0,50,Finished,16.0,1:37.562,False,False,False,-10.0
2023,21,Las Vegas Grand Prix,Las Vegas Strip Street Circuit,USA,2023-11-19,tsunoda,Yuki Tsunoda,Japanese,AlphaTauri,20.0,18,0.0,46,Retired,18.0,1:37.587,True,False,False,2.0
2023,21,Las Vegas Grand Prix,Las Vegas Strip Street Circuit,USA,2023-11-19,hulkenberg,Nico Hülkenberg,German,Haas F1 Team,13.0,19,0.0,45,Retired,17.0,1:37.565,True,False,False,-6.0
2023,21,Las Vegas Grand Prix,Las Vegas Strip Street Circuit,USA,2023-11-19,norris,Lando Norris,British,McLaren,15.0,20,0.0,2,Retired,20.0,1:59.327,True,False,False,-5.0
2023,22,Abu Dhabi Grand Prix,Yas Marina Circuit,UAE,2023-11-26,max_verstappen,Max Verstappen,Dutch,Red Bull,1.0,1,26.0,58,Finished,1.0,1:26.993,False,True,True,0.0
2023,22,Abu Dhabi Grand Prix,Yas Marina Circuit,UAE,2023-11-26,leclerc,Charles Leclerc,Monegasque,Ferrari,2.0,2,18.0,58,Finished,8.0,1:28.199,False,True,False,0.0
2023,22,Abu Dhabi Grand Prix,Yas Marina Circuit,UAE,2023-11-26,russell,George Russell,British,Mercedes,4.0,3,15.0,58,Finished,7.0,1:28.187,False,True,False,1.0
2023,22,Abu Dhabi Grand Prix,Yas Marina Circuit,UAE,2023-11-26,perez,Sergio Pérez,Mexican,Red Bull,9.0,4,12.0,58,Finished,2.0,1:27.493,False,False,False,5.0
2023,22,Abu Dhabi Grand Prix,Yas Marina Circuit,UAE,2023-11-26,norris,Lando Norris,British,McLaren,5.0,5,10.0,58,Finished,6.0,1:28.164,False,False,False,0.0
2023,22,Abu Dhabi Grand Prix,Yas Marina Circuit,UAE,2023-11-26,piastri,Oscar Piastri,Australian,McLaren,3.0,6,8.0,58,Finished,5.0,1:28.138,False,False,False,-3.0
2023,22,Abu Dhabi Grand Prix,Yas Marina Circuit,UAE,2023-11-26,alonso,Fernando Alonso,Spanish,Aston Martin,7.0,7,6.0,58,Finished,9.0,1:28.256,False,False,False,0.0
2023,22,Abu Dhabi Grand Prix,Yas Marina Circuit,UAE,2023-11-26,tsunoda,Yuki Tsunoda,Japanese,AlphaTauri,6.0,8,4.0,58,Finished,16.0,1:29.256,False,False,False,-2.0
2023,22,Abu Dhabi Grand Prix,Yas Marina Circuit,UAE,2023-11-26,hamilton,Lewis Hamilton,British,Mercedes,11.0,9,2.0,58,Finished,10.0,1:28.372,False,False,False,2.0
2023,22,Abu Dhabi Grand Prix,Yas Marina Circuit,UAE,2023-11-26,stroll,Lance Stroll,Canadian,Aston Martin,13.0,10,1.0,58,Finished,4.0,1:28.050,False,False,False,3.0
2023,22,Abu Dhabi Grand Prix,Yas Marina Circuit,UAE,2023-11-26,ricciardo,Daniel Ricciardo,Australian,AlphaTauri,15.0,11,0.0,58,Finished,11.0,1:28.571,False,False,False,4.0
2023,22,Abu Dhabi Grand Prix,Yas Marina Circuit,UAE,2023-11-26,ocon,Esteban Ocon,French,Alpine F1 Team,12.0,12,0.0,58,Finished,20.0,1:30.033,False,False,False,0.0
2023,22,Abu Dhabi Grand Prix,Yas Marina Circuit,UAE,2023-11-26,gasly,Pierre Gasly,French,Alpine F1 Team,10.0,13,0.0,58,Finished,14.0,1:29.016,False,False,False,-3.0
2023,22,Abu Dhabi Grand Prix,Yas Marina Circuit,UAE,2023-11-26,albon,Alexander Albon,Thai,Williams,14.0,14,0.0,58,Finished,3.0,1:27.845,False,False,False,0.0
2023,22,Abu Dhabi Grand Prix,Yas Marina Circuit,UAE,2023-11-26,hulkenberg,Nico Hülkenberg,German,Haas F1 Team,8.0,15,0.0,58,Finished,15.0,1:29.217,False,False,False,-7.0
2023,22,Abu Dhabi Grand Prix,Yas Marina Circuit,UAE,2023-11-26,sargeant,Logan Sargeant,American,Williams,20.0,16,0.0,58,Finished,12.0,1:28.580,False,False,False,4.0
2023,22,Abu Dhabi Grand Prix,Yas Marina Circuit,UAE,2023-11-26,zhou,Guanyu Zhou,Chinese,Alfa Romeo,19.0,17,0.0,58,Finished,13.0,1:28.746,False,False,False,2.0
2023,22,Abu Dhabi Grand Prix,Yas Marina Circuit,UAE,2023-11-26,sainz,Carlos Sainz,Spanish,Ferrari,16.0,18,0.0,57,Retired,17.0,1:29.452,True,False,False,-2.0
2023,22,Abu Dhabi Grand Prix,Yas Marina Circuit,UAE,2023-11-26,bottas,Valtteri Bottas,Finnish,Alfa Romeo,18.0,19,0.0,57,Lapped,18.0,1:29.863,False,False,False,-1.0
2023,22,Abu Dhabi Grand Prix,Yas Marina Circuit,UAE,2023-11-26,kevin_magnussen,Kevin Magnussen,Danish,Haas F1 Team,17.0,20,0.0,57,Lapped,19.0,1:29.934,False,False,False,-3.0
2024,1,Bahrain Grand Prix,Bahrain International Circuit,Bahrain,2024-03-02,max_verstappen,Max Verstappen,Dutch,Red Bull,1.0,1,26.0,57,Finished,1.0,1:32.608,False,True,True,0.0
2024,1,Bahrain Grand Prix,Bahrain International Circuit,Bahrain,2024-03-02,perez,Sergio Pérez,Mexican,Red Bull,5.0,2,18.0,57,Finished,4.0,1:34.364,False,True,False,3.0
2024,1,Bahrain Grand Prix,Bahrain International Circuit,Bahrain,2024-03-02,sainz,Carlos Sainz,Spanish,Ferrari,4.0,3,15.0,57,Finished,6.0,1:34.507,False,True,False,1.0
2024,1,Bahrain Grand Prix,Bahrain International Circuit,Bahrain,2024-03-02,leclerc,Charles Leclerc,Monegasque,Ferrari,2.0,4,12.0,57,Finished,2.0,1:34.090,False,False,False,-2.0
2024,1,Bahrain Grand Prix,Bahrain International Circuit,Bahrain,2024-03-02,russell,George Russell,British,Mercedes,3.0,5,10.0,57,Finished,12.0,1:35.065,False,False,False,-2.0
2024,1,Bahrain Grand Prix,Bahrain International Circuit,Bahrain,2024-03-02,norris,Lando Norris,British,McLaren,7.0,6,8.0,57,Finished,5.0,1:34.476,False,False,False,1.0
2024,1,Bahrain Grand Prix,Bahrain International Circuit,Bahrain,2024-03-02,hamilton,Lewis Hamilton,British,Mercedes,9.0,7,6.0,57,Finished,7.0,1:34.722,False,False,False,2.0
2024,1,Bahrain Grand Prix,Bahrain International Circuit,Bahrain,2024-03-02,piastri,Oscar Piastri,Australian,McLaren,8.0,8,4.0,57,Finished,11.0,1:34.983,False,False,False,0.0
2024,1,Bahrain Grand Prix,Bahrain International Circuit,Bahrain,2024-03-02,alonso,Fernando Alonso,Spanish,Aston Martin,6.0,9,2.0,57,Finished,3.0,1:34.199,False,False,False,-3.0
2024,1,Bahrain Grand Prix,Bahrain International Circuit,Bahrain,2024-03-02,stroll,Lance Stroll,Canadian,Aston Martin,12.0,10,1.0,57,Finished,16.0,1:35.632,False,False,False,2.0
2024,1,Bahrain Grand Prix,Bahrain International Circuit,Bahrain,2024-03-02,zhou,Guanyu Zhou,Chinese,Sauber,17.0,11,0.0,56,Lapped,14.0,1:35.458,False,False,False,6.0
2024,1,Bahrain Grand Prix,Bahrain International Circuit,Bahrain,2024-03-02,kevin_magnussen,Kevin Magnussen,Danish,Haas F1 Team,15.0,12,0.0,56,Lapped,15.0,1:35.570,False,False,False,3.0
2024,1,Bahrain Grand Prix,Bahrain International Circuit,Bahrain,2024-03-02,ricciardo,Daniel Ricciardo,Australian,RB F1 Team,14.0,13,0.0,56,Lapped,13.0,1:35.163,False,False,False,1.0
2024,1,Bahrain Grand Prix,Bahrain International Circuit,Bahrain,2024-03-02,tsunoda,Yuki Tsunoda,Japanese,RB F1 Team,11.0,14,0.0,56,Lapped,18.0,1:35.833,False,False,False,-3.0
2024,1,Bahrain Grand Prix,Bahrain International Circuit,Bahrain,2024-03-02,albon,Alexander Albon,Thai,Williams,13.0,15,0.0,56,Lapped,17.0,1:35.723,False,False,False,-2.0
2024,1,Bahrain Grand Prix,Bahrain International Circuit,Bahrain,2024-03-02,hulkenberg,Nico Hülkenberg,German,Haas F1 Team,10.0,16,0.0,56,Lapped,10.0,1:34.834,False,False,False,-6.0
2024,1,Bahrain Grand Prix,Bahrain International Circuit,Bahrain,2024-03-02,ocon,Esteban Ocon,French,Alpine F1 Team,19.0,17,0.0,56,Lapped,20.0,1:36.226,False,False,False,2.0
2024,1,Bahrain Grand Prix,Bahrain International Circuit,Bahrain,2024-03-02,gasly,Pierre Gasly,French,Alpine F1 Team,20.0,18,0.0,56,Lapped,9.0,1:34.805,False,False,False,2.0
2024,1,Bahrain Grand Prix,Bahrain International Circuit,Bahrain,2024-03-02,bottas,Valtteri Bottas,Finnish,Sauber,16.0,19,0.0,56,Lapped,19.0,1:36.202,False,False,False,-3.0
2024,1,Bahrain Grand Prix,Bahrain International Circuit,Bahrain,2024-03-02,sargeant,Logan Sargeant,American,Williams,18.0,20,0.0,55,Lapped,8.0,1:34.735,False,False,False,-2.0
2024,2,Saudi Arabian Grand Prix,Jeddah Corniche Circuit,Saudi Arabia,2024-03-09,max_verstappen,Max Verstappen,Dutch,Red Bull,1.0,1,25.0,50,Finished,3.0,1:31.773,False,True,True,0.0
2024,2,Saudi Arabian Grand Prix,Jeddah Corniche Circuit,Saudi Arabia,2024-03-09,perez,Sergio Pérez,Mexican,Red Bull,3.0,2,18.0,50,Finished,8.0,1:32.273,False,True,False,1.0
2024,2,Saudi Arabian Grand Prix,Jeddah Corniche Circuit,Saudi Arabia,2024-03-09,leclerc,Charles Leclerc,Monegasque,Ferrari,2.0,3,16.0,50,Finished,1.0,1:31.632,False,True,False,-1.0
2024,2,Saudi Arabian Grand Prix,Jeddah Corniche Circuit,Saudi Arabia,2024-03-09,piastri,Oscar Piastri,Australian,McLaren,5.0,4,12.0,50,Finished,10.0,1:32.310,False,False,False,1.0
2024,2,Saudi Arabian Grand Prix,Jeddah Corniche Circuit,Saudi Arabia,2024-03-09,alonso,Fernando Alonso,Spanish,Aston Martin,4.0,5,10.0,50,Finished,13.0,1:32.387,False,False,False,-1.0
2024,2,Saudi Arabian Grand Prix,Jeddah Corniche Circuit,Saudi Arabia,2024-03-09,russell,George Russell,British,Mercedes,7.0,6,8.0,50,Finished,7.0,1:32.254,False,False,False,1.0
2024,2,Saudi Arabian Grand Prix,Jeddah Corniche Circuit,Saudi Arabia,2024-03-09,bearman,Oliver Bearman,British,Ferrari,11.0,7,6.0,50,Finished,5.0,1:32.186,False,False,False,4.0
2024,2,Saudi Arabian Grand Prix,Jeddah Corniche Circuit,Saudi Arabia,2024-03-09,norris,Lando Norris,British,McLaren,6.0,8,4.0,50,Finished,4.0,1:31.944,False,False,False,-2.0
2024,2,Saudi Arabian Grand Prix,Jeddah Corniche Circuit,Saudi Arabia,2024-03-09,hamilton,Lewis Hamilton,British,Mercedes,8.0,9,2.0,50,Finished,2.0,1:31.746,False,False,False,-1.0
2024,2,Saudi Arabian Grand Prix,Jeddah Corniche Circuit,Saudi Arabia,2024-03-09,hulkenberg,Nico Hülkenberg,German,Haas F1 Team,15.0,10,1.0,50,Finished,12.0,1:32.366,False,False,False,5.0
2024,2,Saudi Arabian Grand Prix,Jeddah Corniche Circuit,Saudi Arabia,2024-03-09,albon,Alexander Albon,Thai,Williams,12.0,11,0.0,50,Finished,9.0,1:32.307,False,False,False,1.0
2024,2,Saudi Arabian Grand Prix,Jeddah Corniche Circuit,Saudi Arabia,2024-03-09,kevin_magnussen,Kevin Magnussen,Danish,Haas F1 Team,13.0,12,0.0,50,Finished,11.0,1:32.338,False,False,False,1.0
2024,2,Saudi Arabian Grand Prix,Jeddah Corniche Circuit,Saudi Arabia,2024-03-09,ocon,Esteban Ocon,French,Alpine F1 Team,17.0,13,0.0,49,Lapped,17.0,1:33.481,False,False,False,4.0
2024,2,Saudi Arabian Grand Prix,Jeddah Corniche Circuit,Saudi Arabia,2024-03-09,sargeant,Logan Sargeant,American,Williams,19.0,14,0.0,49,Lapped,15.0,1:33.026,False,False,False,5.0
2024,2,Saudi Arabian Grand Prix,Jeddah Corniche Circuit,Saudi Arabia,2024-03-09,tsunoda,Yuki Tsunoda,Japanese,RB F1 Team,9.0,15,0.0,49,Lapped,18.0,1:33.523,False,False,False,-6.0
2024,2,Saudi Arabian Grand Prix,Jeddah Corniche Circuit,Saudi Arabia,2024-03-09,ricciardo,Daniel Ricciardo,Australian,RB F1 Team,14.0,16,0.0,49,Lapped,16.0,1:33.323,False,False,False,-2.0
2024,2,Saudi Arabian Grand Prix,Jeddah Corniche Circuit,Saudi Arabia,2024-03-09,bottas,Valtteri Bottas,Finnish,Sauber,16.0,17,0.0,49,Lapped,14.0,1:32.706,False,False,False,-1.0
2024,2,Saudi Arabian Grand Prix,Jeddah Corniche Circuit,Saudi Arabia,2024-03-09,zhou,Guanyu Zhou,Chinese,Sauber,20.0,18,0.0,49,Lapped,6.0,1:32.208,False,False,False,2.0
2024,2,Saudi Arabian Grand Prix,Jeddah Corniche Circuit,Saudi Arabia,2024-03-09,stroll,Lance Stroll,Canadian,Aston Martin,10.0,19,0.0,5,Retired,19.0,1:35.560,True,False,False,-9.0
2024,2,Saudi Arabian Grand Prix,Jeddah Corniche Circuit,Saudi Arabia,2024-03-09,gasly,Pierre Gasly,French,Alpine F1 Team,18.0,20,0.0,1,Retired,,,True,False,False,-2.0
2024,3,Australian Grand Prix,Albert Park Grand Prix Circuit,Australia,2024-03-24,sainz,Carlos Sainz,Spanish,Ferrari,2.0,1,25.0,58,Finished,3.0,1:20.031,False,True,True,1.0
2024,3,Australian Grand Prix,Albert Park Grand Prix Circuit,Australia,2024-03-24,leclerc,Charles Leclerc,Monegasque,Ferrari,4.0,2,19.0,58,Finished,1.0,1:19.813,False,True,False,2.0
2024,3,Australian Grand Prix,Albert Park Grand Prix Circuit,Australia,2024-03-24,norris,Lando Norris,British,McLaren,3.0,3,15.0,58,Finished,2.0,1:19.915,False,True,False,0.0
2024,3,Australian Grand Prix,Albert Park Grand Prix Circuit,Australia,2024-03-24,piastri,Oscar Piastri,Australian,McLaren,5.0,4,12.0,58,Finished,4.0,1:20.199,False,False,False,1.0
2024,3,Australian Grand Prix,Albert Park Grand Prix Circuit,Australia,2024-03-24,perez,Sergio Pérez,Mexican,Red Bull,6.0,5,10.0,58,Finished,6.0,1:20.388,False,False,False,1.0
2024,3,Australian Grand Prix,Albert Park Grand Prix Circuit,Australia,2024-03-24,stroll,Lance Stroll,Canadian,Aston Martin,9.0,6,8.0,58,Finished,8.0,1:20.930,False,False,False,3.0
2024,3,Australian Grand Prix,Albert Park Grand Prix Circuit,Australia,2024-03-24,tsunoda,Yuki Tsunoda,Japanese,RB F1 Team,8.0,7,6.0,58,Finished,11.0,1:21.134,False,False,False,1.0
2024,3,Australian Grand Prix,Albert Park Grand Prix Circuit,Australia,2024-03-24,alonso,Fernando Alonso,Spanish,Aston Martin,10.0,8,4.0,58,Finished,7.0,1:20.493,False,False,False,2.0
2024,3,Australian Grand Prix,Albert Park Grand Prix Circuit,Australia,2024-03-24,hulkenberg,Nico Hülkenberg,German,Haas F1 Team,16.0,9,2.0,58,Finished,12.0,1:21.145,False,False,False,7.0
2024,3,Australian Grand Prix,Albert Park Grand Prix Circuit,Australia,2024-03-24,kevin_magnussen,Kevin Magnussen,Danish,Haas F1 Team,14.0,10,1.0,57,Lapped,9.0,1:21.082,False,False,False,4.0
2024,3,Australian Grand Prix,Albert Park Grand Prix Circuit,Australia,2024-03-24,albon,Alexander Albon,Thai,Williams,12.0,11,0.0,57,Lapped,17.0,1:21.618,False,False,False,1.0
2024,3,Australian Grand Prix,Albert Park Grand Prix Circuit,Australia,2024-03-24,ricciardo,Daniel Ricciardo,Australian,RB F1 Team,18.0,12,0.0,57,Lapped,13.0,1:21.239,False,False,False,6.0
2024,3,Australian Grand Prix,Albert Park Grand Prix Circuit,Australia,2024-03-24,gasly,Pierre Gasly,French,Alpine F1 Team,17.0,13,0.0,57,Lapped,10.0,1:21.090,False,False,False,4.0
2024,3,Australian Grand Prix,Albert Park Grand Prix Circuit,Australia,2024-03-24,bottas,Valtteri Bottas,Finnish,Sauber,13.0,14,0.0,57,Lapped,16.0,1:21.422,False,False,False,-1.0
2024,3,Australian Grand Prix,Albert Park Grand Prix Circuit,Australia,2024-03-24,zhou,Guanyu Zhou,Chinese,Sauber,19.0,15,0.0,57,Lapped,14.0,1:21.327,False,False,False,4.0
2024,3,Australian Grand Prix,Albert Park Grand Prix Circuit,Australia,2024-03-24,ocon,Esteban Ocon,French,Alpine F1 Team,15.0,16,0.0,57,Lapped,15.0,1:21.354,False,False,False,-1.0
2024,3,Australian Grand Prix,Albert Park Grand Prix Circuit,Australia,2024-03-24,russell,George Russell,British,Mercedes,7.0,17,0.0,56,Retired,5.0,1:20.284,True,False,False,-10.0
2024,3,Australian Grand Prix,Albert Park Grand Prix Circuit,Australia,2024-03-24,hamilton,Lewis Hamilton,British,Mercedes,11.0,18,0.0,15,Retired,18.0,1:22.444,True,False,False,-7.0
2024,3,Australian Grand Prix,Albert Park Grand Prix Circuit,Australia,2024-03-24,max_verstappen,Max Verstappen,Dutch,Red Bull,1.0,19,0.0,3,Retired,19.0,1:23.115,True,False,False,-18.0
2024,4,Japanese Grand Prix,Suzuka Circuit,Japan,2024-04-07,max_verstappen,Max Verstappen,Dutch,Red Bull,1.0,1,26.0,53,Finished,1.0,1:33.706,False,True,True,0.0
2024,4,Japanese Grand Prix,Suzuka Circuit,Japan,2024-04-07,perez,Sergio Pérez,Mexican,Red Bull,2.0,2,18.0,53,Finished,3.0,1:33.945,False,True,False,0.0
2024,4,Japanese Grand Prix,Suzuka Circuit,Japan,2024-04-07,sainz,Carlos Sainz,Spanish,Ferrari,4.0,3,15.0,53,Finished,2.0,1:33.841,False,True,False,1.0
2024,4,Japanese Grand Prix,Suzuka Circuit,Japan,2024-04-07,leclerc,Charles Leclerc,Monegasque,Ferrari,8.0,4,12.0,53,Finished,9.0,1:35.044,False,False,False,4.0
2024,4,Japanese Grand Prix,Suzuka Circuit,Japan,2024-04-07,norris,Lando Norris,British,McLaren,3.0,5,10.0,53,Finished,10.0,1:35.186,False,False,False,-2.0
2024,4,Japanese Grand Prix,Suzuka Circuit,Japan,2024-04-07,alonso,Fernando Alonso,Spanish,Aston Martin,5.0,6,8.0,53,Finished,6.0,1:34.726,False,False,False,-1.0
2024,4,Japanese Grand Prix,Suzuka Circuit,Japan,2024-04-07,russell,George Russell,British,Mercedes,9.0,7,6.0,53,Finished,5.0,1:34.404,False,False,False,2.0
2024,4,Japanese Grand Prix,Suzuka Circuit,Japan,2024-04-07,piastri,Oscar Piastri,Australian,McLaren,6.0,8,4.0,53,Finished,7.0,1:34.802,False,False,False,-2.0
2024,4,Japanese Grand Prix,Suzuka Circuit,Japan,2024-04-07,hamilton,Lewis Hamilton,British,Mercedes,7.0,9,2.0,53,Finished,4.0,1:33.952,False,False,False,-2.0
2024,4,Japanese Grand Prix,Suzuka Circuit,Japan,2024-04-07,tsunoda,Yuki Tsunoda,Japanese,RB F1 Team,10.0,10,1.0,52,Lapped,14.0,1:36.342,False,False,False,0.0
2024,4,Japanese Grand Prix,Suzuka Circuit,Japan,2024-04-07,hulkenberg,Nico Hülkenberg,German,Haas F1 Team,12.0,11,0.0,52,Lapped,11.0,1:35.325,False,False,False,1.0
2024,4,Japanese Grand Prix,Suzuka Circuit,Japan,2024-04-07,stroll,Lance Stroll,Canadian,Aston Martin,16.0,12,0.0,52,Lapped,12.0,1:35.798,False,False,False,4.0
2024,4,Japanese Grand Prix,Suzuka Circuit,Japan,2024-04-07,kevin_magnussen,Kevin Magnussen,Danish,Haas F1 Team,18.0,13,0.0,52,Lapped,17.0,1:36.654,False,False,False,5.0
2024,4,Japanese Grand Prix,Suzuka Circuit,Japan,2024-04-07,bottas,Valtteri Bottas,Finnish,Sauber,13.0,14,0.0,52,Lapped,15.0,1:36.608,False,False,False,-1.0
2024,4,Japanese Grand Prix,Suzuka Circuit,Japan,2024-04-07,ocon,Esteban Ocon,French,Alpine F1 Team,15.0,15,0.0,52,Lapped,13.0,1:36.232,False,False,False,0.0
2024,4,Japanese Grand Prix,Suzuka Circuit,Japan,2024-04-07,gasly,Pierre Gasly,French,Alpine F1 Team,17.0,16,0.0,52,Lapped,16.0,1:36.642,False,False,False,1.0
2024,4,Japanese Grand Prix,Suzuka Circuit,Japan,2024-04-07,sargeant,Logan Sargeant,American,Williams,19.0,17,0.0,52,Lapped,8.0,1:34.900,False,False,False,2.0
2024,4,Japanese Grand Prix,Suzuka Circuit,Japan,2024-04-07,zhou,Guanyu Zhou,Chinese,Sauber,20.0,18,0.0,12,Retired,18.0,1:37.160,True,False,False,2.0
2024,4,Japanese Grand Prix,Suzuka Circuit,Japan,2024-04-07,ricciardo,Daniel Ricciardo,Australian,RB F1 Team,11.0,19,0.0,0,Retired,,,True,False,False,-8.0
2024,4,Japanese Grand Prix,Suzuka Circuit,Japan,2024-04-07,albon,Alexander Albon,Thai,Williams,14.0,20,0.0,0,Retired,,,True,False,False,-6.0
2024,5,Chinese Grand Prix,Shanghai International Circuit,China,2024-04-21,max_verstappen,Max Verstappen,Dutch,Red Bull,1.0,1,25.0,56,Finished,2.0,1:38.406,False,True,True,0.0
2024,5,Chinese Grand Prix,Shanghai International Circuit,China,2024-04-21,norris,Lando Norris,British,McLaren,4.0,2,18.0,56,Finished,4.0,1:38.751,False,True,False,2.0
2024,5,Chinese Grand Prix,Shanghai International Circuit,China,2024-04-21,perez,Sergio Pérez,Mexican,Red Bull,2.0,3,15.0,56,Finished,7.0,1:39.388,False,True,False,-1.0
2024,5,Chinese Grand Prix,Shanghai International Circuit,China,2024-04-21,leclerc,Charles Leclerc,Monegasque,Ferrari,6.0,4,12.0,56,Finished,6.0,1:39.384,False,False,False,2.0
2024,5,Chinese Grand Prix,Shanghai International Circuit,China,2024-04-21,sainz,Carlos Sainz,Spanish,Ferrari,7.0,5,10.0,56,Finished,10.0,1:39.764,False,False,False,2.0
2024,5,Chinese Grand Prix,Shanghai International Circuit,China,2024-04-21,russell,George Russell,British,Mercedes,8.0,6,8.0,56,Finished,11.0,1:40.112,False,False,False,2.0
2024,5,Chinese Grand Prix,Shanghai International Circuit,China,2024-04-21,alonso,Fernando Alonso,Spanish,Aston Martin,3.0,7,7.0,56,Finished,1.0,1:37.810,False,False,False,-4.0
2024,5,Chinese Grand Prix,Shanghai International Circuit,China,2024-04-21,piastri,Oscar Piastri,Australian,McLaren,5.0,8,4.0,56,Finished,9.0,1:39.739,False,False,False,-3.0
2024,5,Chinese Grand Prix,Shanghai International Circuit,China,2024-04-21,hamilton,Lewis Hamilton,British,Mercedes,18.0,9,2.0,56,Finished,14.0,1:40.835,False,False,False,9.0
2024,5,Chinese Grand Prix,Shanghai International Circuit,China,2024-04-21,hulkenberg,Nico Hülkenberg,German,Haas F1 Team,9.0,10,1.0,56,Finished,13.0,1:40.815,False,False,False,-1.0
2024,5,Chinese Grand Prix,Shanghai International Circuit,China,2024-04-21,ocon,Esteban Ocon,French,Alpine F1 Team,13.0,11,0.0,56,Finished,15.0,1:40.937,False,False,False,2.0
2024,5,Chinese Grand Prix,Shanghai International Circuit,China,2024-04-21,albon,Alexander Albon,Thai,Williams,14.0,12,0.0,56,Finished,12.0,1:40.790,False,False,False,2.0
2024,5,Chinese Grand Prix,Shanghai International Circuit,China,2024-04-21,gasly,Pierre Gasly,French,Alpine F1 Team,15.0,13,0.0,56,Finished,5.0,1:39.198,False,False,False,2.0
2024,5,Chinese Grand Prix,Shanghai International Circuit,China,2024-04-21,zhou,Guanyu Zhou,Chinese,Sauber,16.0,14,0.0,56,Finished,3.0,1:38.633,False,False,False,2.0
2024,5,Chinese Grand Prix,Shanghai International Circuit,China,2024-04-21,stroll,Lance Stroll,Canadian,Aston Martin,11.0,15,0.0,56,Finished,8.0,1:39.444,False,False,False,-4.0
2024,5,Chinese Grand Prix,Shanghai International Circuit,China,2024-04-21,kevin_magnussen,Kevin Magnussen,Danish,Haas F1 Team,17.0,16,0.0,56,Finished,18.0,1:41.077,False,False,False,1.0
2024,5,Chinese Grand Prix,Shanghai International Circuit,China,2024-04-21,sargeant,Logan Sargeant,American,Williams,20.0,17,0.0,56,Finished,17.0,1:41.000,False,False,False,3.0
2024,5,Chinese Grand Prix,Shanghai International Circuit,China,2024-04-21,ricciardo,Daniel Ricciardo,Australian,RB F1 Team,12.0,18,0.0,33,Retired,16.0,1:40.994,True,False,False,-6.0
2024,5,Chinese Grand Prix,Shanghai International Circuit,China,2024-04-21,tsunoda,Yuki Tsunoda,Japanese,RB F1 Team,19.0,19,0.0,26,Retired,20.0,1:41.593,True,False,False,0.0
2024,5,Chinese Grand Prix,Shanghai International Circuit,China,2024-04-21,bottas,Valtteri Bottas,Finnish,Sauber,10.0,20,0.0,19,Retired,19.0,1:41.276,True,False,False,-10.0
2024,6,Miami Grand Prix,Miami International Autodrome,USA,2024-05-05,norris,Lando Norris,British,McLaren,5.0,1,25.0,57,Finished,5.0,1:30.980,False,True,True,4.0
2024,6,Miami Grand Prix,Miami International Autodrome,USA,2024-05-05,max_verstappen,Max Verstappen,Dutch,Red Bull,1.0,2,18.0,57,Finished,8.0,1:31.261,False,True,False,-1.0
2024,6,Miami Grand Prix,Miami International Autodrome,USA,2024-05-05,leclerc,Charles Leclerc,Monegasque,Ferrari,2.0,3,15.0,57,Finished,6.0,1:31.084,False,True,False,-1.0
2024,6,Miami Grand Prix,Miami International Autodrome,USA,2024-05-05,perez,Sergio Pérez,Mexican,Red Bull,4.0,4,12.0,57,Finished,3.0,1:30.855,False,False,False,0.0
2024,6,Miami Grand Prix,Miami International Autodrome,USA,2024-05-05,sainz,Carlos Sainz,Spanish,Ferrari,3.0,5,10.0,57,Finished,4.0,1:30.928,False,False,False,-2.0
2024,6,Miami Grand Prix,Miami International Autodrome,USA,2024-05-05,hamilton,Lewis Hamilton,British,Mercedes,8.0,6,8.0,57,Finished,7.0,1:31.233,False,False,False,2.0
2024,6,Miami Grand Prix,Miami International Autodrome,USA,2024-05-05,tsunoda,Yuki Tsunoda,Japanese,RB F1 Team,10.0,7,6.0,57,Finished,10.0,1:31.682,False,False,False,3.0
2024,6,Miami Grand Prix,Miami International Autodrome,USA,2024-05-05,russell,George Russell,British,Mercedes,7.0,8,4.0,57,Finished,13.0,1:31.921,False,False,False,-1.0
2024,6,Miami Grand Prix,Miami International Autodrome,USA,2024-05-05,alonso,Fernando Alonso,Spanish,Aston Martin,15.0,9,2.0,57,Finished,11.0,1:31.727,False,False,False,6.0
2024,6,Miami Grand Prix,Miami International Autodrome,USA,2024-05-05,ocon,Esteban Ocon,French,Alpine F1 Team,13.0,10,1.0,57,Finished,16.0,1:32.037,False,False,False,3.0
2024,6,Miami Grand Prix,Miami International Autodrome,USA,2024-05-05,hulkenberg,Nico Hülkenberg,German,Haas F1 Team,9.0,11,0.0,57,Finished,14.0,1:31.941,False,False,False,-2.0
2024,6,Miami Grand Prix,Miami International Autodrome,USA,2024-05-05,gasly,Pierre Gasly,French,Alpine F1 Team,12.0,12,0.0,57,Finished,17.0,1:32.055,False,False,False,0.0
2024,6,Miami Grand Prix,Miami International Autodrome,USA,2024-05-05,piastri,Oscar Piastri,Australian,McLaren,6.0,13,0.0,57,Finished,1.0,1:30.634,False,False,False,-7.0
2024,6,Miami Grand Prix,Miami International Autodrome,USA,2024-05-05,zhou,Guanyu Zhou,Chinese,Sauber,19.0,14,0.0,57,Finished,15.0,1:31.991,False,False,False,5.0
2024,6,Miami Grand Prix,Miami International Autodrome,USA,2024-05-05,ricciardo,Daniel Ricciardo,Australian,RB F1 Team,20.0,15,0.0,57,Finished,19.0,1:32.122,False,False,False,5.0
2024,6,Miami Grand Prix,Miami International Autodrome,USA,2024-05-05,bottas,Valtteri Bottas,Finnish,Sauber,16.0,16,0.0,57,Finished,18.0,1:32.098,False,False,False,0.0
2024,6,Miami Grand Prix,Miami International Autodrome,USA,2024-05-05,stroll,Lance Stroll,Canadian,Aston Martin,11.0,17,0.0,57,Finished,9.0,1:31.588,False,False,False,-6.0
2024,6,Miami Grand Prix,Miami International Autodrome,USA,2024-05-05,albon,Alexander Albon,Thai,Williams,14.0,18,0.0,57,Finished,2.0,1:30.849,False,False,False,-4.0
2024,6,Miami Grand Prix,Miami International Autodrome,USA,2024-05-05,kevin_magnussen,Kevin Magnussen,Danish,Haas F1 Team,18.0,19,0.0,57,Finished,12.0,1:31.774,False,False,False,-1.0
2024,6,Miami Grand Prix,Miami International Autodrome,USA,2024-05-05,sargeant,Logan Sargeant,American,Williams,17.0,20,0.0,27,Retired,20.0,1:33.452,True,False,False,-3.0
2024,7,Emilia Romagna Grand Prix,Autodromo Enzo e Dino Ferrari,Italy,2024-05-19,max_verstappen,Max Verstappen,Dutch,Red Bull,1.0,1,25.0,63,Finished,9.0,1:20.366,False,True,True,0.0
2024,7,Emilia Romagna Grand Prix,Autodromo Enzo e Dino Ferrari,Italy,2024-05-19,norris,Lando Norris,British,McLaren,2.0,2,18.0,63,Finished,6.0,1:19.994,False,True,False,0.0
2024,7,Emilia Romagna Grand Prix,Autodromo Enzo e Dino Ferrari,Italy,2024-05-19,leclerc,Charles Leclerc,Monegasque,Ferrari,3.0,3,15.0,63,Finished,5.0,1:19.935,False,True,False,0.0
2024,7,Emilia Romagna Grand Prix,Autodromo Enzo e Dino Ferrari,Italy,2024-05-19,piastri,Oscar Piastri,Australian,McLaren,5.0,4,12.0,63,Finished,4.0,1:19.907,False,False,False,1.0
2024,7,Emilia Romagna Grand Prix,Autodromo Enzo e Dino Ferrari,Italy,2024-05-19,sainz,Carlos Sainz,Spanish,Ferrari,4.0,5,10.0,63,Finished,7.0,1:20.220,False,False,False,-1.0
2024,7,Emilia Romagna Grand Prix,Autodromo Enzo e Dino Ferrari,Italy,2024-05-19,hamilton,Lewis Hamilton,British,Mercedes,8.0,6,8.0,63,Finished,8.0,1:20.331,False,False,False,2.0
2024,7,Emilia Romagna Grand Prix,Autodromo Enzo e Dino Ferrari,Italy,2024-05-19,russell,George Russell,British,Mercedes,6.0,7,7.0,63,Finished,1.0,1:18.589,False,False,False,-1.0
2024,7,Emilia Romagna Grand Prix,Autodromo Enzo e Dino Ferrari,Italy,2024-05-19,perez,Sergio Pérez,Mexican,Red Bull,11.0,8,4.0,63,Finished,3.0,1:19.686,False,False,False,3.0
2024,7,Emilia Romagna Grand Prix,Autodromo Enzo e Dino Ferrari,Italy,2024-05-19,stroll,Lance Stroll,Canadian,Aston Martin,13.0,9,2.0,63,Finished,10.0,1:20.570,False,False,False,4.0
2024,7,Emilia Romagna Grand Prix,Autodromo Enzo e Dino Ferrari,Italy,2024-05-19,tsunoda,Yuki Tsunoda,Japanese,RB F1 Team,7.0,10,1.0,62,Lapped,11.0,1:20.936,False,False,False,-3.0
2024,7,Emilia Romagna Grand Prix,Autodromo Enzo e Dino Ferrari,Italy,2024-05-19,hulkenberg,Nico Hülkenberg,German,Haas F1 Team,10.0,11,0.0,62,Lapped,20.0,1:21.700,False,False,False,-1.0
2024,7,Emilia Romagna Grand Prix,Autodromo Enzo e Dino Ferrari,Italy,2024-05-19,kevin_magnussen,Kevin Magnussen,Danish,Haas F1 Team,18.0,12,0.0,62,Lapped,12.0,1:21.009,False,False,False,6.0
2024,7,Emilia Romagna Grand Prix,Autodromo Enzo e Dino Ferrari,Italy,2024-05-19,ricciardo,Daniel Ricciardo,Australian,RB F1 Team,9.0,13,0.0,62,Lapped,19.0,1:21.569,False,False,False,-4.0
2024,7,Emilia Romagna Grand Prix,Autodromo Enzo e Dino Ferrari,Italy,2024-05-19,ocon,Esteban Ocon,French,Alpine F1 Team,12.0,14,0.0,62,Lapped,16.0,1:21.304,False,False,False,-2.0
2024,7,Emilia Romagna Grand Prix,Autodromo Enzo e Dino Ferrari,Italy,2024-05-19,zhou,Guanyu Zhou,Chinese,Sauber,17.0,15,0.0,62,Lapped,13.0,1:21.016,False,False,False,2.0
2024,7,Emilia Romagna Grand Prix,Autodromo Enzo e Dino Ferrari,Italy,2024-05-19,gasly,Pierre Gasly,French,Alpine F1 Team,15.0,16,0.0,62,Lapped,17.0,1:21.371,False,False,False,-1.0
2024,7,Emilia Romagna Grand Prix,Autodromo Enzo e Dino Ferrari,Italy,2024-05-19,sargeant,Logan Sargeant,American,Williams,19.0,17,0.0,62,Lapped,14.0,1:21.229,False,False,False,2.0
2024,7,Emilia Romagna Grand Prix,Autodromo Enzo e Dino Ferrari,Italy,2024-05-19,bottas,Valtteri Bottas,Finnish,Sauber,16.0,18,0.0,62,Lapped,18.0,1:21.455,False,False,False,-2.0
2024,7,Emilia Romagna Grand Prix,Autodromo Enzo e Dino Ferrari,Italy,2024-05-19,alonso,Fernando Alonso,Spanish,Aston Martin,20.0,19,0.0,62,Lapped,2.0,1:19.004,False,False,False,1.0
2024,7,Emilia Romagna Grand Prix,Autodromo Enzo e Dino Ferrari,Italy,2024-05-19,albon,Alexander Albon,Thai,Williams,14.0,20,0.0,51,Retired,15.0,1:21.274,True,False,False,-6.0
2024,8,Monaco Grand Prix,Circuit de Monaco,Monaco,2024-05-26,leclerc,Charles Leclerc,Monegasque,Ferrari,1.0,1,25.0,78,Finished,6.0,1:15.162,False,True,True,0.0
2024,8,Monaco Grand Prix,Circuit de Monaco,Monaco,2024-05-26,piastri,Oscar Piastri,Australian,McLaren,2.0,2,18.0,78,Finished,11.0,1:16.281,False,True,False,0.0
2024,8,Monaco Grand Prix,Circuit de Monaco,Monaco,2024-05-26,sainz,Carlos Sainz,Spanish,Ferrari,3.0,3,15.0,78,Finished,5.0,1:14.726,False,True,False,0.0
2024,8,Monaco Grand Prix,Circuit de Monaco,Monaco,2024-05-26,norris,Lando Norris,British,McLaren,4.0,4,12.0,78,Finished,10.0,1:15.742,False,False,False,0.0
2024,8,Monaco Grand Prix,Circuit de Monaco,Monaco,2024-05-26,russell,George Russell,British,Mercedes,5.0,5,10.0,78,Finished,7.0,1:15.228,False,False,False,0.0
2024,8,Monaco Grand Prix,Circuit de Monaco,Monaco,2024-05-26,max_verstappen,Max Verstappen,Dutch,Red Bull,6.0,6,8.0,78,Finished,2.0,1:14.569,False,False,False,0.0
2024,8,Monaco Grand Prix,Circuit de Monaco,Monaco,2024-05-26,hamilton,Lewis Hamilton,British,Mercedes,7.0,7,7.0,78,Finished,1.0,1:14.165,False,False,False,0.0
2024,8,Monaco Grand Prix,Circuit de Monaco,Monaco,2024-05-26,tsunoda,Yuki Tsunoda,Japanese,RB F1 Team,8.0,8,4.0,77,Lapped,4.0,1:14.720,False,False,False,0.0
2024,8,Monaco Grand Prix,Circuit de Monaco,Monaco,2024-05-26,albon,Alexander Albon,Thai,Williams,9.0,9,2.0,77,Lapped,14.0,1:17.060,False,False,False,0.0
2024,8,Monaco Grand Prix,Circuit de Monaco,Monaco,2024-05-26,gasly,Pierre Gasly,French,Alpine F1 Team,10.0,10,1.0,77,Lapped,9.0,1:15.625,False,False,False,0.0
2024,8,Monaco Grand Prix,Circuit de Monaco,Monaco,2024-05-26,alonso,Fernando Alonso,Spanish,Aston Martin,14.0,11,0.0,76,Lapped,16.0,1:17.939,False,False,False,3.0
2024,8,Monaco Grand Prix,Circuit de Monaco,Monaco,2024-05-26,ricciardo,Daniel Ricciardo,Australian,RB F1 Team,12.0,12,0.0,76,Lapped,15.0,1:17.172,False,False,False,0.0
2024,8,Monaco Grand Prix,Circuit de Monaco,Monaco,2024-05-26,bottas,Valtteri Bottas,Finnish,Sauber,17.0,13,0.0,76,Lapped,12.0,1:16.561,False,False,False,4.0
2024,8,Monaco Grand Prix,Circuit de Monaco,Monaco,2024-05-26,stroll,Lance Stroll,Canadian,Aston Martin,13.0,14,0.0,76,Lapped,13.0,1:16.710,False,False,False,-1.0
2024,8,Monaco Grand Prix,Circuit de Monaco,Monaco,2024-05-26,sargeant,Logan Sargeant,American,Williams,15.0,15,0.0,76,Lapped,8.0,1:15.525,False,False,False,0.0
2024,8,Monaco Grand Prix,Circuit de Monaco,Monaco,2024-05-26,zhou,Guanyu Zhou,Chinese,Sauber,18.0,16,0.0,76,Lapped,3.0,1:14.718,False,False,False,2.0
2024,8,Monaco Grand Prix,Circuit de Monaco,Monaco,2024-05-26,ocon,Esteban Ocon,French,Alpine F1 Team,11.0,17,0.0,0,Retired,,,True,False,False,-6.0
2024,8,Monaco Grand Prix,Circuit de Monaco,Monaco,2024-05-26,perez,Sergio Pérez,Mexican,Red Bull,16.0,18,0.0,0,Retired,,,True,False,False,-2.0
2024,8,Monaco Grand Prix,Circuit de Monaco,Monaco,2024-05-26,hulkenberg,Nico Hülkenberg,German,Haas F1 Team,19.0,19,0.0,0,Retired,,,True,False,False,0.0
2024,8,Monaco Grand Prix,Circuit de Monaco,Monaco,2024-05-26,kevin_magnussen,Kevin Magnussen,Danish,Haas F1 Team,20.0,20,0.0,0,Retired,,,True,False,False,0.0
2024,9,Canadian Grand Prix,Circuit Gilles Villeneuve,Canada,2024-06-09,max_verstappen,Max Verstappen,Dutch,Red Bull,2.0,1,25.0,70,Finished,4.0,1:15.569,False,True,True,1.0
2024,9,Canadian Grand Prix,Circuit Gilles Villeneuve,Canada,2024-06-09,norris,Lando Norris,British,McLaren,3.0,2,18.0,70,Finished,3.0,1:15.558,False,True,False,1.0
2024,9,Canadian Grand Prix,Circuit Gilles Villeneuve,Canada,2024-06-09,russell,George Russell,British,Mercedes,1.0,3,15.0,70,Finished,2.0,1:14.895,False,True,False,-2.0
2024,9,Canadian Grand Prix,Circuit Gilles Villeneuve,Canada,2024-06-09,hamilton,Lewis Hamilton,British,Mercedes,7.0,4,13.0,70,Finished,1.0,1:14.856,False,False,False,3.0
2024,9,Canadian Grand Prix,Circuit Gilles Villeneuve,Canada,2024-06-09,piastri,Oscar Piastri,Australian,McLaren,4.0,5,10.0,70,Finished,5.0,1:16.247,False,False,False,-1.0
2024,9,Canadian Grand Prix,Circuit Gilles Villeneuve,Canada,2024-06-09,alonso,Fernando Alonso,Spanish,Aston Martin,6.0,6,8.0,70,Finished,6.0,1:16.303,False,False,False,0.0
2024,9,Canadian Grand Prix,Circuit Gilles Villeneuve,Canada,2024-06-09,stroll,Lance Stroll,Canadian,Aston Martin,9.0,7,6.0,70,Finished,9.0,1:16.762,False,False,False,2.0
2024,9,Canadian Grand Prix,Circuit Gilles Villeneuve,Canada,2024-06-09,ricciardo,Daniel Ricciardo,Australian,RB F1 Team,5.0,8,4.0,70,Finished,12.0,1:17.076,False,False,False,-3.0
2024,9,Canadian Grand Prix,Circuit Gilles Villeneuve,Canada,2024-06-09,gasly,Pierre Gasly,French,Alpine F1 Team,15.0,9,2.0,70,Finished,11.0,1:17.013,False,False,False,6.0
2024,9,Canadian Grand Prix,Circuit Gilles Villeneuve,Canada,2024-06-09,ocon,Esteban Ocon,French,Alpine F1 Team,18.0,10,1.0,70,Finished,10.0,1:17.012,False,False,False,8.0
2024,9,Canadian Grand Prix,Circuit Gilles Villeneuve,Canada,2024-06-09,hulkenberg,Nico Hülkenberg,German,Haas F1 Team,17.0,11,0.0,70,Finished,8.0,1:16.683,False,False,False,6.0
2024,9,Canadian Grand Prix,Circuit Gilles Villeneuve,Canada,2024-06-09,kevin_magnussen,Kevin Magnussen,Danish,Haas F1 Team,14.0,12,0.0,70,Finished,7.0,1:16.499,False,False,False,2.0
2024,9,Canadian Grand Prix,Circuit Gilles Villeneuve,Canada,2024-06-09,bottas,Valtteri Bottas,Finnish,Sauber,19.0,13,0.0,70,Finished,13.0,1:17.250,False,False,False,6.0
2024,9,Canadian Grand Prix,Circuit Gilles Villeneuve,Canada,2024-06-09,tsunoda,Yuki Tsunoda,Japanese,RB F1 Team,8.0,14,0.0,70,Finished,14.0,1:17.309,False,False,False,-6.0
2024,9,Canadian Grand Prix,Circuit Gilles Villeneuve,Canada,2024-06-09,zhou,Guanyu Zhou,Chinese,Sauber,20.0,15,0.0,69,Lapped,15.0,1:17.325,False,False,False,5.0
2024,9,Canadian Grand Prix,Circuit Gilles Villeneuve,Canada,2024-06-09,sainz,Carlos Sainz,Spanish,Ferrari,12.0,16,0.0,52,Retired,17.0,1:18.957,True,False,False,-4.0
2024,9,Canadian Grand Prix,Circuit Gilles Villeneuve,Canada,2024-06-09,albon,Alexander Albon,Thai,Williams,10.0,17,0.0,52,Retired,18.0,1:19.359,True,False,False,-7.0
2024,9,Canadian Grand Prix,Circuit Gilles Villeneuve,Canada,2024-06-09,perez,Sergio Pérez,Mexican,Red Bull,16.0,18,0.0,51,Retired,16.0,1:18.819,True,False,False,-2.0
2024,9,Canadian Grand Prix,Circuit Gilles Villeneuve,Canada,2024-06-09,leclerc,Charles Leclerc,Monegasque,Ferrari,11.0,19,0.0,40,Retired,19.0,1:26.012,True,False,False,-8.0
2024,9,Canadian Grand Prix,Circuit Gilles Villeneuve,Canada,2024-06-09,sargeant,Logan Sargeant,American,Williams,13.0,20,0.0,23,Retired,20.0,1:26.484,True,False,False,-7.0
2024,10,Spanish Grand Prix,Circuit de Barcelona-Catalunya,Spain,2024-06-23,max_verstappen,Max Verstappen,Dutch,Red Bull,2.0,1,25.0,66,Finished,2.0,1:17.776,False,True,True,1.0
2024,10,Spanish Grand Prix,Circuit de Barcelona-Catalunya,Spain,2024-06-23,norris,Lando Norris,British,McLaren,1.0,2,19.0,66,Finished,1.0,1:17.115,False,True,False,-1.0
2024,10,Spanish Grand Prix,Circuit de Barcelona-Catalunya,Spain,2024-06-23,hamilton,Lewis Hamilton,British,Mercedes,3.0,3,15.0,66,Finished,4.0,1:17.809,False,True,False,0.0
2024,10,Spanish Grand Prix,Circuit de Barcelona-Catalunya,Spain,2024-06-23,russell,George Russell,British,Mercedes,4.0,4,12.0,66,Finished,7.0,1:18.290,False,False,False,0.0
2024,10,Spanish Grand Prix,Circuit de Barcelona-Catalunya,Spain,2024-06-23,leclerc,Charles Leclerc,Monegasque,Ferrari,5.0,5,10.0,66,Finished,6.0,1:17.897,False,False,False,0.0
2024,10,Spanish Grand Prix,Circuit de Barcelona-Catalunya,Spain,2024-06-23,sainz,Carlos Sainz,Spanish,Ferrari,6.0,6,8.0,66,Finished,9.0,1:18.539,False,False,False,0.0
2024,10,Spanish Grand Prix,Circuit de Barcelona-Catalunya,Spain,2024-06-23,piastri,Oscar Piastri,Australian,McLaren,9.0,7,6.0,66,Finished,5.0,1:17.874,False,False,False,2.0
2024,10,Spanish Grand Prix,Circuit de Barcelona-Catalunya,Spain,2024-06-23,perez,Sergio Pérez,Mexican,Red Bull,11.0,8,4.0,66,Finished,3.0,1:17.785,False,False,False,3.0
2024,10,Spanish Grand Prix,Circuit de Barcelona-Catalunya,Spain,2024-06-23,gasly,Pierre Gasly,French,Alpine F1 Team,7.0,9,2.0,66,Finished,13.0,1:19.045,False,False,False,-2.0
2024,10,Spanish Grand Prix,Circuit de Barcelona-Catalunya,Spain,2024-06-23,ocon,Esteban Ocon,French,Alpine F1 Team,8.0,10,1.0,66,Finished,12.0,1:18.982,False,False,False,-2.0
2024,10,Spanish Grand Prix,Circuit de Barcelona-Catalunya,Spain,2024-06-23,hulkenberg,Nico Hülkenberg,German,Haas F1 Team,13.0,11,0.0,66,Finished,10.0,1:18.609,False,False,False,2.0
2024,10,Spanish Grand Prix,Circuit de Barcelona-Catalunya,Spain,2024-06-23,alonso,Fernando Alonso,Spanish,Aston Martin,10.0,12,0.0,65,Lapped,8.0,1:18.334,False,False,False,-2.0
2024,10,Spanish Grand Prix,Circuit de Barcelona-Catalunya,Spain,2024-06-23,zhou,Guanyu Zhou,Chinese,Sauber,15.0,13,0.0,65,Lapped,11.0,1:18.771,False,False,False,2.0
2024,10,Spanish Grand Prix,Circuit de Barcelona-Catalunya,Spain,2024-06-23,stroll,Lance Stroll,Canadian,Aston Martin,14.0,14,0.0,65,Lapped,15.0,1:19.318,False,False,False,0.0
2024,10,Spanish Grand Prix,Circuit de Barcelona-Catalunya,Spain,2024-06-23,ricciardo,Daniel Ricciardo,Australian,RB F1 Team,18.0,15,0.0,65,Lapped,17.0,1:19.450,False,False,False,3.0
2024,10,Spanish Grand Prix,Circuit de Barcelona-Catalunya,Spain,2024-06-23,bottas,Valtteri Bottas,Finnish,Sauber,12.0,16,0.0,65,Lapped,18.0,1:19.608,False,False,False,-4.0
2024,10,Spanish Grand Prix,Circuit de Barcelona-Catalunya,Spain,2024-06-23,kevin_magnussen,Kevin Magnussen,Danish,Haas F1 Team,16.0,17,0.0,65,Lapped,19.0,1:19.805,False,False,False,-1.0
2024,10,Spanish Grand Prix,Circuit de Barcelona-Catalunya,Spain,2024-06-23,albon,Alexander Albon,Thai,Williams,20.0,18,0.0,65,Lapped,14.0,1:19.132,False,False,False,2.0
2024,10,Spanish Grand Prix,Circuit de Barcelona-Catalunya,Spain,2024-06-23,tsunoda,Yuki Tsunoda,Japanese,RB F1 Team,17.0,19,0.0,65,Lapped,16.0,1:19.447,False,False,False,-2.0
2024,10,Spanish Grand Prix,Circuit de Barcelona-Catalunya,Spain,2024-06-23,sargeant,Logan Sargeant,American,Williams,19.0,20,0.0,64,Lapped,20.0,1:20.172,False,False,False,-1.0
2024,11,Austrian Grand Prix,Red Bull Ring,Austria,2024-06-30,russell,George Russell,British,Mercedes,3.0,1,25.0,71,Finished,5.0,1:09.164,False,True,True,2.0
2024,11,Austrian Grand Prix,Red Bull Ring,Austria,2024-06-30,piastri,Oscar Piastri,Australian,McLaren,7.0,2,18.0,71,Finished,4.0,1:08.697,False,True,False,5.0
2024,11,Austrian Grand Prix,Red Bull Ring,Austria,2024-06-30,sainz,Carlos Sainz,Spanish,Ferrari,4.0,3,15.0,71,Finished,6.0,1:09.282,False,True,False,1.0
2024,11,Austrian Grand Prix,Red Bull Ring,Austria,2024-06-30,hamilton,Lewis Hamilton,British,Mercedes,5.0,4,12.0,71,Finished,7.0,1:09.562,False,False,False,1.0
2024,11,Austrian Grand Prix,Red Bull Ring,Austria,2024-06-30,max_verstappen,Max Verstappen,Dutch,Red Bull,1.0,5,10.0,71,Finished,2.0,1:07.719,False,False,False,-4.0
2024,11,Austrian Grand Prix,Red Bull Ring,Austria,2024-06-30,hulkenberg,Nico Hülkenberg,German,Haas F1 Team,9.0,6,8.0,71,Finished,14.0,1:10.215,False,False,False,3.0
2024,11,Austrian Grand Prix,Red Bull Ring,Austria,2024-06-30,perez,Sergio Pérez,Mexican,Red Bull,8.0,7,6.0,71,Finished,11.0,1:09.694,False,False,False,1.0
2024,11,Austrian Grand Prix,Red Bull Ring,Austria,2024-06-30,kevin_magnussen,Kevin Magnussen,Danish,Haas F1 Team,12.0,8,4.0,71,Finished,12.0,1:10.125,False,False,False,4.0
2024,11,Austrian Grand Prix,Red Bull Ring,Austria,2024-06-30,ricciardo,Daniel Ricciardo,Australian,RB F1 Team,11.0,9,2.0,71,Finished,18.0,1:10.426,False,False,False,2.0
2024,11,Austrian Grand Prix,Red Bull Ring,Austria,2024-06-30,gasly,Pierre Gasly,French,Alpine F1 Team,13.0,10,1.0,71,Finished,9.0,1:09.609,False,False,False,3.0
2024,11,Austrian Grand Prix,Red Bull Ring,Austria,2024-06-30,leclerc,Charles Leclerc,Monegasque,Ferrari,6.0,11,0.0,71,Finished,8.0,1:09.584,False,False,False,-5.0
2024,11,Austrian Grand Prix,Red Bull Ring,Austria,2024-06-30,ocon,Esteban Ocon,French,Alpine F1 Team,10.0,12,0.0,71,Finished,10.0,1:09.649,False,False,False,-2.0
2024,11,Austrian Grand Prix,Red Bull Ring,Austria,2024-06-30,stroll,Lance Stroll,Canadian,Aston Martin,17.0,13,0.0,70,Lapped,13.0,1:10.143,False,False,False,4.0
2024,11,Austrian Grand Prix,Red Bull Ring,Austria,2024-06-30,tsunoda,Yuki Tsunoda,Japanese,RB F1 Team,14.0,14,0.0,70,Lapped,15.0,1:10.318,False,False,False,0.0
2024,11,Austrian Grand Prix,Red Bull Ring,Austria,2024-06-30,albon,Alexander Albon,Thai,Williams,16.0,15,0.0,70,Lapped,16.0,1:10.364,False,False,False,1.0
2024,11,Austrian Grand Prix,Red Bull Ring,Austria,2024-06-30,bottas,Valtteri Bottas,Finnish,Sauber,18.0,16,0.0,70,Lapped,19.0,1:10.449,False,False,False,2.0
2024,11,Austrian Grand Prix,Red Bull Ring,Austria,2024-06-30,zhou,Guanyu Zhou,Chinese,Sauber,20.0,17,0.0,70,Lapped,20.0,1:10.470,False,False,False,3.0
2024,11,Austrian Grand Prix,Red Bull Ring,Austria,2024-06-30,alonso,Fernando Alonso,Spanish,Aston Martin,15.0,18,0.0,70,Lapped,1.0,1:07.694,False,False,False,-3.0
2024,11,Austrian Grand Prix,Red Bull Ring,Austria,2024-06-30,sargeant,Logan Sargeant,American,Williams,19.0,19,0.0,69,Lapped,17.0,1:10.406,False,False,False,0.0
2024,11,Austrian Grand Prix,Red Bull Ring,Austria,2024-06-30,norris,Lando Norris,British,McLaren,2.0,20,0.0,64,Lapped,3.0,1:08.016,False,False,False,-18.0
2024,12,British Grand Prix,Silverstone Circuit,UK,2024-07-07,hamilton,Lewis Hamilton,British,Mercedes,2.0,1,25.0,52,Finished,5.0,1:29.438,False,True,True,1.0
2024,12,British Grand Prix,Silverstone Circuit,UK,2024-07-07,max_verstappen,Max Verstappen,Dutch,Red Bull,4.0,2,18.0,52,Finished,3.0,1:28.952,False,True,False,2.0
2024,12,British Grand Prix,Silverstone Circuit,UK,2024-07-07,norris,Lando Norris,British,McLaren,3.0,3,15.0,52,Finished,4.0,1:29.262,False,True,False,0.0
2024,12,British Grand Prix,Silverstone Circuit,UK,2024-07-07,piastri,Oscar Piastri,Australian,McLaren,5.0,4,12.0,52,Finished,2.0,1:28.748,False,False,False,1.0
2024,12,British Grand Prix,Silverstone Circuit,UK,2024-07-07,sainz,Carlos Sainz,Spanish,Ferrari,7.0,5,11.0,52,Finished,1.0,1:28.293,False,False,False,2.0
2024,12,British Grand Prix,Silverstone Circuit,UK,2024-07-07,hulkenberg,Nico Hülkenberg,German,Haas F1 Team,6.0,6,8.0,52,Finished,10.0,1:29.836,False,False,False,0.0
2024,12,British Grand Prix,Silverstone Circuit,UK,2024-07-07,stroll,Lance Stroll,Canadian,Aston Martin,8.0,7,6.0,52,Finished,11.0,1:29.897,False,False,False,1.0
2024,12,British Grand Prix,Silverstone Circuit,UK,2024-07-07,alonso,Fernando Alonso,Spanish,Aston Martin,10.0,8,4.0,52,Finished,7.0,1:29.710,False,False,False,2.0
2024,12,British Grand Prix,Silverstone Circuit,UK,2024-07-07,albon,Alexander Albon,Thai,Williams,9.0,9,2.0,52,Finished,8.0,1:29.718,False,False,False,0.0
2024,12,British Grand Prix,Silverstone Circuit,UK,2024-07-07,tsunoda,Yuki Tsunoda,Japanese,RB F1 Team,13.0,10,1.0,52,Finished,14.0,1:30.229,False,False,False,3.0
2024,12,British Grand Prix,Silverstone Circuit,UK,2024-07-07,sargeant,Logan Sargeant,American,Williams,12.0,11,0.0,52,Finished,12.0,1:29.972,False,False,False,1.0
2024,12,British Grand Prix,Silverstone Circuit,UK,2024-07-07,kevin_magnussen,Kevin Magnussen,Danish,Haas F1 Team,17.0,12,0.0,52,Finished,13.0,1:30.093,False,False,False,5.0
2024,12,British Grand Prix,Silverstone Circuit,UK,2024-07-07,ricciardo,Daniel Ricciardo,Australian,RB F1 Team,15.0,13,0.0,51,Lapped,15.0,1:30.735,False,False,False,2.0
2024,12,British Grand Prix,Silverstone Circuit,UK,2024-07-07,leclerc,Charles Leclerc,Monegasque,Ferrari,11.0,14,0.0,51,Lapped,9.0,1:29.748,False,False,False,-3.0
2024,12,British Grand Prix,Silverstone Circuit,UK,2024-07-07,bottas,Valtteri Bottas,Finnish,Sauber,16.0,15,0.0,51,Lapped,18.0,1:31.277,False,False,False,1.0
2024,12,British Grand Prix,Silverstone Circuit,UK,2024-07-07,ocon,Esteban Ocon,French,Alpine F1 Team,18.0,16,0.0,50,Lapped,16.0,1:30.875,False,False,False,2.0
2024,12,British Grand Prix,Silverstone Circuit,UK,2024-07-07,perez,Sergio Pérez,Mexican,Red Bull,20.0,17,0.0,50,Lapped,6.0,1:29.707,False,False,False,3.0
2024,12,British Grand Prix,Silverstone Circuit,UK,2024-07-07,zhou,Guanyu Zhou,Chinese,Sauber,14.0,18,0.0,50,Lapped,17.0,1:31.014,False,False,False,-4.0
2024,12,British Grand Prix,Silverstone Circuit,UK,2024-07-07,russell,George Russell,British,Mercedes,1.0,19,0.0,33,Retired,19.0,1:31.298,True,False,False,-18.0
2024,12,British Grand Prix,Silverstone Circuit,UK,2024-07-07,gasly,Pierre Gasly,French,Alpine F1 Team,19.0,20,0.0,0,Did not start,,,True,False,False,-1.0
2024,13,Hungarian Grand Prix,Hungaroring,Hungary,2024-07-21,piastri,Oscar Piastri,Australian,McLaren,2.0,1,25.0,70,Finished,8.0,1:21.716,False,True,True,1.0
2024,13,Hungarian Grand Prix,Hungaroring,Hungary,2024-07-21,norris,Lando Norris,British,McLaren,1.0,2,18.0,70,Finished,7.0,1:21.712,False,True,False,-1.0
2024,13,Hungarian Grand Prix,Hungaroring,Hungary,2024-07-21,hamilton,Lewis Hamilton,British,Mercedes,5.0,3,15.0,70,Finished,9.0,1:22.153,False,True,False,2.0
2024,13,Hungarian Grand Prix,Hungaroring,Hungary,2024-07-21,leclerc,Charles Leclerc,Monegasque,Ferrari,6.0,4,12.0,70,Finished,10.0,1:22.182,False,False,False,2.0
2024,13,Hungarian Grand Prix,Hungaroring,Hungary,2024-07-21,max_verstappen,Max Verstappen,Dutch,Red Bull,3.0,5,10.0,70,Finished,3.0,1:20.908,False,False,False,-2.0
2024,13,Hungarian Grand Prix,Hungaroring,Hungary,2024-07-21,sainz,Carlos Sainz,Spanish,Ferrari,4.0,6,8.0,70,Finished,5.0,1:21.441,False,False,False,-2.0
2024,13,Hungarian Grand Prix,Hungaroring,Hungary,2024-07-21,perez,Sergio Pérez,Mexican,Red Bull,16.0,7,6.0,70,Finished,4.0,1:21.096,False,False,False,9.0
2024,13,Hungarian Grand Prix,Hungaroring,Hungary,2024-07-21,russell,George Russell,British,Mercedes,17.0,8,5.0,70,Finished,1.0,1:20.305,False,False,False,9.0
2024,13,Hungarian Grand Prix,Hungaroring,Hungary,2024-07-21,tsunoda,Yuki Tsunoda,Japanese,RB F1 Team,10.0,9,2.0,70,Finished,18.0,1:23.533,False,False,False,1.0
2024,13,Hungarian Grand Prix,Hungaroring,Hungary,2024-07-21,stroll,Lance Stroll,Canadian,Aston Martin,8.0,10,1.0,70,Finished,11.0,1:22.338,False,False,False,-2.0
2024,13,Hungarian Grand Prix,Hungaroring,Hungary,2024-07-21,alonso,Fernando Alonso,Spanish,Aston Martin,7.0,11,0.0,70,Finished,14.0,1:23.063,False,False,False,-4.0
2024,13,Hungarian Grand Prix,Hungaroring,Hungary,2024-07-21,ricciardo,Daniel Ricciardo,Australian,RB F1 Team,9.0,12,0.0,69,Lapped,12.0,1:22.640,False,False,False,-3.0
2024,13,Hungarian Grand Prix,Hungaroring,Hungary,2024-07-21,hulkenberg,Nico Hülkenberg,German,Haas F1 Team,11.0,13,0.0,69,Lapped,16.0,1:23.461,False,False,False,-2.0
2024,13,Hungarian Grand Prix,Hungaroring,Hungary,2024-07-21,albon,Alexander Albon,Thai,Williams,13.0,14,0.0,69,Lapped,20.0,1:23.930,False,False,False,-1.0
2024,13,Hungarian Grand Prix,Hungaroring,Hungary,2024-07-21,kevin_magnussen,Kevin Magnussen,Danish,Haas F1 Team,15.0,15,0.0,69,Lapped,19.0,1:23.553,False,False,False,0.0
2024,13,Hungarian Grand Prix,Hungaroring,Hungary,2024-07-21,bottas,Valtteri Bottas,Finnish,Sauber,12.0,16,0.0,69,Lapped,13.0,1:22.792,False,False,False,-4.0
2024,13,Hungarian Grand Prix,Hungaroring,Hungary,2024-07-21,sargeant,Logan Sargeant,American,Williams,14.0,17,0.0,69,Lapped,2.0,1:20.561,False,False,False,-3.0
2024,13,Hungarian Grand Prix,Hungaroring,Hungary,2024-07-21,ocon,Esteban Ocon,French,Alpine F1 Team,19.0,18,0.0,69,Lapped,6.0,1:21.610,False,False,False,1.0
2024,13,Hungarian Grand Prix,Hungaroring,Hungary,2024-07-21,zhou,Guanyu Zhou,Chinese,Sauber,18.0,19,0.0,69,Lapped,17.0,1:23.487,False,False,False,-1.0
2024,13,Hungarian Grand Prix,Hungaroring,Hungary,2024-07-21,gasly,Pierre Gasly,French,Alpine F1 Team,20.0,20,0.0,33,Retired,15.0,1:23.340,True,False,False,0.0
2024,14,Belgian Grand Prix,Circuit de Spa-Francorchamps,Belgium,2024-07-28,hamilton,Lewis Hamilton,British,Mercedes,3.0,1,25.0,44,Finished,6.0,1:46.653,False,True,True,2.0
2024,14,Belgian Grand Prix,Circuit de Spa-Francorchamps,Belgium,2024-07-28,piastri,Oscar Piastri,Australian,McLaren,5.0,2,18.0,44,Finished,3.0,1:45.840,False,True,False,3.0
2024,14,Belgian Grand Prix,Circuit de Spa-Francorchamps,Belgium,2024-07-28,leclerc,Charles Leclerc,Monegasque,Ferrari,1.0,3,15.0,44,Finished,8.0,1:47.013,False,True,False,-2.0
2024,14,Belgian Grand Prix,Circuit de Spa-Francorchamps,Belgium,2024-07-28,max_verstappen,Max Verstappen,Dutch,Red Bull,11.0,4,12.0,44,Finished,4.0,1:46.128,False,False,False,7.0
2024,14,Belgian Grand Prix,Circuit de Spa-Francorchamps,Belgium,2024-07-28,norris,Lando Norris,British,McLaren,4.0,5,10.0,44,Finished,2.0,1:45.563,False,False,False,-1.0
2024,14,Belgian Grand Prix,Circuit de Spa-Francorchamps,Belgium,2024-07-28,sainz,Carlos Sainz,Spanish,Ferrari,7.0,6,8.0,44,Finished,5.0,1:46.364,False,False,False,1.0
2024,14,Belgian Grand Prix,Circuit de Spa-Francorchamps,Belgium,2024-07-28,perez,Sergio Pérez,Mexican,Red Bull,2.0,7,7.0,44,Finished,1.0,1:44.701,False,False,False,-5.0
2024,14,Belgian Grand Prix,Circuit de Spa-Francorchamps,Belgium,2024-07-28,alonso,Fernando Alonso,Spanish,Aston Martin,8.0,8,4.0,44,Finished,17.0,1:48.051,False,False,False,0.0
2024,14,Belgian Grand Prix,Circuit de Spa-Francorchamps,Belgium,2024-07-28,ocon,Esteban Ocon,French,Alpine F1 Team,9.0,9,2.0,44,Finished,7.0,1:46.957,False,False,False,0.0
2024,14,Belgian Grand Prix,Circuit de Spa-Francorchamps,Belgium,2024-07-28,ricciardo,Daniel Ricciardo,Australian,RB F1 Team,13.0,10,1.0,44,Finished,12.0,1:47.435,False,False,False,3.0
2024,14,Belgian Grand Prix,Circuit de Spa-Francorchamps,Belgium,2024-07-28,stroll,Lance Stroll,Canadian,Aston Martin,15.0,11,0.0,44,Finished,18.0,1:48.105,False,False,False,4.0
2024,14,Belgian Grand Prix,Circuit de Spa-Francorchamps,Belgium,2024-07-28,albon,Alexander Albon,Thai,Williams,10.0,12,0.0,44,Finished,16.0,1:47.996,False,False,False,-2.0
2024,14,Belgian Grand Prix,Circuit de Spa-Francorchamps,Belgium,2024-07-28,gasly,Pierre Gasly,French,Alpine F1 Team,12.0,13,0.0,44,Finished,11.0,1:47.418,False,False,False,-1.0
2024,14,Belgian Grand Prix,Circuit de Spa-Francorchamps,Belgium,2024-07-28,kevin_magnussen,Kevin Magnussen,Danish,Haas F1 Team,17.0,14,0.0,44,Finished,14.0,1:47.848,False,False,False,3.0
2024,14,Belgian Grand Prix,Circuit de Spa-Francorchamps,Belgium,2024-07-28,bottas,Valtteri Bottas,Finnish,Sauber,14.0,15,0.0,44,Finished,9.0,1:47.019,False,False,False,-1.0
2024,14,Belgian Grand Prix,Circuit de Spa-Francorchamps,Belgium,2024-07-28,tsunoda,Yuki Tsunoda,Japanese,RB F1 Team,20.0,16,0.0,44,Finished,15.0,1:47.969,False,False,False,4.0
2024,14,Belgian Grand Prix,Circuit de Spa-Francorchamps,Belgium,2024-07-28,sargeant,Logan Sargeant,American,Williams,18.0,17,0.0,44,Finished,13.0,1:47.490,False,False,False,1.0
2024,14,Belgian Grand Prix,Circuit de Spa-Francorchamps,Belgium,2024-07-28,hulkenberg,Nico Hülkenberg,German,Haas F1 Team,16.0,18,0.0,44,Finished,19.0,1:48.954,False,False,False,-2.0
2024,14,Belgian Grand Prix,Circuit de Spa-Francorchamps,Belgium,2024-07-28,zhou,Guanyu Zhou,Chinese,Sauber,19.0,19,0.0,5,Retired,20.0,1:52.099,True,False,False,0.0
2024,14,Belgian Grand Prix,Circuit de Spa-Francorchamps,Belgium,2024-07-28,russell,George Russell,British,Mercedes,6.0,20,0.0,44,Disqualified,10.0,1:47.113,True,False,False,-14.0
2024,15,Dutch Grand Prix,Circuit Park Zandvoort,Netherlands,2024-08-25,norris,Lando Norris,British,McLaren,1.0,1,26.0,72,Finished,1.0,1:13.817,False,True,True,0.0
2024,15,Dutch Grand Prix,Circuit Park Zandvoort,Netherlands,2024-08-25,max_verstappen,Max Verstappen,Dutch,Red Bull,2.0,2,18.0,72,Finished,9.0,1:14.752,False,True,False,0.0
2024,15,Dutch Grand Prix,Circuit Park Zandvoort,Netherlands,2024-08-25,leclerc,Charles Leclerc,Monegasque,Ferrari,6.0,3,15.0,72,Finished,7.0,1:14.585,False,True,False,3.0
2024,15,Dutch Grand Prix,Circuit Park Zandvoort,Netherlands,2024-08-25,piastri,Oscar Piastri,Australian,McLaren,3.0,4,12.0,72,Finished,5.0,1:14.237,False,False,False,-1.0
2024,15,Dutch Grand Prix,Circuit Park Zandvoort,Netherlands,2024-08-25,sainz,Carlos Sainz,Spanish,Ferrari,10.0,5,10.0,72,Finished,4.0,1:14.117,False,False,False,5.0
2024,15,Dutch Grand Prix,Circuit Park Zandvoort,Netherlands,2024-08-25,perez,Sergio Pérez,Mexican,Red Bull,5.0,6,8.0,72,Finished,8.0,1:14.587,False,False,False,-1.0
2024,15,Dutch Grand Prix,Circuit Park Zandvoort,Netherlands,2024-08-25,russell,George Russell,British,Mercedes,4.0,7,6.0,72,Finished,3.0,1:13.927,False,False,False,-3.0
2024,15,Dutch Grand Prix,Circuit Park Zandvoort,Netherlands,2024-08-25,hamilton,Lewis Hamilton,British,Mercedes,14.0,8,4.0,72,Finished,2.0,1:13.878,False,False,False,6.0
2024,15,Dutch Grand Prix,Circuit Park Zandvoort,Netherlands,2024-08-25,gasly,Pierre Gasly,French,Alpine F1 Team,9.0,9,2.0,71,Lapped,11.0,1:14.855,False,False,False,0.0
2024,15,Dutch Grand Prix,Circuit Park Zandvoort,Netherlands,2024-08-25,alonso,Fernando Alonso,Spanish,Aston Martin,7.0,10,1.0,71,Lapped,10.0,1:14.758,False,False,False,-3.0
2024,15,Dutch Grand Prix,Circuit Park Zandvoort,Netherlands,2024-08-25,hulkenberg,Nico Hülkenberg,German,Haas F1 Team,12.0,11,0.0,71,Lapped,18.0,1:15.657,False,False,False,1.0
2024,15,Dutch Grand Prix,Circuit Park Zandvoort,Netherlands,2024-08-25,ricciardo,Daniel Ricciardo,Australian,RB F1 Team,13.0,12,0.0,71,Lapped,13.0,1:15.222,False,False,False,1.0
2024,15,Dutch Grand Prix,Circuit Park Zandvoort,Netherlands,2024-08-25,stroll,Lance Stroll,Canadian,Aston Martin,8.0,13,0.0,71,Lapped,14.0,1:15.255,False,False,False,-5.0
2024,15,Dutch Grand Prix,Circuit Park Zandvoort,Netherlands,2024-08-25,albon,Alexander Albon,Thai,Williams,19.0,14,0.0,71,Lapped,6.0,1:14.434,False,False,False,5.0
2024,15,Dutch Grand Prix,Circuit Park Zandvoort,Netherlands,2024-08-25,ocon,Esteban Ocon,French,Alpine F1 Team,15.0,15,0.0,71,Lapped,15.0,1:15.390,False,False,False,0.0
2024,15,Dutch Grand Prix,Circuit Park Zandvoort,Netherlands,2024-08-25,sargeant,Logan Sargeant,American,Williams,18.0,16,0.0,71,Lapped,16.0,1:15.539,False,False,False,2.0
2024,15,Dutch Grand Prix,Circuit Park Zandvoort,Netherlands,2024-08-25,tsunoda,Yuki Tsunoda,Japanese,RB F1 Team,11.0,17,0.0,71,Lapped,17.0,1:15.552,False,False,False,-6.0
2024,15,Dutch Grand Prix,Circuit Park Zandvoort,Netherlands,2024-08-25,kevin_magnussen,Kevin Magnussen,Danish,Haas F1 Team,20.0,18,0.0,71,Lapped,12.0,1:14.954,False,False,False,2.0
2024,15,Dutch Grand Prix,Circuit Park Zandvoort,Netherlands,2024-08-25,bottas,Valtteri Bottas,Finnish,Sauber,16.0,19,0.0,70,Lapped,20.0,1:15.822,False,False,False,-3.0
2024,15,Dutch Grand Prix,Circuit Park Zandvoort,Netherlands,2024-08-25,zhou,Guanyu Zhou,Chinese,Sauber,17.0,20,0.0,70,Lapped,19.0,1:15.724,False,False,False,-3.0
2024,16,Italian Grand Prix,Autodromo Nazionale di Monza,Italy,2024-09-01,leclerc,Charles Leclerc,Monegasque,Ferrari,4.0,1,25.0,53,Finished,10.0,1:23.226,False,True,True,3.0
2024,16,Italian Grand Prix,Autodromo Nazionale di Monza,Italy,2024-09-01,piastri,Oscar Piastri,Australian,McLaren,2.0,2,18.0,53,Finished,4.0,1:21.943,False,True,False,0.0
2024,16,Italian Grand Prix,Autodromo Nazionale di Monza,Italy,2024-09-01,norris,Lando Norris,British,McLaren,1.0,3,16.0,53,Finished,1.0,1:21.432,False,True,False,-2.0
2024,16,Italian Grand Prix,Autodromo Nazionale di Monza,Italy,2024-09-01,sainz,Carlos Sainz,Spanish,Ferrari,5.0,4,12.0,53,Finished,9.0,1:23.219,False,False,False,1.0
2024,16,Italian Grand Prix,Autodromo Nazionale di Monza,Italy,2024-09-01,hamilton,Lewis Hamilton,British,Mercedes,6.0,5,10.0,53,Finished,2.0,1:21.512,False,False,False,1.0
2024,16,Italian Grand Prix,Autodromo Nazionale di Monza,Italy,2024-09-01,max_verstappen,Max Verstappen,Dutch,Red Bull,7.0,6,8.0,53,Finished,3.0,1:21.745,False,False,False,1.0
2024,16,Italian Grand Prix,Autodromo Nazionale di Monza,Italy,2024-09-01,russell,George Russell,British,Mercedes,3.0,7,6.0,53,Finished,5.0,1:22.036,False,False,False,-4.0
2024,16,Italian Grand Prix,Autodromo Nazionale di Monza,Italy,2024-09-01,perez,Sergio Pérez,Mexican,Red Bull,8.0,8,4.0,53,Finished,8.0,1:22.971,False,False,False,0.0
2024,16,Italian Grand Prix,Autodromo Nazionale di Monza,Italy,2024-09-01,albon,Alexander Albon,Thai,Williams,9.0,9,2.0,53,Finished,16.0,1:23.918,False,False,False,0.0
2024,16,Italian Grand Prix,Autodromo Nazionale di Monza,Italy,2024-09-01,kevin_magnussen,Kevin Magnussen,Danish,Haas F1 Team,13.0,10,1.0,53,Finished,12.0,1:23.437,False,False,False,3.0
2024,16,Italian Grand Prix,Autodromo Nazionale di Monza,Italy,2024-09-01,alonso,Fernando Alonso,Spanish,Aston Martin,11.0,11,0.0,53,Finished,7.0,1:22.944,False,False,False,0.0
2024,16,Italian Grand Prix,Autodromo Nazionale di Monza,Italy,2024-09-01,colapinto,Franco Colapinto,Argentine,Williams,18.0,12,0.0,53,Finished,14.0,1:23.728,False,False,False,6.0
2024,16,Italian Grand Prix,Autodromo Nazionale di Monza,Italy,2024-09-01,ricciardo,Daniel Ricciardo,Australian,RB F1 Team,12.0,13,0.0,53,Finished,17.0,1:24.219,False,False,False,-1.0
2024,16,Italian Grand Prix,Autodromo Nazionale di Monza,Italy,2024-09-01,ocon,Esteban Ocon,French,Alpine F1 Team,15.0,14,0.0,52,Lapped,18.0,1:24.343,False,False,False,1.0
2024,16,Italian Grand Prix,Autodromo Nazionale di Monza,Italy,2024-09-01,gasly,Pierre Gasly,French,Alpine F1 Team,14.0,15,0.0,52,Lapped,15.0,1:23.755,False,False,False,-1.0
2024,16,Italian Grand Prix,Autodromo Nazionale di Monza,Italy,2024-09-01,bottas,Valtteri Bottas,Finnish,Sauber,19.0,16,0.0,52,Lapped,13.0,1:23.609,False,False,False,3.0
2024,16,Italian Grand Prix,Autodromo Nazionale di Monza,Italy,2024-09-01,hulkenberg,Nico Hülkenberg,German,Haas F1 Team,10.0,17,0.0,52,Lapped,11.0,1:23.275,False,False,False,-7.0
2024,16,Italian Grand Prix,Autodromo Nazionale di Monza,Italy,2024-09-01,zhou,Guanyu Zhou,Chinese,Sauber,20.0,18,0.0,52,Lapped,19.0,1:25.092,False,False,False,2.0
2024,16,Italian Grand Prix,Autodromo Nazionale di Monza,Italy,2024-09-01,stroll,Lance Stroll,Canadian,Aston Martin,17.0,19,0.0,52,Lapped,6.0,1:22.232,False,False,False,-2.0
2024,16,Italian Grand Prix,Autodromo Nazionale di Monza,Italy,2024-09-01,tsunoda,Yuki Tsunoda,Japanese,RB F1 Team,16.0,20,0.0,7,Retired,20.0,1:26.198,True,False,False,-4.0
2024,17,Azerbaijan Grand Prix,Baku City Circuit,Azerbaijan,2024-09-15,piastri,Oscar Piastri,Australian,McLaren,2.0,1,25.0,51,Finished,9.0,1:47.060,False,True,True,1.0
2024,17,Azerbaijan Grand Prix,Baku City Circuit,Azerbaijan,2024-09-15,leclerc,Charles Leclerc,Monegasque,Ferrari,1.0,2,18.0,51,Finished,10.0,1:47.067,False,True,False,-1.0
2024,17,Azerbaijan Grand Prix,Baku City Circuit,Azerbaijan,2024-09-15,russell,George Russell,British,Mercedes,5.0,3,15.0,51,Finished,2.0,1:46.628,False,True,False,2.0
2024,17,Azerbaijan Grand Prix,Baku City Circuit,Azerbaijan,2024-09-15,norris,Lando Norris,British,McLaren,15.0,4,13.0,51,Finished,1.0,1:45.255,False,False,False,11.0
2024,17,Azerbaijan Grand Prix,Baku City Circuit,Azerbaijan,2024-09-15,max_verstappen,Max Verstappen,Dutch,Red Bull,6.0,5,10.0,51,Finished,3.0,1:46.798,False,False,False,1.0
2024,17,Azerbaijan Grand Prix,Baku City Circuit,Azerbaijan,2024-09-15,alonso,Fernando Alonso,Spanish,Aston Martin,7.0,6,8.0,51,Finished,8.0,1:47.057,False,False,False,1.0
2024,17,Azerbaijan Grand Prix,Baku City Circuit,Azerbaijan,2024-09-15,albon,Alexander Albon,Thai,Williams,9.0,7,6.0,51,Finished,5.0,1:46.947,False,False,False,2.0
2024,17,Azerbaijan Grand Prix,Baku City Circuit,Azerbaijan,2024-09-15,colapinto,Franco Colapinto,Argentine,Williams,8.0,8,4.0,51,Finished,12.0,1:47.274,False,False,False,0.0
2024,17,Azerbaijan Grand Prix,Baku City Circuit,Azerbaijan,2024-09-15,hamilton,Lewis Hamilton,British,Mercedes,19.0,9,2.0,51,Finished,11.0,1:47.236,False,False,False,10.0
2024,17,Azerbaijan Grand Prix,Baku City Circuit,Azerbaijan,2024-09-15,bearman,Oliver Bearman,British,Haas F1 Team,10.0,10,1.0,51,Finished,7.0,1:47.048,False,False,False,0.0
2024,17,Azerbaijan Grand Prix,Baku City Circuit,Azerbaijan,2024-09-15,hulkenberg,Nico Hülkenberg,German,Haas F1 Team,12.0,11,0.0,51,Finished,14.0,1:47.691,False,False,False,1.0
2024,17,Azerbaijan Grand Prix,Baku City Circuit,Azerbaijan,2024-09-15,gasly,Pierre Gasly,French,Alpine F1 Team,18.0,12,0.0,51,Finished,15.0,1:48.018,False,False,False,6.0
2024,17,Azerbaijan Grand Prix,Baku City Circuit,Azerbaijan,2024-09-15,ricciardo,Daniel Ricciardo,Australian,RB F1 Team,14.0,13,0.0,51,Finished,17.0,1:48.380,False,False,False,1.0
2024,17,Azerbaijan Grand Prix,Baku City Circuit,Azerbaijan,2024-09-15,zhou,Guanyu Zhou,Chinese,Sauber,17.0,14,0.0,51,Finished,13.0,1:47.644,False,False,False,3.0
2024,17,Azerbaijan Grand Prix,Baku City Circuit,Azerbaijan,2024-09-15,ocon,Esteban Ocon,French,Alpine F1 Team,20.0,15,0.0,50,Lapped,19.0,1:48.831,False,False,False,5.0
2024,17,Azerbaijan Grand Prix,Baku City Circuit,Azerbaijan,2024-09-15,bottas,Valtteri Bottas,Finnish,Sauber,16.0,16,0.0,50,Lapped,18.0,1:48.418,False,False,False,0.0
2024,17,Azerbaijan Grand Prix,Baku City Circuit,Azerbaijan,2024-09-15,perez,Sergio Pérez,Mexican,Red Bull,4.0,17,0.0,49,Retired,6.0,1:47.013,True,False,False,-13.0
2024,17,Azerbaijan Grand Prix,Baku City Circuit,Azerbaijan,2024-09-15,sainz,Carlos Sainz,Spanish,Ferrari,3.0,18,0.0,49,Retired,4.0,1:46.866,True,False,False,-15.0
2024,17,Azerbaijan Grand Prix,Baku City Circuit,Azerbaijan,2024-09-15,stroll,Lance Stroll,Canadian,Aston Martin,13.0,19,0.0,45,Retired,16.0,1:48.148,True,False,False,-6.0
2024,17,Azerbaijan Grand Prix,Baku City Circuit,Azerbaijan,2024-09-15,tsunoda,Yuki Tsunoda,Japanese,RB F1 Team,11.0,20,0.0,14,Retired,20.0,1:50.887,True,False,False,-9.0
2024,18,Singapore Grand Prix,Marina Bay Street Circuit,Singapore,2024-09-22,norris,Lando Norris,British,McLaren,1.0,1,25.0,62,Finished,2.0,1:34.925,False,True,True,0.0
2024,18,Singapore Grand Prix,Marina Bay Street Circuit,Singapore,2024-09-22,max_verstappen,Max Verstappen,Dutch,Red Bull,2.0,2,18.0,62,Finished,5.0,1:35.967,False,True,False,0.0
2024,18,Singapore Grand Prix,Marina Bay Street Circuit,Singapore,2024-09-22,piastri,Oscar Piastri,Australian,McLaren,5.0,3,15.0,62,Finished,4.0,1:35.745,False,True,False,2.0
2024,18,Singapore Grand Prix,Marina Bay Street Circuit,Singapore,2024-09-22,russell,George Russell,British,Mercedes,4.0,4,12.0,62,Finished,10.0,1:37.047,False,False,False,0.0
2024,18,Singapore Grand Prix,Marina Bay Street Circuit,Singapore,2024-09-22,leclerc,Charles Leclerc,Monegasque,Ferrari,9.0,5,10.0,62,Finished,3.0,1:35.371,False,False,False,4.0
2024,18,Singapore Grand Prix,Marina Bay Street Circuit,Singapore,2024-09-22,hamilton,Lewis Hamilton,British,Mercedes,3.0,6,8.0,62,Finished,12.0,1:37.393,False,False,False,-3.0
2024,18,Singapore Grand Prix,Marina Bay Street Circuit,Singapore,2024-09-22,sainz,Carlos Sainz,Spanish,Ferrari,10.0,7,6.0,62,Finished,7.0,1:36.561,False,False,False,3.0
2024,18,Singapore Grand Prix,Marina Bay Street Circuit,Singapore,2024-09-22,alonso,Fernando Alonso,Spanish,Aston Martin,7.0,8,4.0,61,Lapped,18.0,1:37.741,False,False,False,-1.0
2024,18,Singapore Grand Prix,Marina Bay Street Circuit,Singapore,2024-09-22,hulkenberg,Nico Hülkenberg,German,Haas F1 Team,6.0,9,2.0,61,Lapped,15.0,1:37.470,False,False,False,-3.0
2024,18,Singapore Grand Prix,Marina Bay Street Circuit,Singapore,2024-09-22,perez,Sergio Pérez,Mexican,Red Bull,13.0,10,1.0,61,Lapped,16.0,1:37.477,False,False,False,3.0
2024,18,Singapore Grand Prix,Marina Bay Street Circuit,Singapore,2024-09-22,colapinto,Franco Colapinto,Argentine,Williams,12.0,11,0.0,61,Lapped,11.0,1:37.262,False,False,False,1.0
2024,18,Singapore Grand Prix,Marina Bay Street Circuit,Singapore,2024-09-22,tsunoda,Yuki Tsunoda,Japanese,RB F1 Team,8.0,12,0.0,61,Lapped,6.0,1:36.393,False,False,False,-4.0
2024,18,Singapore Grand Prix,Marina Bay Street Circuit,Singapore,2024-09-22,ocon,Esteban Ocon,French,Alpine F1 Team,15.0,13,0.0,61,Lapped,20.0,1:37.964,False,False,False,2.0
2024,18,Singapore Grand Prix,Marina Bay Street Circuit,Singapore,2024-09-22,stroll,Lance Stroll,Canadian,Aston Martin,17.0,14,0.0,61,Lapped,19.0,1:37.851,False,False,False,3.0
2024,18,Singapore Grand Prix,Marina Bay Street Circuit,Singapore,2024-09-22,zhou,Guanyu Zhou,Chinese,Sauber,20.0,15,0.0,61,Lapped,14.0,1:37.461,False,False,False,5.0
2024,18,Singapore Grand Prix,Marina Bay Street Circuit,Singapore,2024-09-22,bottas,Valtteri Bottas,Finnish,Sauber,19.0,16,0.0,61,Lapped,17.0,1:37.524,False,False,False,3.0
2024,18,Singapore Grand Prix,Marina Bay Street Circuit,Singapore,2024-09-22,gasly,Pierre Gasly,French,Alpine F1 Team,18.0,17,0.0,61,Lapped,9.0,1:36.927,False,False,False,1.0
2024,18,Singapore Grand Prix,Marina Bay Street Circuit,Singapore,2024-09-22,ricciardo,Daniel Ricciardo,Australian,RB F1 Team,16.0,18,0.0,61,Lapped,1.0,1:34.486,False,False,False,-2.0
2024,18,Singapore Grand Prix,Marina Bay Street Circuit,Singapore,2024-09-22,kevin_magnussen,Kevin Magnussen,Danish,Haas F1 Team,14.0,19,0.0,57,Retired,13.0,1:37.425,True,False,False,-5.0
2024,18,Singapore Grand Prix,Marina Bay Street Circuit,Singapore,2024-09-22,albon,Alexander Albon,Thai,Williams,11.0,20,0.0,15,Retired,8.0,1:36.888,True,False,False,-9.0
2024,19,United States Grand Prix,Circuit of the Americas,USA,2024-10-20,leclerc,Charles Leclerc,Monegasque,Ferrari,4.0,1,25.0,56,Finished,6.0,1:37.834,False,True,True,3.0
2024,19,United States Grand Prix,Circuit of the Americas,USA,2024-10-20,sainz,Carlos Sainz,Spanish,Ferrari,3.0,2,18.0,56,Finished,5.0,1:37.763,False,True,False,1.0
2024,19,United States Grand Prix,Circuit of the Americas,USA,2024-10-20,max_verstappen,Max Verstappen,Dutch,Red Bull,2.0,3,15.0,56,Finished,9.0,1:38.117,False,True,False,-1.0
2024,19,United States Grand Prix,Circuit of the Americas,USA,2024-10-20,norris,Lando Norris,British,McLaren,1.0,4,12.0,56,Finished,4.0,1:37.679,False,False,False,-3.0
2024,19,United States Grand Prix,Circuit of the Americas,USA,2024-10-20,piastri,Oscar Piastri,Australian,McLaren,5.0,5,10.0,56,Finished,7.0,1:37.883,False,False,False,0.0
2024,19,United States Grand Prix,Circuit of the Americas,USA,2024-10-20,russell,George Russell,British,Mercedes,20.0,6,8.0,56,Finished,3.0,1:37.656,False,False,False,14.0
2024,19,United States Grand Prix,Circuit of the Americas,USA,2024-10-20,perez,Sergio Pérez,Mexican,Red Bull,9.0,7,6.0,56,Finished,13.0,1:38.514,False,False,False,2.0
2024,19,United States Grand Prix,Circuit of the Americas,USA,2024-10-20,hulkenberg,Nico Hülkenberg,German,Haas F1 Team,11.0,8,4.0,56,Finished,12.0,1:38.404,False,False,False,3.0
2024,19,United States Grand Prix,Circuit of the Americas,USA,2024-10-20,lawson,Liam Lawson,New Zealander,RB F1 Team,19.0,9,2.0,56,Finished,8.0,1:38.091,False,False,False,10.0
2024,19,United States Grand Prix,Circuit of the Americas,USA,2024-10-20,colapinto,Franco Colapinto,Argentine,Williams,15.0,10,1.0,56,Finished,2.0,1:37.611,False,False,False,5.0
2024,19,United States Grand Prix,Circuit of the Americas,USA,2024-10-20,kevin_magnussen,Kevin Magnussen,Danish,Haas F1 Team,8.0,11,0.0,56,Finished,10.0,1:38.210,False,False,False,-3.0
2024,19,United States Grand Prix,Circuit of the Americas,USA,2024-10-20,gasly,Pierre Gasly,French,Alpine F1 Team,6.0,12,0.0,56,Finished,11.0,1:38.311,False,False,False,-6.0
2024,19,United States Grand Prix,Circuit of the Americas,USA,2024-10-20,alonso,Fernando Alonso,Spanish,Aston Martin,7.0,13,0.0,55,Lapped,17.0,1:39.261,False,False,False,-6.0
2024,19,United States Grand Prix,Circuit of the Americas,USA,2024-10-20,tsunoda,Yuki Tsunoda,Japanese,RB F1 Team,10.0,14,0.0,55,Lapped,15.0,1:39.193,False,False,False,-4.0
2024,19,United States Grand Prix,Circuit of the Americas,USA,2024-10-20,stroll,Lance Stroll,Canadian,Aston Martin,13.0,15,0.0,55,Lapped,16.0,1:39.214,False,False,False,-2.0
2024,19,United States Grand Prix,Circuit of the Americas,USA,2024-10-20,albon,Alexander Albon,Thai,Williams,14.0,16,0.0,55,Lapped,14.0,1:39.084,False,False,False,-2.0
2024,19,United States Grand Prix,Circuit of the Americas,USA,2024-10-20,bottas,Valtteri Bottas,Finnish,Sauber,16.0,17,0.0,55,Lapped,19.0,1:40.575,False,False,False,-1.0
2024,19,United States Grand Prix,Circuit of the Americas,USA,2024-10-20,ocon,Esteban Ocon,French,Alpine F1 Team,12.0,18,0.0,55,Lapped,1.0,1:37.330,False,False,False,-6.0
2024,19,United States Grand Prix,Circuit of the Americas,USA,2024-10-20,zhou,Guanyu Zhou,Chinese,Sauber,18.0,19,0.0,55,Lapped,18.0,1:39.272,False,False,False,-1.0
2024,19,United States Grand Prix,Circuit of the Americas,USA,2024-10-20,hamilton,Lewis Hamilton,British,Mercedes,17.0,20,0.0,1,Retired,,,True,False,False,-3.0
2024,20,Mexico City Grand Prix,Autódromo Hermanos Rodríguez,Mexico,2024-10-27,sainz,Carlos Sainz,Spanish,Ferrari,1.0,1,25.0,71,Finished,7.0,1:20.137,False,True,True,0.0
2024,20,Mexico City Grand Prix,Autódromo Hermanos Rodríguez,Mexico,2024-10-27,norris,Lando Norris,British,McLaren,3.0,2,18.0,71,Finished,4.0,1:19.691,False,True,False,1.0
2024,20,Mexico City Grand Prix,Autódromo Hermanos Rodríguez,Mexico,2024-10-27,leclerc,Charles Leclerc,Monegasque,Ferrari,4.0,3,16.0,71,Finished,1.0,1:18.336,False,True,False,1.0
2024,20,Mexico City Grand Prix,Autódromo Hermanos Rodríguez,Mexico,2024-10-27,hamilton,Lewis Hamilton,British,Mercedes,6.0,4,12.0,71,Finished,8.0,1:20.371,False,False,False,2.0
2024,20,Mexico City Grand Prix,Autódromo Hermanos Rodríguez,Mexico,2024-10-27,russell,George Russell,British,Mercedes,5.0,5,10.0,71,Finished,11.0,1:20.731,False,False,False,0.0
2024,20,Mexico City Grand Prix,Autódromo Hermanos Rodríguez,Mexico,2024-10-27,max_verstappen,Max Verstappen,Dutch,Red Bull,2.0,6,8.0,71,Finished,13.0,1:20.872,False,False,False,-4.0
2024,20,Mexico City Grand Prix,Autódromo Hermanos Rodríguez,Mexico,2024-10-27,kevin_magnussen,Kevin Magnussen,Danish,Haas F1 Team,7.0,7,6.0,71,Finished,9.0,1:20.637,False,False,False,0.0
2024,20,Mexico City Grand Prix,Autódromo Hermanos Rodríguez,Mexico,2024-10-27,piastri,Oscar Piastri,Australian,McLaren,17.0,8,4.0,71,Finished,5.0,1:20.064,False,False,False,9.0
2024,20,Mexico City Grand Prix,Autódromo Hermanos Rodríguez,Mexico,2024-10-27,hulkenberg,Nico Hülkenberg,German,Haas F1 Team,10.0,9,2.0,70,Lapped,12.0,1:20.748,False,False,False,1.0
2024,20,Mexico City Grand Prix,Autódromo Hermanos Rodríguez,Mexico,2024-10-27,gasly,Pierre Gasly,French,Alpine F1 Team,8.0,10,1.0,70,Lapped,15.0,1:21.274,False,False,False,-2.0
2024,20,Mexico City Grand Prix,Autódromo Hermanos Rodríguez,Mexico,2024-10-27,stroll,Lance Stroll,Canadian,Aston Martin,14.0,11,0.0,70,Lapped,16.0,1:21.311,False,False,False,3.0
2024,20,Mexico City Grand Prix,Autódromo Hermanos Rodríguez,Mexico,2024-10-27,colapinto,Franco Colapinto,Argentine,Williams,16.0,12,0.0,70,Lapped,6.0,1:20.090,False,False,False,4.0
2024,20,Mexico City Grand Prix,Autódromo Hermanos Rodríguez,Mexico,2024-10-27,ocon,Esteban Ocon,French,Alpine F1 Team,,13,0.0,70,Lapped,10.0,1:20.659,False,False,False,
2024,20,Mexico City Grand Prix,Autódromo Hermanos Rodríguez,Mexico,2024-10-27,bottas,Valtteri Bottas,Finnish,Sauber,15.0,14,0.0,70,Lapped,14.0,1:21.085,False,False,False,1.0
2024,20,Mexico City Grand Prix,Autódromo Hermanos Rodríguez,Mexico,2024-10-27,zhou,Guanyu Zhou,Chinese,Sauber,19.0,15,0.0,70,Lapped,17.0,1:21.553,False,False,False,4.0
2024,20,Mexico City Grand Prix,Autódromo Hermanos Rodríguez,Mexico,2024-10-27,lawson,Liam Lawson,New Zealander,RB F1 Team,12.0,16,0.0,70,Lapped,3.0,1:19.502,False,False,False,-4.0
2024,20,Mexico City Grand Prix,Autódromo Hermanos Rodríguez,Mexico,2024-10-27,perez,Sergio Pérez,Mexican,Red Bull,18.0,17,0.0,70,Lapped,2.0,1:19.209,False,False,False,1.0
2024,20,Mexico City Grand Prix,Autódromo Hermanos Rodríguez,Mexico,2024-10-27,alonso,Fernando Alonso,Spanish,Aston Martin,13.0,18,0.0,15,Retired,18.0,1:22.722,True,False,False,-5.0
2024,20,Mexico City Grand Prix,Autódromo Hermanos Rodríguez,Mexico,2024-10-27,albon,Alexander Albon,Thai,Williams,9.0,19,0.0,0,Retired,,,True,False,False,-10.0
2024,20,Mexico City Grand Prix,Autódromo Hermanos Rodríguez,Mexico,2024-10-27,tsunoda,Yuki Tsunoda,Japanese,RB F1 Team,11.0,20,0.0,0,Retired,,,True,False,False,-9.0
2024,21,São Paulo Grand Prix,Autódromo José Carlos Pace,Brazil,2024-11-03,max_verstappen,Max Verstappen,Dutch,Red Bull,17.0,1,26.0,69,Finished,1.0,1:20.472,False,True,True,16.0
2024,21,São Paulo Grand Prix,Autódromo José Carlos Pace,Brazil,2024-11-03,ocon,Esteban Ocon,French,Alpine F1 Team,4.0,2,18.0,69,Finished,7.0,1:21.771,False,True,False,2.0
2024,21,São Paulo Grand Prix,Autódromo José Carlos Pace,Brazil,2024-11-03,gasly,Pierre Gasly,French,Alpine F1 Team,13.0,3,15.0,69,Finished,5.0,1:21.645,False,True,False,10.0
2024,21,São Paulo Grand Prix,Autódromo José Carlos Pace,Brazil,2024-11-03,russell,George Russell,British,Mercedes,2.0,4,12.0,69,Finished,6.0,1:21.645,False,False,False,-2.0
2024,21,São Paulo Grand Prix,Autódromo José Carlos Pace,Brazil,2024-11-03,leclerc,Charles Leclerc,Monegasque,Ferrari,6.0,5,10.0,69,Finished,4.0,1:21.631,False,False,False,1.0
2024,21,São Paulo Grand Prix,Autódromo José Carlos Pace,Brazil,2024-11-03,norris,Lando Norris,British,McLaren,1.0,6,8.0,69,Finished,2.0,1:21.517,False,False,False,-5.0
2024,21,São Paulo Grand Prix,Autódromo José Carlos Pace,Brazil,2024-11-03,tsunoda,Yuki Tsunoda,Japanese,RB F1 Team,3.0,7,6.0,69,Finished,8.0,1:21.828,False,False,False,-4.0
2024,21,São Paulo Grand Prix,Autódromo José Carlos Pace,Brazil,2024-11-03,piastri,Oscar Piastri,Australian,McLaren,8.0,8,4.0,69,Finished,3.0,1:21.532,False,False,False,0.0
2024,21,São Paulo Grand Prix,Autódromo José Carlos Pace,Brazil,2024-11-03,lawson,Liam Lawson,New Zealander,RB F1 Team,5.0,9,2.0,69,Finished,10.0,1:22.123,False,False,False,-4.0
2024,21,São Paulo Grand Prix,Autódromo José Carlos Pace,Brazil,2024-11-03,hamilton,Lewis Hamilton,British,Mercedes,14.0,10,1.0,69,Finished,9.0,1:22.041,False,False,False,4.0
2024,21,São Paulo Grand Prix,Autódromo José Carlos Pace,Brazil,2024-11-03,perez,Sergio Pérez,Mexican,Red Bull,12.0,11,0.0,69,Finished,11.0,1:22.143,False,False,False,1.0
2024,21,São Paulo Grand Prix,Autódromo José Carlos Pace,Brazil,2024-11-03,bearman,Oliver Bearman,British,Haas F1 Team,15.0,12,0.0,69,Finished,13.0,1:22.494,False,False,False,3.0
2024,21,São Paulo Grand Prix,Autódromo José Carlos Pace,Brazil,2024-11-03,bottas,Valtteri Bottas,Finnish,Sauber,11.0,13,0.0,69,Finished,14.0,1:22.877,False,False,False,-2.0
2024,21,São Paulo Grand Prix,Autódromo José Carlos Pace,Brazil,2024-11-03,alonso,Fernando Alonso,Spanish,Aston Martin,9.0,14,0.0,69,Finished,12.0,1:22.293,False,False,False,-5.0
2024,21,São Paulo Grand Prix,Autódromo José Carlos Pace,Brazil,2024-11-03,zhou,Guanyu Zhou,Chinese,Sauber,19.0,15,0.0,69,Finished,15.0,1:23.058,False,False,False,4.0
2024,21,São Paulo Grand Prix,Autódromo José Carlos Pace,Brazil,2024-11-03,sainz,Carlos Sainz,Spanish,Ferrari,20.0,16,0.0,38,Retired,16.0,1:24.201,True,False,False,4.0
2024,21,São Paulo Grand Prix,Autódromo José Carlos Pace,Brazil,2024-11-03,colapinto,Franco Colapinto,Argentine,Williams,16.0,17,0.0,30,Retired,17.0,1:24.296,True,False,False,-1.0
2024,21,São Paulo Grand Prix,Autódromo José Carlos Pace,Brazil,2024-11-03,albon,Alexander Albon,Thai,Williams,7.0,18,0.0,0,Did not start,,,True,False,False,-11.0
2024,21,São Paulo Grand Prix,Autódromo José Carlos Pace,Brazil,2024-11-03,stroll,Lance Stroll,Canadian,Aston Martin,10.0,19,0.0,0,Did not start,,,True,False,False,-9.0
2024,21,São Paulo Grand Prix,Autódromo José Carlos Pace,Brazil,2024-11-03,hulkenberg,Nico Hülkenberg,German,Haas F1 Team,18.0,20,0.0,0,Disqualified,,,True,False,False,-2.0
2024,22,Las Vegas Grand Prix,Las Vegas Strip Street Circuit,USA,2024-11-23,russell,George Russell,British,Mercedes,1.0,1,25.0,50,Finished,4.0,1:35.717,False,True,True,0.0
2024,22,Las Vegas Grand Prix,Las Vegas Strip Street Circuit,USA,2024-11-23,hamilton,Lewis Hamilton,British,Mercedes,10.0,2,18.0,50,Finished,2.0,1:35.480,False,True,False,8.0
2024,22,Las Vegas Grand Prix,Las Vegas Strip Street Circuit,USA,2024-11-23,sainz,Carlos Sainz,Spanish,Ferrari,2.0,3,15.0,50,Finished,5.0,1:35.875,False,True,False,-1.0
2024,22,Las Vegas Grand Prix,Las Vegas Strip Street Circuit,USA,2024-11-23,leclerc,Charles Leclerc,Monegasque,Ferrari,4.0,4,12.0,50,Finished,3.0,1:35.674,False,False,False,0.0
2024,22,Las Vegas Grand Prix,Las Vegas Strip Street Circuit,USA,2024-11-23,max_verstappen,Max Verstappen,Dutch,Red Bull,5.0,5,10.0,50,Finished,6.0,1:36.248,False,False,False,0.0
2024,22,Las Vegas Grand Prix,Las Vegas Strip Street Circuit,USA,2024-11-23,norris,Lando Norris,British,McLaren,6.0,6,9.0,50,Finished,1.0,1:34.876,False,False,False,0.0
2024,22,Las Vegas Grand Prix,Las Vegas Strip Street Circuit,USA,2024-11-23,piastri,Oscar Piastri,Australian,McLaren,8.0,7,6.0,50,Finished,13.0,1:36.598,False,False,False,1.0
2024,22,Las Vegas Grand Prix,Las Vegas Strip Street Circuit,USA,2024-11-23,hulkenberg,Nico Hülkenberg,German,Haas F1 Team,9.0,8,4.0,50,Finished,12.0,1:36.585,False,False,False,1.0
2024,22,Las Vegas Grand Prix,Las Vegas Strip Street Circuit,USA,2024-11-23,tsunoda,Yuki Tsunoda,Japanese,RB F1 Team,7.0,9,2.0,50,Finished,16.0,1:36.957,False,False,False,-2.0
2024,22,Las Vegas Grand Prix,Las Vegas Strip Street Circuit,USA,2024-11-23,perez,Sergio Pérez,Mexican,Red Bull,15.0,10,1.0,50,Finished,8.0,1:36.326,False,False,False,5.0
2024,22,Las Vegas Grand Prix,Las Vegas Strip Street Circuit,USA,2024-11-23,alonso,Fernando Alonso,Spanish,Aston Martin,16.0,11,0.0,50,Finished,10.0,1:36.553,False,False,False,5.0
2024,22,Las Vegas Grand Prix,Las Vegas Strip Street Circuit,USA,2024-11-23,kevin_magnussen,Kevin Magnussen,Danish,Haas F1 Team,12.0,12,0.0,50,Finished,11.0,1:36.557,False,False,False,0.0
2024,22,Las Vegas Grand Prix,Las Vegas Strip Street Circuit,USA,2024-11-23,zhou,Guanyu Zhou,Chinese,Sauber,13.0,13,0.0,50,Finished,7.0,1:36.324,False,False,False,0.0
2024,22,Las Vegas Grand Prix,Las Vegas Strip Street Circuit,USA,2024-11-23,colapinto,Franco Colapinto,Argentine,Williams,20.0,14,0.0,50,Finished,15.0,1:36.867,False,False,False,6.0
2024,22,Las Vegas Grand Prix,Las Vegas Strip Street Circuit,USA,2024-11-23,stroll,Lance Stroll,Canadian,Aston Martin,18.0,15,0.0,50,Finished,18.0,1:37.179,False,False,False,3.0
2024,22,Las Vegas Grand Prix,Las Vegas Strip Street Circuit,USA,2024-11-23,lawson,Liam Lawson,New Zealander,RB F1 Team,14.0,16,0.0,50,Finished,17.0,1:36.980,False,False,False,-2.0
2024,22,Las Vegas Grand Prix,Las Vegas Strip Street Circuit,USA,2024-11-23,ocon,Esteban Ocon,French,Alpine F1 Team,11.0,17,0.0,49,Lapped,9.0,1:36.511,False,False,False,-6.0
2024,22,Las Vegas Grand Prix,Las Vegas Strip Street Circuit,USA,2024-11-23,bottas,Valtteri Bottas,Finnish,Sauber,19.0,18,0.0,49,Lapped,14.0,1:36.601,False,False,False,1.0
2024,22,Las Vegas Grand Prix,Las Vegas Strip Street Circuit,USA,2024-11-23,albon,Alexander Albon,Thai,Williams,17.0,19,0.0,25,Retired,19.0,1:38.008,True,False,False,-2.0
2024,22,Las Vegas Grand Prix,Las Vegas Strip Street Circuit,USA,2024-11-23,gasly,Pierre Gasly,French,Alpine F1 Team,3.0,20,0.0,15,Retired,20.0,1:38.314,True,False,False,-17.0
2024,23,Qatar Grand Prix,Losail International Circuit,Qatar,2024-12-01,max_verstappen,Max Verstappen,Dutch,Red Bull,2.0,1,25.0,57,Finished,2.0,1:22.905,False,True,True,1.0
2024,23,Qatar Grand Prix,Losail International Circuit,Qatar,2024-12-01,leclerc,Charles Leclerc,Monegasque,Ferrari,5.0,2,18.0,57,Finished,4.0,1:23.242,False,True,False,3.0
2024,23,Qatar Grand Prix,Losail International Circuit,Qatar,2024-12-01,piastri,Oscar Piastri,Australian,McLaren,4.0,3,15.0,57,Finished,3.0,1:23.218,False,True,False,1.0
2024,23,Qatar Grand Prix,Losail International Circuit,Qatar,2024-12-01,russell,George Russell,British,Mercedes,1.0,4,12.0,57,Finished,5.0,1:23.355,False,False,False,-3.0
2024,23,Qatar Grand Prix,Losail International Circuit,Qatar,2024-12-01,gasly,Pierre Gasly,French,Alpine F1 Team,11.0,5,10.0,57,Finished,8.0,1:23.705,False,False,False,6.0
2024,23,Qatar Grand Prix,Losail International Circuit,Qatar,2024-12-01,sainz,Carlos Sainz,Spanish,Ferrari,7.0,6,8.0,57,Finished,6.0,1:23.465,False,False,False,1.0
2024,23,Qatar Grand Prix,Losail International Circuit,Qatar,2024-12-01,alonso,Fernando Alonso,Spanish,Aston Martin,8.0,7,6.0,57,Finished,7.0,1:23.667,False,False,False,1.0
2024,23,Qatar Grand Prix,Losail International Circuit,Qatar,2024-12-01,zhou,Guanyu Zhou,Chinese,Sauber,12.0,8,4.0,57,Finished,10.0,1:23.889,False,False,False,4.0
2024,23,Qatar Grand Prix,Losail International Circuit,Qatar,2024-12-01,kevin_magnussen,Kevin Magnussen,Danish,Haas F1 Team,10.0,9,2.0,57,Finished,11.0,1:24.259,False,False,False,1.0
2024,23,Qatar Grand Prix,Losail International Circuit,Qatar,2024-12-01,norris,Lando Norris,British,McLaren,3.0,10,2.0,57,Finished,1.0,1:22.384,False,False,False,-7.0
2024,23,Qatar Grand Prix,Losail International Circuit,Qatar,2024-12-01,bottas,Valtteri Bottas,Finnish,Sauber,13.0,11,0.0,57,Finished,13.0,1:25.533,False,False,False,2.0
2024,23,Qatar Grand Prix,Losail International Circuit,Qatar,2024-12-01,hamilton,Lewis Hamilton,British,Mercedes,6.0,12,0.0,57,Finished,9.0,1:23.865,False,False,False,-6.0
2024,23,Qatar Grand Prix,Losail International Circuit,Qatar,2024-12-01,tsunoda,Yuki Tsunoda,Japanese,RB F1 Team,14.0,13,0.0,57,Finished,17.0,1:26.144,False,False,False,1.0
2024,23,Qatar Grand Prix,Losail International Circuit,Qatar,2024-12-01,lawson,Liam Lawson,New Zealander,RB F1 Team,17.0,14,0.0,57,Finished,16.0,1:26.076,False,False,False,3.0
2024,23,Qatar Grand Prix,Losail International Circuit,Qatar,2024-12-01,albon,Alexander Albon,Thai,Williams,16.0,15,0.0,56,Lapped,14.0,1:25.559,False,False,False,1.0
2024,23,Qatar Grand Prix,Losail International Circuit,Qatar,2024-12-01,hulkenberg,Nico Hülkenberg,German,Haas F1 Team,18.0,16,0.0,39,Retired,15.0,1:25.767,True,False,False,2.0
2024,23,Qatar Grand Prix,Losail International Circuit,Qatar,2024-12-01,perez,Sergio Pérez,Mexican,Red Bull,9.0,17,0.0,38,Retired,12.0,1:25.288,True,False,False,-8.0
2024,23,Qatar Grand Prix,Losail International Circuit,Qatar,2024-12-01,stroll,Lance Stroll,Canadian,Aston Martin,15.0,18,0.0,8,Retired,18.0,1:30.935,True,False,False,-3.0
2024,23,Qatar Grand Prix,Losail International Circuit,Qatar,2024-12-01,colapinto,Franco Colapinto,Argentine,Williams,19.0,19,0.0,0,Retired,,,True,False,False,0.0
2024,23,Qatar Grand Prix,Losail International Circuit,Qatar,2024-12-01,ocon,Esteban Ocon,French,Alpine F1 Team,20.0,20,0.0,0,Retired,,,True,False,False,0.0
2024,24,Abu Dhabi Grand Prix,Yas Marina Circuit,UAE,2024-12-08,norris,Lando Norris,British,McLaren,1.0,1,25.0,58,Finished,3.0,1:27.438,False,True,True,0.0
2024,24,Abu Dhabi Grand Prix,Yas Marina Circuit,UAE,2024-12-08,sainz,Carlos Sainz,Spanish,Ferrari,3.0,2,18.0,58,Finished,5.0,1:27.765,False,True,False,1.0
2024,24,Abu Dhabi Grand Prix,Yas Marina Circuit,UAE,2024-12-08,leclerc,Charles Leclerc,Monegasque,Ferrari,19.0,3,15.0,58,Finished,9.0,1:28.018,False,True,False,16.0
2024,24,Abu Dhabi Grand Prix,Yas Marina Circuit,UAE,2024-12-08,hamilton,Lewis Hamilton,British,Mercedes,16.0,4,12.0,58,Finished,2.0,1:27.278,False,False,False,12.0
2024,24,Abu Dhabi Grand Prix,Yas Marina Circuit,UAE,2024-12-08,russell,George Russell,British,Mercedes,6.0,5,10.0,58,Finished,10.0,1:28.195,False,False,False,1.0
2024,24,Abu Dhabi Grand Prix,Yas Marina Circuit,UAE,2024-12-08,max_verstappen,Max Verstappen,Dutch,Red Bull,4.0,6,8.0,58,Finished,6.0,1:27.765,False,False,False,-2.0
2024,24,Abu Dhabi Grand Prix,Yas Marina Circuit,UAE,2024-12-08,gasly,Pierre Gasly,French,Alpine F1 Team,5.0,7,6.0,58,Finished,16.0,1:29.251,False,False,False,-2.0
2024,24,Abu Dhabi Grand Prix,Yas Marina Circuit,UAE,2024-12-08,hulkenberg,Nico Hülkenberg,German,Haas F1 Team,7.0,8,4.0,58,Finished,14.0,1:29.152,False,False,False,-1.0
2024,24,Abu Dhabi Grand Prix,Yas Marina Circuit,UAE,2024-12-08,alonso,Fernando Alonso,Spanish,Aston Martin,8.0,9,2.0,58,Finished,7.0,1:27.948,False,False,False,-1.0
2024,24,Abu Dhabi Grand Prix,Yas Marina Circuit,UAE,2024-12-08,piastri,Oscar Piastri,Australian,McLaren,2.0,10,1.0,58,Finished,4.0,1:27.690,False,False,False,-8.0
2024,24,Abu Dhabi Grand Prix,Yas Marina Circuit,UAE,2024-12-08,albon,Alexander Albon,Thai,Williams,18.0,11,0.0,57,Lapped,18.0,1:29.438,False,False,False,7.0
2024,24,Abu Dhabi Grand Prix,Yas Marina Circuit,UAE,2024-12-08,tsunoda,Yuki Tsunoda,Japanese,RB F1 Team,11.0,12,0.0,57,Lapped,15.0,1:29.200,False,False,False,-1.0
2024,24,Abu Dhabi Grand Prix,Yas Marina Circuit,UAE,2024-12-08,zhou,Guanyu Zhou,Chinese,Sauber,15.0,13,0.0,57,Lapped,8.0,1:27.982,False,False,False,2.0
2024,24,Abu Dhabi Grand Prix,Yas Marina Circuit,UAE,2024-12-08,stroll,Lance Stroll,Canadian,Aston Martin,13.0,14,0.0,57,Lapped,11.0,1:28.604,False,False,False,-1.0
2024,24,Abu Dhabi Grand Prix,Yas Marina Circuit,UAE,2024-12-08,doohan,Jack Doohan,Australian,Alpine F1 Team,17.0,15,0.0,57,Lapped,13.0,1:29.121,False,False,False,2.0
2024,24,Abu Dhabi Grand Prix,Yas Marina Circuit,UAE,2024-12-08,kevin_magnussen,Kevin Magnussen,Danish,Haas F1 Team,14.0,16,0.0,57,Lapped,1.0,1:25.637,False,False,False,-2.0
2024,24,Abu Dhabi Grand Prix,Yas Marina Circuit,UAE,2024-12-08,lawson,Liam Lawson,New Zealander,RB F1 Team,12.0,17,0.0,55,Retired,12.0,1:28.751,True,False,False,-5.0
2024,24,Abu Dhabi Grand Prix,Yas Marina Circuit,UAE,2024-12-08,bottas,Valtteri Bottas,Finnish,Sauber,9.0,18,0.0,30,Retired,19.0,1:29.482,True,False,False,-9.0
2024,24,Abu Dhabi Grand Prix,Yas Marina Circuit,UAE,2024-12-08,colapinto,Franco Colapinto,Argentine,Williams,20.0,19,0.0,26,Retired,17.0,1:29.411,True,False,False,1.0
2024,24,Abu Dhabi Grand Prix,Yas Marina Circuit,UAE,2024-12-08,perez,Sergio Pérez,Mexican,Red Bull,10.0,20,0.0,0,Retired,,,True,False,False,-10.0
